solid ASCII
  facet normal -7.071068e-01 0.000000e+00 7.071068e-01
    outer loop
      vertex   -6.420696e+01 3.783986e+02 5.000000e+00
      vertex   -6.720696e+01 3.783986e+02 2.000000e+00
      vertex   -6.420696e+01 3.013540e+02 5.000000e+00
    endloop
  endfacet
  facet normal -7.071068e-01 0.000000e+00 7.071068e-01
    outer loop
      vertex   -6.420696e+01 3.013540e+02 5.000000e+00
      vertex   -6.720696e+01 3.783986e+02 2.000000e+00
      vertex   -6.720696e+01 3.013540e+02 2.000000e+00
    endloop
  endfacet
  facet normal -1.000000e+00 0.000000e+00 0.000000e+00
    outer loop
      vertex   -6.720696e+01 2.973540e+02 4.581569e+01
      vertex   -6.720696e+01 3.013540e+02 4.181569e+01
      vertex   -6.720696e+01 2.973540e+02 0.000000e+00
    endloop
  endfacet
  facet normal -1.000000e+00 0.000000e+00 0.000000e+00
    outer loop
      vertex   -6.720696e+01 2.973540e+02 0.000000e+00
      vertex   -6.720696e+01 3.013540e+02 4.181569e+01
      vertex   -6.720696e+01 3.013540e+02 2.000000e+00
    endloop
  endfacet
  facet normal -1.000000e+00 0.000000e+00 0.000000e+00
    outer loop
      vertex   -6.720696e+01 2.973540e+02 0.000000e+00
      vertex   -6.720696e+01 3.013540e+02 2.000000e+00
      vertex   -6.720696e+01 3.783986e+02 2.000000e+00
    endloop
  endfacet
  facet normal -1.000000e+00 0.000000e+00 0.000000e+00
    outer loop
      vertex   -6.720696e+01 2.973540e+02 0.000000e+00
      vertex   -6.720696e+01 3.783986e+02 2.000000e+00
      vertex   -6.720696e+01 3.823986e+02 0.000000e+00
    endloop
  endfacet
  facet normal -1.000000e+00 0.000000e+00 0.000000e+00
    outer loop
      vertex   -6.720696e+01 3.823986e+02 0.000000e+00
      vertex   -6.720696e+01 3.783986e+02 2.000000e+00
      vertex   -6.720696e+01 3.783986e+02 4.182344e+01
    endloop
  endfacet
  facet normal -1.000000e+00 0.000000e+00 0.000000e+00
    outer loop
      vertex   -6.720696e+01 3.823986e+02 0.000000e+00
      vertex   -6.720696e+01 3.783986e+02 4.182344e+01
      vertex   -6.720696e+01 3.823986e+02 4.582344e+01
    endloop
  endfacet
  facet normal 0.000000e+00 1.000000e+00 0.000000e+00
    outer loop
      vertex   -3.382021e+00 3.013540e+02 3.421659e+01
      vertex   -3.296836e+00 3.013540e+02 3.486364e+01
      vertex   5.164334e+01 3.013540e+02 4.181569e+01
    endloop
  endfacet
  facet normal 0.000000e+00 1.000000e+00 0.000000e+00
    outer loop
      vertex   5.164334e+01 3.013540e+02 4.181569e+01
      vertex   -3.296836e+00 3.013540e+02 3.486364e+01
      vertex   -3.382021e+00 3.013540e+02 3.551068e+01
    endloop
  endfacet
  facet normal 0.000000e+00 1.000000e+00 0.000000e+00
    outer loop
      vertex   5.164334e+01 3.013540e+02 4.181569e+01
      vertex   -3.382021e+00 3.013540e+02 3.551068e+01
      vertex   -3.631772e+00 3.013540e+02 3.611364e+01
    endloop
  endfacet
  facet normal 0.000000e+00 1.000000e+00 -0.000000e+00
    outer loop
      vertex   -3.631772e+00 3.013540e+02 3.611364e+01
      vertex   -4.029069e+00 3.013540e+02 3.663140e+01
      vertex   5.164334e+01 3.013540e+02 4.181569e+01
    endloop
  endfacet
  facet normal 0.000000e+00 1.000000e+00 0.000000e+00
    outer loop
      vertex   5.164334e+01 3.013540e+02 4.181569e+01
      vertex   -4.029069e+00 3.013540e+02 3.663140e+01
      vertex   -4.546836e+00 3.013540e+02 3.702870e+01
    endloop
  endfacet
  facet normal 0.000000e+00 1.000000e+00 0.000000e+00
    outer loop
      vertex   5.164334e+01 3.013540e+02 4.181569e+01
      vertex   -4.546836e+00 3.013540e+02 3.702870e+01
      vertex   -5.149788e+00 3.013540e+02 3.727845e+01
    endloop
  endfacet
  facet normal 0.000000e+00 1.000000e+00 -0.000000e+00
    outer loop
      vertex   -5.149788e+00 3.013540e+02 3.727845e+01
      vertex   -5.796836e+00 3.013540e+02 3.736364e+01
      vertex   5.164334e+01 3.013540e+02 4.181569e+01
    endloop
  endfacet
  facet normal 0.000000e+00 1.000000e+00 0.000000e+00
    outer loop
      vertex   5.164334e+01 3.013540e+02 4.181569e+01
      vertex   -5.796836e+00 3.013540e+02 3.736364e+01
      vertex   -6.720696e+01 3.013540e+02 4.181569e+01
    endloop
  endfacet
  facet normal 0.000000e+00 1.000000e+00 0.000000e+00
    outer loop
      vertex   -6.720696e+01 3.013540e+02 4.181569e+01
      vertex   -5.796836e+00 3.013540e+02 3.736364e+01
      vertex   -6.443883e+00 3.013540e+02 3.727845e+01
    endloop
  endfacet
  facet normal 0.000000e+00 1.000000e+00 0.000000e+00
    outer loop
      vertex   -6.720696e+01 3.013540e+02 4.181569e+01
      vertex   -6.443883e+00 3.013540e+02 3.727845e+01
      vertex   -7.046836e+00 3.013540e+02 3.702870e+01
    endloop
  endfacet
  facet normal 0.000000e+00 1.000000e+00 0.000000e+00
    outer loop
      vertex   -7.046836e+00 3.013540e+02 3.702870e+01
      vertex   -7.564603e+00 3.013540e+02 3.663140e+01
      vertex   -6.720696e+01 3.013540e+02 4.181569e+01
    endloop
  endfacet
  facet normal 0.000000e+00 1.000000e+00 0.000000e+00
    outer loop
      vertex   -6.720696e+01 3.013540e+02 4.181569e+01
      vertex   -7.564603e+00 3.013540e+02 3.663140e+01
      vertex   -7.961899e+00 3.013540e+02 3.611364e+01
    endloop
  endfacet
  facet normal 0.000000e+00 1.000000e+00 0.000000e+00
    outer loop
      vertex   -6.720696e+01 3.013540e+02 4.181569e+01
      vertex   -7.961899e+00 3.013540e+02 3.611364e+01
      vertex   -8.211650e+00 3.013540e+02 3.551068e+01
    endloop
  endfacet
  facet normal 0.000000e+00 1.000000e+00 0.000000e+00
    outer loop
      vertex   -8.211650e+00 3.013540e+02 3.551068e+01
      vertex   -8.296836e+00 3.013540e+02 3.486364e+01
      vertex   -6.720696e+01 3.013540e+02 4.181569e+01
    endloop
  endfacet
  facet normal 0.000000e+00 1.000000e+00 0.000000e+00
    outer loop
      vertex   -6.720696e+01 3.013540e+02 4.181569e+01
      vertex   -8.296836e+00 3.013540e+02 3.486364e+01
      vertex   -8.211650e+00 3.013540e+02 3.421659e+01
    endloop
  endfacet
  facet normal 0.000000e+00 1.000000e+00 0.000000e+00
    outer loop
      vertex   -6.720696e+01 3.013540e+02 4.181569e+01
      vertex   -8.211650e+00 3.013540e+02 3.421659e+01
      vertex   -4.357671e+01 3.013540e+02 2.024241e+01
    endloop
  endfacet
  facet normal 0.000000e+00 1.000000e+00 0.000000e+00
    outer loop
      vertex   -4.357671e+01 3.013540e+02 2.024241e+01
      vertex   -8.211650e+00 3.013540e+02 3.421659e+01
      vertex   -7.961899e+00 3.013540e+02 3.361364e+01
    endloop
  endfacet
  facet normal 0.000000e+00 1.000000e+00 0.000000e+00
    outer loop
      vertex   -4.357671e+01 3.013540e+02 2.024241e+01
      vertex   -7.961899e+00 3.013540e+02 3.361364e+01
      vertex   -7.564603e+00 3.013540e+02 3.309587e+01
    endloop
  endfacet
  facet normal 0.000000e+00 1.000000e+00 0.000000e+00
    outer loop
      vertex   -4.357671e+01 3.013540e+02 2.024241e+01
      vertex   -7.564603e+00 3.013540e+02 3.309587e+01
      vertex   -3.236024e+01 3.013540e+02 2.024241e+01
    endloop
  endfacet
  facet normal 0.000000e+00 1.000000e+00 0.000000e+00
    outer loop
      vertex   -3.236024e+01 3.013540e+02 2.024241e+01
      vertex   -7.564603e+00 3.013540e+02 3.309587e+01
      vertex   -7.046836e+00 3.013540e+02 3.269857e+01
    endloop
  endfacet
  facet normal 0.000000e+00 1.000000e+00 0.000000e+00
    outer loop
      vertex   -3.236024e+01 3.013540e+02 2.024241e+01
      vertex   -7.046836e+00 3.013540e+02 3.269857e+01
      vertex   -6.443883e+00 3.013540e+02 3.244882e+01
    endloop
  endfacet
  facet normal 0.000000e+00 1.000000e+00 0.000000e+00
    outer loop
      vertex   -3.236024e+01 3.013540e+02 2.024241e+01
      vertex   -6.443883e+00 3.013540e+02 3.244882e+01
      vertex   -1.187592e+01 3.013540e+02 2.024241e+01
    endloop
  endfacet
  facet normal 0.000000e+00 1.000000e+00 0.000000e+00
    outer loop
      vertex   -1.187592e+01 3.013540e+02 2.024241e+01
      vertex   -6.443883e+00 3.013540e+02 3.244882e+01
      vertex   -5.796836e+00 3.013540e+02 3.236364e+01
    endloop
  endfacet
  facet normal 0.000000e+00 1.000000e+00 0.000000e+00
    outer loop
      vertex   -1.187592e+01 3.013540e+02 2.024241e+01
      vertex   -5.796836e+00 3.013540e+02 3.236364e+01
      vertex   -3.519799e+00 3.013540e+02 2.024241e+01
    endloop
  endfacet
  facet normal 0.000000e+00 1.000000e+00 0.000000e+00
    outer loop
      vertex   -3.519799e+00 3.013540e+02 2.024241e+01
      vertex   -5.796836e+00 3.013540e+02 3.236364e+01
      vertex   -5.149788e+00 3.013540e+02 3.244882e+01
    endloop
  endfacet
  facet normal 0.000000e+00 1.000000e+00 0.000000e+00
    outer loop
      vertex   -3.519799e+00 3.013540e+02 2.024241e+01
      vertex   -5.149788e+00 3.013540e+02 3.244882e+01
      vertex   -4.546836e+00 3.013540e+02 3.269857e+01
    endloop
  endfacet
  facet normal -0.000000e+00 1.000000e+00 0.000000e+00
    outer loop
      vertex   -4.546836e+00 3.013540e+02 3.269857e+01
      vertex   -4.029069e+00 3.013540e+02 3.309587e+01
      vertex   -3.519799e+00 3.013540e+02 2.024241e+01
    endloop
  endfacet
  facet normal 0.000000e+00 1.000000e+00 -0.000000e+00
    outer loop
      vertex   -3.519799e+00 3.013540e+02 2.024241e+01
      vertex   -4.029069e+00 3.013540e+02 3.309587e+01
      vertex   5.164334e+01 3.013540e+02 4.181569e+01
    endloop
  endfacet
  facet normal -0.000000e+00 1.000000e+00 0.000000e+00
    outer loop
      vertex   -3.519799e+00 3.013540e+02 2.024241e+01
      vertex   5.164334e+01 3.013540e+02 4.181569e+01
      vertex   3.268189e+01 3.013540e+02 1.032902e+01
    endloop
  endfacet
  facet normal -0.000000e+00 1.000000e+00 0.000000e+00
    outer loop
      vertex   3.268189e+01 3.013540e+02 1.032902e+01
      vertex   5.164334e+01 3.013540e+02 4.181569e+01
      vertex   4.864334e+01 3.013540e+02 5.000000e+00
    endloop
  endfacet
  facet normal 0.000000e+00 1.000000e+00 0.000000e+00
    outer loop
      vertex   3.268189e+01 3.013540e+02 1.032902e+01
      vertex   4.864334e+01 3.013540e+02 5.000000e+00
      vertex   3.268189e+01 3.013540e+02 7.348089e+00
    endloop
  endfacet
  facet normal 0.000000e+00 1.000000e+00 0.000000e+00
    outer loop
      vertex   3.268189e+01 3.013540e+02 7.348089e+00
      vertex   4.864334e+01 3.013540e+02 5.000000e+00
      vertex   2.421090e+01 3.013540e+02 7.348089e+00
    endloop
  endfacet
  facet normal 0.000000e+00 1.000000e+00 0.000000e+00
    outer loop
      vertex   2.421090e+01 3.013540e+02 7.348089e+00
      vertex   4.864334e+01 3.013540e+02 5.000000e+00
      vertex   -6.420696e+01 3.013540e+02 5.000000e+00
    endloop
  endfacet
  facet normal 0.000000e+00 1.000000e+00 0.000000e+00
    outer loop
      vertex   2.421090e+01 3.013540e+02 7.348089e+00
      vertex   -6.420696e+01 3.013540e+02 5.000000e+00
      vertex   -3.236024e+01 3.013540e+02 1.028977e+01
    endloop
  endfacet
  facet normal 0.000000e+00 1.000000e+00 0.000000e+00
    outer loop
      vertex   -3.236024e+01 3.013540e+02 1.028977e+01
      vertex   -6.420696e+01 3.013540e+02 5.000000e+00
      vertex   -4.357671e+01 3.013540e+02 1.028977e+01
    endloop
  endfacet
  facet normal 0.000000e+00 1.000000e+00 -0.000000e+00
    outer loop
      vertex   -4.357671e+01 3.013540e+02 1.028977e+01
      vertex   -6.420696e+01 3.013540e+02 5.000000e+00
      vertex   -4.357671e+01 3.013540e+02 2.024241e+01
    endloop
  endfacet
  facet normal 0.000000e+00 1.000000e+00 0.000000e+00
    outer loop
      vertex   -4.357671e+01 3.013540e+02 2.024241e+01
      vertex   -6.420696e+01 3.013540e+02 5.000000e+00
      vertex   -6.720696e+01 3.013540e+02 4.181569e+01
    endloop
  endfacet
  facet normal 0.000000e+00 1.000000e+00 0.000000e+00
    outer loop
      vertex   -4.029069e+00 3.013540e+02 3.309587e+01
      vertex   -3.631772e+00 3.013540e+02 3.361364e+01
      vertex   5.164334e+01 3.013540e+02 4.181569e+01
    endloop
  endfacet
  facet normal 0.000000e+00 1.000000e+00 0.000000e+00
    outer loop
      vertex   5.164334e+01 3.013540e+02 4.181569e+01
      vertex   -3.631772e+00 3.013540e+02 3.361364e+01
      vertex   -3.382021e+00 3.013540e+02 3.421659e+01
    endloop
  endfacet
  facet normal 0.000000e+00 1.000000e+00 0.000000e+00
    outer loop
      vertex   2.421090e+01 3.013540e+02 7.348089e+00
      vertex   -3.236024e+01 3.013540e+02 1.028977e+01
      vertex   -1.187592e+01 3.013540e+02 1.131711e+01
    endloop
  endfacet
  facet normal 0.000000e+00 1.000000e+00 0.000000e+00
    outer loop
      vertex   -1.187592e+01 3.013540e+02 1.131711e+01
      vertex   -3.236024e+01 3.013540e+02 1.028977e+01
      vertex   -3.236024e+01 3.013540e+02 2.024241e+01
    endloop
  endfacet
  facet normal 0.000000e+00 1.000000e+00 -0.000000e+00
    outer loop
      vertex   -1.187592e+01 3.013540e+02 1.131711e+01
      vertex   -3.236024e+01 3.013540e+02 2.024241e+01
      vertex   -1.187592e+01 3.013540e+02 2.024241e+01
    endloop
  endfacet
  facet normal 0.000000e+00 1.000000e+00 0.000000e+00
    outer loop
      vertex   3.268189e+01 3.013540e+02 1.032902e+01
      vertex   2.421090e+01 3.013540e+02 1.032902e+01
      vertex   -3.519799e+00 3.013540e+02 2.024241e+01
    endloop
  endfacet
  facet normal 0.000000e+00 1.000000e+00 0.000000e+00
    outer loop
      vertex   -3.519799e+00 3.013540e+02 2.024241e+01
      vertex   2.421090e+01 3.013540e+02 1.032902e+01
      vertex   -3.519799e+00 3.013540e+02 1.131711e+01
    endloop
  endfacet
  facet normal 0.000000e+00 1.000000e+00 0.000000e+00
    outer loop
      vertex   -3.519799e+00 3.013540e+02 1.131711e+01
      vertex   2.421090e+01 3.013540e+02 1.032902e+01
      vertex   2.421090e+01 3.013540e+02 7.348089e+00
    endloop
  endfacet
  facet normal 0.000000e+00 1.000000e+00 0.000000e+00
    outer loop
      vertex   -3.519799e+00 3.013540e+02 1.131711e+01
      vertex   2.421090e+01 3.013540e+02 7.348089e+00
      vertex   -1.187592e+01 3.013540e+02 1.131711e+01
    endloop
  endfacet
  facet normal 0.000000e+00 1.000000e+00 0.000000e+00
    outer loop
      vertex   -6.720696e+01 3.013540e+02 2.000000e+00
      vertex   -6.720696e+01 3.013540e+02 4.181569e+01
      vertex   -6.420696e+01 3.013540e+02 5.000000e+00
    endloop
  endfacet
  facet normal 0.000000e+00 1.000000e+00 0.000000e+00
    outer loop
      vertex   5.164334e+01 3.013540e+02 4.181569e+01
      vertex   5.164334e+01 3.013540e+02 2.000000e+00
      vertex   4.864334e+01 3.013540e+02 5.000000e+00
    endloop
  endfacet
  facet normal 7.071068e-01 -0.000000e+00 7.071068e-01
    outer loop
      vertex   4.864334e+01 3.013540e+02 5.000000e+00
      vertex   5.164334e+01 3.013540e+02 2.000000e+00
      vertex   4.864334e+01 3.783986e+02 5.000000e+00
    endloop
  endfacet
  facet normal 7.071068e-01 0.000000e+00 7.071068e-01
    outer loop
      vertex   4.864334e+01 3.783986e+02 5.000000e+00
      vertex   5.164334e+01 3.013540e+02 2.000000e+00
      vertex   5.164334e+01 3.783986e+02 2.000000e+00
    endloop
  endfacet
  facet normal 1.000000e+00 0.000000e+00 0.000000e+00
    outer loop
      vertex   5.164334e+01 3.823986e+02 4.582344e+01
      vertex   5.164334e+01 3.783986e+02 4.182344e+01
      vertex   5.164334e+01 3.823986e+02 0.000000e+00
    endloop
  endfacet
  facet normal 1.000000e+00 0.000000e+00 0.000000e+00
    outer loop
      vertex   5.164334e+01 3.823986e+02 0.000000e+00
      vertex   5.164334e+01 3.783986e+02 4.182344e+01
      vertex   5.164334e+01 3.783986e+02 2.000000e+00
    endloop
  endfacet
  facet normal 1.000000e+00 0.000000e+00 0.000000e+00
    outer loop
      vertex   5.164334e+01 3.823986e+02 0.000000e+00
      vertex   5.164334e+01 3.783986e+02 2.000000e+00
      vertex   5.164334e+01 3.013540e+02 2.000000e+00
    endloop
  endfacet
  facet normal 1.000000e+00 8.354949e-17 3.385615e-15
    outer loop
      vertex   5.164334e+01 3.823986e+02 0.000000e+00
      vertex   5.164334e+01 3.013540e+02 2.000000e+00
      vertex   5.164334e+01 2.973540e+02 0.000000e+00
    endloop
  endfacet
  facet normal 1.000000e+00 1.687128e-15 1.784580e-16
    outer loop
      vertex   5.164334e+01 2.973540e+02 0.000000e+00
      vertex   5.164334e+01 3.013540e+02 2.000000e+00
      vertex   5.164334e+01 3.013540e+02 4.181569e+01
    endloop
  endfacet
  facet normal 1.000000e+00 1.931444e-15 1.550872e-16
    outer loop
      vertex   5.164334e+01 2.973540e+02 0.000000e+00
      vertex   5.164334e+01 3.013540e+02 4.181569e+01
      vertex   5.164334e+01 2.973540e+02 4.581569e+01
    endloop
  endfacet
  facet normal 0.000000e+00 -1.000000e+00 0.000000e+00
    outer loop
      vertex   4.864334e+01 3.783986e+02 5.000000e+00
      vertex   -5.796836e+00 3.783986e+02 3.236364e+01
      vertex   -6.420696e+01 3.783986e+02 5.000000e+00
    endloop
  endfacet
  facet normal 0.000000e+00 -1.000000e+00 0.000000e+00
    outer loop
      vertex   -6.420696e+01 3.783986e+02 5.000000e+00
      vertex   -5.796836e+00 3.783986e+02 3.236364e+01
      vertex   -6.443883e+00 3.783986e+02 3.244882e+01
    endloop
  endfacet
  facet normal 0.000000e+00 -1.000000e+00 0.000000e+00
    outer loop
      vertex   -6.420696e+01 3.783986e+02 5.000000e+00
      vertex   -6.443883e+00 3.783986e+02 3.244882e+01
      vertex   -7.046836e+00 3.783986e+02 3.269857e+01
    endloop
  endfacet
  facet normal 0.000000e+00 -1.000000e+00 0.000000e+00
    outer loop
      vertex   5.164334e+01 3.783986e+02 2.000000e+00
      vertex   5.164334e+01 3.783986e+02 4.182344e+01
      vertex   4.864334e+01 3.783986e+02 5.000000e+00
    endloop
  endfacet
  facet normal 0.000000e+00 -1.000000e+00 0.000000e+00
    outer loop
      vertex   4.864334e+01 3.783986e+02 5.000000e+00
      vertex   5.164334e+01 3.783986e+02 4.182344e+01
      vertex   -4.546836e+00 3.783986e+02 3.269857e+01
    endloop
  endfacet
  facet normal 0.000000e+00 -1.000000e+00 0.000000e+00
    outer loop
      vertex   4.864334e+01 3.783986e+02 5.000000e+00
      vertex   -4.546836e+00 3.783986e+02 3.269857e+01
      vertex   -5.149788e+00 3.783986e+02 3.244882e+01
    endloop
  endfacet
  facet normal 0.000000e+00 -1.000000e+00 0.000000e+00
    outer loop
      vertex   -6.720696e+01 3.783986e+02 4.182344e+01
      vertex   -5.796836e+00 3.783986e+02 3.736364e+01
      vertex   5.164334e+01 3.783986e+02 4.182344e+01
    endloop
  endfacet
  facet normal 0.000000e+00 -1.000000e+00 0.000000e+00
    outer loop
      vertex   5.164334e+01 3.783986e+02 4.182344e+01
      vertex   -5.796836e+00 3.783986e+02 3.736364e+01
      vertex   -5.149788e+00 3.783986e+02 3.727845e+01
    endloop
  endfacet
  facet normal 0.000000e+00 -1.000000e+00 0.000000e+00
    outer loop
      vertex   5.164334e+01 3.783986e+02 4.182344e+01
      vertex   -5.149788e+00 3.783986e+02 3.727845e+01
      vertex   -4.546836e+00 3.783986e+02 3.702870e+01
    endloop
  endfacet
  facet normal 0.000000e+00 -1.000000e+00 0.000000e+00
    outer loop
      vertex   -6.720696e+01 3.783986e+02 2.000000e+00
      vertex   -6.420696e+01 3.783986e+02 5.000000e+00
      vertex   -6.720696e+01 3.783986e+02 4.182344e+01
    endloop
  endfacet
  facet normal 0.000000e+00 -1.000000e+00 0.000000e+00
    outer loop
      vertex   -6.720696e+01 3.783986e+02 4.182344e+01
      vertex   -6.420696e+01 3.783986e+02 5.000000e+00
      vertex   -7.046836e+00 3.783986e+02 3.269857e+01
    endloop
  endfacet
  facet normal 0.000000e+00 -1.000000e+00 0.000000e+00
    outer loop
      vertex   -6.720696e+01 3.783986e+02 4.182344e+01
      vertex   -7.046836e+00 3.783986e+02 3.269857e+01
      vertex   -7.564603e+00 3.783986e+02 3.309587e+01
    endloop
  endfacet
  facet normal 0.000000e+00 -1.000000e+00 0.000000e+00
    outer loop
      vertex   -3.382021e+00 3.783986e+02 3.551068e+01
      vertex   -3.296836e+00 3.783986e+02 3.486364e+01
      vertex   5.164334e+01 3.783986e+02 4.182344e+01
    endloop
  endfacet
  facet normal 0.000000e+00 -1.000000e+00 0.000000e+00
    outer loop
      vertex   5.164334e+01 3.783986e+02 4.182344e+01
      vertex   -3.296836e+00 3.783986e+02 3.486364e+01
      vertex   -3.382021e+00 3.783986e+02 3.421659e+01
    endloop
  endfacet
  facet normal 0.000000e+00 -1.000000e+00 0.000000e+00
    outer loop
      vertex   5.164334e+01 3.783986e+02 4.182344e+01
      vertex   -3.382021e+00 3.783986e+02 3.421659e+01
      vertex   -3.631772e+00 3.783986e+02 3.361364e+01
    endloop
  endfacet
  facet normal 0.000000e+00 -1.000000e+00 -0.000000e+00
    outer loop
      vertex   -3.631772e+00 3.783986e+02 3.361364e+01
      vertex   -4.029069e+00 3.783986e+02 3.309587e+01
      vertex   5.164334e+01 3.783986e+02 4.182344e+01
    endloop
  endfacet
  facet normal 0.000000e+00 -1.000000e+00 0.000000e+00
    outer loop
      vertex   5.164334e+01 3.783986e+02 4.182344e+01
      vertex   -4.029069e+00 3.783986e+02 3.309587e+01
      vertex   -4.546836e+00 3.783986e+02 3.269857e+01
    endloop
  endfacet
  facet normal 0.000000e+00 -1.000000e+00 -0.000000e+00
    outer loop
      vertex   -5.149788e+00 3.783986e+02 3.244882e+01
      vertex   -5.796836e+00 3.783986e+02 3.236364e+01
      vertex   4.864334e+01 3.783986e+02 5.000000e+00
    endloop
  endfacet
  facet normal 0.000000e+00 -1.000000e+00 0.000000e+00
    outer loop
      vertex   -7.564603e+00 3.783986e+02 3.309587e+01
      vertex   -7.961899e+00 3.783986e+02 3.361364e+01
      vertex   -6.720696e+01 3.783986e+02 4.182344e+01
    endloop
  endfacet
  facet normal 0.000000e+00 -1.000000e+00 0.000000e+00
    outer loop
      vertex   -6.720696e+01 3.783986e+02 4.182344e+01
      vertex   -7.961899e+00 3.783986e+02 3.361364e+01
      vertex   -8.211650e+00 3.783986e+02 3.421659e+01
    endloop
  endfacet
  facet normal 0.000000e+00 -1.000000e+00 0.000000e+00
    outer loop
      vertex   -6.720696e+01 3.783986e+02 4.182344e+01
      vertex   -8.211650e+00 3.783986e+02 3.421659e+01
      vertex   -8.296836e+00 3.783986e+02 3.486364e+01
    endloop
  endfacet
  facet normal 0.000000e+00 -1.000000e+00 0.000000e+00
    outer loop
      vertex   -8.296836e+00 3.783986e+02 3.486364e+01
      vertex   -8.211650e+00 3.783986e+02 3.551068e+01
      vertex   -6.720696e+01 3.783986e+02 4.182344e+01
    endloop
  endfacet
  facet normal 0.000000e+00 -1.000000e+00 0.000000e+00
    outer loop
      vertex   -6.720696e+01 3.783986e+02 4.182344e+01
      vertex   -8.211650e+00 3.783986e+02 3.551068e+01
      vertex   -7.961899e+00 3.783986e+02 3.611364e+01
    endloop
  endfacet
  facet normal 0.000000e+00 -1.000000e+00 0.000000e+00
    outer loop
      vertex   -6.720696e+01 3.783986e+02 4.182344e+01
      vertex   -7.961899e+00 3.783986e+02 3.611364e+01
      vertex   -7.564603e+00 3.783986e+02 3.663140e+01
    endloop
  endfacet
  facet normal 0.000000e+00 -1.000000e+00 0.000000e+00
    outer loop
      vertex   -7.564603e+00 3.783986e+02 3.663140e+01
      vertex   -7.046836e+00 3.783986e+02 3.702870e+01
      vertex   -6.720696e+01 3.783986e+02 4.182344e+01
    endloop
  endfacet
  facet normal 0.000000e+00 -1.000000e+00 0.000000e+00
    outer loop
      vertex   -6.720696e+01 3.783986e+02 4.182344e+01
      vertex   -7.046836e+00 3.783986e+02 3.702870e+01
      vertex   -6.443883e+00 3.783986e+02 3.727845e+01
    endloop
  endfacet
  facet normal 0.000000e+00 -1.000000e+00 0.000000e+00
    outer loop
      vertex   -6.720696e+01 3.783986e+02 4.182344e+01
      vertex   -6.443883e+00 3.783986e+02 3.727845e+01
      vertex   -5.796836e+00 3.783986e+02 3.736364e+01
    endloop
  endfacet
  facet normal 0.000000e+00 -1.000000e+00 0.000000e+00
    outer loop
      vertex   -4.546836e+00 3.783986e+02 3.702870e+01
      vertex   -4.029069e+00 3.783986e+02 3.663140e+01
      vertex   5.164334e+01 3.783986e+02 4.182344e+01
    endloop
  endfacet
  facet normal 0.000000e+00 -1.000000e+00 0.000000e+00
    outer loop
      vertex   5.164334e+01 3.783986e+02 4.182344e+01
      vertex   -4.029069e+00 3.783986e+02 3.663140e+01
      vertex   -3.631772e+00 3.783986e+02 3.611364e+01
    endloop
  endfacet
  facet normal 0.000000e+00 -1.000000e+00 0.000000e+00
    outer loop
      vertex   5.164334e+01 3.783986e+02 4.182344e+01
      vertex   -3.631772e+00 3.783986e+02 3.611364e+01
      vertex   -3.382021e+00 3.783986e+02 3.551068e+01
    endloop
  endfacet
  facet normal 0.000000e+00 0.000000e+00 1.000000e+00
    outer loop
      vertex   -6.420696e+01 3.013540e+02 5.000000e+00
      vertex   -5.321675e+01 3.242382e+02 5.000000e+00
      vertex   -6.420696e+01 3.783986e+02 5.000000e+00
    endloop
  endfacet
  facet normal 0.000000e+00 0.000000e+00 1.000000e+00
    outer loop
      vertex   -6.420696e+01 3.783986e+02 5.000000e+00
      vertex   -5.321675e+01 3.242382e+02 5.000000e+00
      vertex   -5.296700e+01 3.248411e+02 5.000000e+00
    endloop
  endfacet
  facet normal 0.000000e+00 0.000000e+00 1.000000e+00
    outer loop
      vertex   -6.420696e+01 3.783986e+02 5.000000e+00
      vertex   -5.296700e+01 3.248411e+02 5.000000e+00
      vertex   -5.256970e+01 3.253589e+02 5.000000e+00
    endloop
  endfacet
  facet normal 0.000000e+00 0.000000e+00 1.000000e+00
    outer loop
      vertex   4.864334e+01 3.013540e+02 5.000000e+00
      vertex   1.648416e+01 3.027953e+02 5.000000e+00
      vertex   -6.420696e+01 3.013540e+02 5.000000e+00
    endloop
  endfacet
  facet normal 0.000000e+00 0.000000e+00 1.000000e+00
    outer loop
      vertex   -6.420696e+01 3.013540e+02 5.000000e+00
      vertex   1.648416e+01 3.027953e+02 5.000000e+00
      vertex   1.596653e+01 3.028635e+02 5.000000e+00
    endloop
  endfacet
  facet normal 0.000000e+00 0.000000e+00 1.000000e+00
    outer loop
      vertex   -6.420696e+01 3.013540e+02 5.000000e+00
      vertex   1.596653e+01 3.028635e+02 5.000000e+00
      vertex   1.548416e+01 3.030633e+02 5.000000e+00
    endloop
  endfacet
  facet normal 0.000000e+00 0.000000e+00 1.000000e+00
    outer loop
      vertex   4.864334e+01 3.783986e+02 5.000000e+00
      vertex   4.169637e+01 3.547491e+02 5.000000e+00
      vertex   4.864334e+01 3.013540e+02 5.000000e+00
    endloop
  endfacet
  facet normal 0.000000e+00 0.000000e+00 1.000000e+00
    outer loop
      vertex   4.864334e+01 3.013540e+02 5.000000e+00
      vertex   4.169637e+01 3.547491e+02 5.000000e+00
      vertex   4.149657e+01 3.542668e+02 5.000000e+00
    endloop
  endfacet
  facet normal 0.000000e+00 0.000000e+00 1.000000e+00
    outer loop
      vertex   4.864334e+01 3.013540e+02 5.000000e+00
      vertex   4.149657e+01 3.542668e+02 5.000000e+00
      vertex   4.117874e+01 3.538526e+02 5.000000e+00
    endloop
  endfacet
  facet normal -0.000000e+00 0.000000e+00 1.000000e+00
    outer loop
      vertex   -6.420696e+01 3.783986e+02 5.000000e+00
      vertex   -7.609229e+00 3.768925e+02 5.000000e+00
      vertex   4.864334e+01 3.783986e+02 5.000000e+00
    endloop
  endfacet
  facet normal 0.000000e+00 0.000000e+00 1.000000e+00
    outer loop
      vertex   4.864334e+01 3.783986e+02 5.000000e+00
      vertex   -7.609229e+00 3.768925e+02 5.000000e+00
      vertex   -6.962181e+00 3.768073e+02 5.000000e+00
    endloop
  endfacet
  facet normal 0.000000e+00 0.000000e+00 1.000000e+00
    outer loop
      vertex   4.864334e+01 3.783986e+02 5.000000e+00
      vertex   -6.962181e+00 3.768073e+02 5.000000e+00
      vertex   -6.359229e+00 3.765575e+02 5.000000e+00
    endloop
  endfacet
  facet normal 0.000000e+00 0.000000e+00 1.000000e+00
    outer loop
      vertex   1.841602e+01 3.042777e+02 5.000000e+00
      vertex   3.801716e+01 3.043627e+02 5.000000e+00
      vertex   1.848416e+01 3.047953e+02 5.000000e+00
    endloop
  endfacet
  facet normal -0.000000e+00 0.000000e+00 1.000000e+00
    outer loop
      vertex   1.848416e+01 3.047953e+02 5.000000e+00
      vertex   3.801716e+01 3.043627e+02 5.000000e+00
      vertex   3.794901e+01 3.048803e+02 5.000000e+00
    endloop
  endfacet
  facet normal 0.000000e+00 -0.000000e+00 1.000000e+00
    outer loop
      vertex   1.848416e+01 3.047953e+02 5.000000e+00
      vertex   3.794901e+01 3.048803e+02 5.000000e+00
      vertex   1.841602e+01 3.053130e+02 5.000000e+00
    endloop
  endfacet
  facet normal -0.000000e+00 0.000000e+00 1.000000e+00
    outer loop
      vertex   1.841602e+01 3.053130e+02 5.000000e+00
      vertex   3.794901e+01 3.048803e+02 5.000000e+00
      vertex   3.801716e+01 3.053979e+02 5.000000e+00
    endloop
  endfacet
  facet normal 0.000000e+00 -0.000000e+00 1.000000e+00
    outer loop
      vertex   1.841602e+01 3.053130e+02 5.000000e+00
      vertex   3.801716e+01 3.053979e+02 5.000000e+00
      vertex   1.821621e+01 3.057953e+02 5.000000e+00
    endloop
  endfacet
  facet normal -0.000000e+00 0.000000e+00 1.000000e+00
    outer loop
      vertex   1.821621e+01 3.057953e+02 5.000000e+00
      vertex   3.801716e+01 3.053979e+02 5.000000e+00
      vertex   3.821696e+01 3.058803e+02 5.000000e+00
    endloop
  endfacet
  facet normal 0.000000e+00 -0.000000e+00 1.000000e+00
    outer loop
      vertex   1.821621e+01 3.057953e+02 5.000000e+00
      vertex   3.821696e+01 3.058803e+02 5.000000e+00
      vertex   1.789838e+01 3.062095e+02 5.000000e+00
    endloop
  endfacet
  facet normal -0.000000e+00 0.000000e+00 1.000000e+00
    outer loop
      vertex   1.789838e+01 3.062095e+02 5.000000e+00
      vertex   3.821696e+01 3.058803e+02 5.000000e+00
      vertex   3.853479e+01 3.062945e+02 5.000000e+00
    endloop
  endfacet
  facet normal 0.000000e+00 -0.000000e+00 1.000000e+00
    outer loop
      vertex   1.789838e+01 3.062095e+02 5.000000e+00
      vertex   3.853479e+01 3.062945e+02 5.000000e+00
      vertex   1.748416e+01 3.065274e+02 5.000000e+00
    endloop
  endfacet
  facet normal -0.000000e+00 0.000000e+00 1.000000e+00
    outer loop
      vertex   1.748416e+01 3.065274e+02 5.000000e+00
      vertex   3.853479e+01 3.062945e+02 5.000000e+00
      vertex   3.894901e+01 3.066123e+02 5.000000e+00
    endloop
  endfacet
  facet normal 0.000000e+00 -0.000000e+00 1.000000e+00
    outer loop
      vertex   1.748416e+01 3.065274e+02 5.000000e+00
      vertex   3.894901e+01 3.066123e+02 5.000000e+00
      vertex   1.700180e+01 3.067272e+02 5.000000e+00
    endloop
  endfacet
  facet normal -0.000000e+00 0.000000e+00 1.000000e+00
    outer loop
      vertex   1.700180e+01 3.067272e+02 5.000000e+00
      vertex   3.894901e+01 3.066123e+02 5.000000e+00
      vertex   3.943137e+01 3.068121e+02 5.000000e+00
    endloop
  endfacet
  facet normal 0.000000e+00 -0.000000e+00 1.000000e+00
    outer loop
      vertex   1.700180e+01 3.067272e+02 5.000000e+00
      vertex   3.943137e+01 3.068121e+02 5.000000e+00
      vertex   -1.117838e-01 3.229681e+02 5.000000e+00
    endloop
  endfacet
  facet normal -0.000000e+00 -0.000000e+00 1.000000e+00
    outer loop
      vertex   -1.117838e-01 3.229681e+02 5.000000e+00
      vertex   3.943137e+01 3.068121e+02 5.000000e+00
      vertex   -3.615349e-01 3.235710e+02 5.000000e+00
    endloop
  endfacet
  facet normal -0.000000e+00 0.000000e+00 1.000000e+00
    outer loop
      vertex   -3.615349e-01 3.235710e+02 5.000000e+00
      vertex   3.943137e+01 3.068121e+02 5.000000e+00
      vertex   3.976452e+01 3.532668e+02 5.000000e+00
    endloop
  endfacet
  facet normal 0.000000e+00 0.000000e+00 1.000000e+00
    outer loop
      vertex   -3.615349e-01 3.235710e+02 5.000000e+00
      vertex   3.976452e+01 3.532668e+02 5.000000e+00
      vertex   3.924689e+01 3.533349e+02 5.000000e+00
    endloop
  endfacet
  facet normal 0.000000e+00 0.000000e+00 1.000000e+00
    outer loop
      vertex   3.801716e+01 3.043627e+02 5.000000e+00
      vertex   1.841602e+01 3.042777e+02 5.000000e+00
      vertex   3.821696e+01 3.038803e+02 5.000000e+00
    endloop
  endfacet
  facet normal 0.000000e+00 0.000000e+00 1.000000e+00
    outer loop
      vertex   3.821696e+01 3.038803e+02 5.000000e+00
      vertex   1.841602e+01 3.042777e+02 5.000000e+00
      vertex   1.821621e+01 3.037953e+02 5.000000e+00
    endloop
  endfacet
  facet normal 0.000000e+00 0.000000e+00 1.000000e+00
    outer loop
      vertex   3.821696e+01 3.038803e+02 5.000000e+00
      vertex   1.821621e+01 3.037953e+02 5.000000e+00
      vertex   3.853479e+01 3.034661e+02 5.000000e+00
    endloop
  endfacet
  facet normal 0.000000e+00 0.000000e+00 1.000000e+00
    outer loop
      vertex   3.853479e+01 3.034661e+02 5.000000e+00
      vertex   1.821621e+01 3.037953e+02 5.000000e+00
      vertex   1.789838e+01 3.033811e+02 5.000000e+00
    endloop
  endfacet
  facet normal 0.000000e+00 0.000000e+00 1.000000e+00
    outer loop
      vertex   3.853479e+01 3.034661e+02 5.000000e+00
      vertex   1.789838e+01 3.033811e+02 5.000000e+00
      vertex   3.894901e+01 3.031482e+02 5.000000e+00
    endloop
  endfacet
  facet normal 0.000000e+00 0.000000e+00 1.000000e+00
    outer loop
      vertex   3.894901e+01 3.031482e+02 5.000000e+00
      vertex   1.789838e+01 3.033811e+02 5.000000e+00
      vertex   1.748416e+01 3.030633e+02 5.000000e+00
    endloop
  endfacet
  facet normal 0.000000e+00 0.000000e+00 1.000000e+00
    outer loop
      vertex   3.894901e+01 3.031482e+02 5.000000e+00
      vertex   1.748416e+01 3.030633e+02 5.000000e+00
      vertex   3.943137e+01 3.029484e+02 5.000000e+00
    endloop
  endfacet
  facet normal 0.000000e+00 0.000000e+00 1.000000e+00
    outer loop
      vertex   3.943137e+01 3.029484e+02 5.000000e+00
      vertex   1.748416e+01 3.030633e+02 5.000000e+00
      vertex   1.700180e+01 3.028635e+02 5.000000e+00
    endloop
  endfacet
  facet normal 0.000000e+00 0.000000e+00 1.000000e+00
    outer loop
      vertex   3.943137e+01 3.029484e+02 5.000000e+00
      vertex   1.700180e+01 3.028635e+02 5.000000e+00
      vertex   3.994901e+01 3.028803e+02 5.000000e+00
    endloop
  endfacet
  facet normal 0.000000e+00 0.000000e+00 1.000000e+00
    outer loop
      vertex   3.994901e+01 3.028803e+02 5.000000e+00
      vertex   1.700180e+01 3.028635e+02 5.000000e+00
      vertex   1.648416e+01 3.027953e+02 5.000000e+00
    endloop
  endfacet
  facet normal 0.000000e+00 0.000000e+00 1.000000e+00
    outer loop
      vertex   3.994901e+01 3.028803e+02 5.000000e+00
      vertex   1.648416e+01 3.027953e+02 5.000000e+00
      vertex   4.864334e+01 3.013540e+02 5.000000e+00
    endloop
  endfacet
  facet normal 0.000000e+00 0.000000e+00 1.000000e+00
    outer loop
      vertex   1.548416e+01 3.030633e+02 5.000000e+00
      vertex   1.506995e+01 3.033811e+02 5.000000e+00
      vertex   -6.420696e+01 3.013540e+02 5.000000e+00
    endloop
  endfacet
  facet normal 0.000000e+00 0.000000e+00 1.000000e+00
    outer loop
      vertex   -6.420696e+01 3.013540e+02 5.000000e+00
      vertex   1.506995e+01 3.033811e+02 5.000000e+00
      vertex   1.475211e+01 3.037953e+02 5.000000e+00
    endloop
  endfacet
  facet normal 0.000000e+00 0.000000e+00 1.000000e+00
    outer loop
      vertex   -6.420696e+01 3.013540e+02 5.000000e+00
      vertex   1.475211e+01 3.037953e+02 5.000000e+00
      vertex   -3.173646e+00 3.199062e+02 5.000000e+00
    endloop
  endfacet
  facet normal 0.000000e+00 0.000000e+00 1.000000e+00
    outer loop
      vertex   -3.173646e+00 3.199062e+02 5.000000e+00
      vertex   1.475211e+01 3.037953e+02 5.000000e+00
      vertex   1.455231e+01 3.042777e+02 5.000000e+00
    endloop
  endfacet
  facet normal 0.000000e+00 0.000000e+00 1.000000e+00
    outer loop
      vertex   -3.173646e+00 3.199062e+02 5.000000e+00
      vertex   1.455231e+01 3.042777e+02 5.000000e+00
      vertex   1.448416e+01 3.047953e+02 5.000000e+00
    endloop
  endfacet
  facet normal 0.000000e+00 0.000000e+00 1.000000e+00
    outer loop
      vertex   -3.173646e+00 3.199062e+02 5.000000e+00
      vertex   1.448416e+01 3.047953e+02 5.000000e+00
      vertex   -2.526598e+00 3.198210e+02 5.000000e+00
    endloop
  endfacet
  facet normal 0.000000e+00 0.000000e+00 1.000000e+00
    outer loop
      vertex   -2.526598e+00 3.198210e+02 5.000000e+00
      vertex   1.448416e+01 3.047953e+02 5.000000e+00
      vertex   1.455231e+01 3.053130e+02 5.000000e+00
    endloop
  endfacet
  facet normal 0.000000e+00 0.000000e+00 1.000000e+00
    outer loop
      vertex   -2.526598e+00 3.198210e+02 5.000000e+00
      vertex   1.455231e+01 3.053130e+02 5.000000e+00
      vertex   1.475211e+01 3.057953e+02 5.000000e+00
    endloop
  endfacet
  facet normal -0.000000e+00 0.000000e+00 1.000000e+00
    outer loop
      vertex   -2.526598e+00 3.198210e+02 5.000000e+00
      vertex   1.475211e+01 3.057953e+02 5.000000e+00
      vertex   -1.879551e+00 3.199062e+02 5.000000e+00
    endloop
  endfacet
  facet normal 0.000000e+00 0.000000e+00 1.000000e+00
    outer loop
      vertex   -1.879551e+00 3.199062e+02 5.000000e+00
      vertex   1.475211e+01 3.057953e+02 5.000000e+00
      vertex   1.506995e+01 3.062095e+02 5.000000e+00
    endloop
  endfacet
  facet normal -0.000000e+00 0.000000e+00 1.000000e+00
    outer loop
      vertex   -1.879551e+00 3.199062e+02 5.000000e+00
      vertex   1.506995e+01 3.062095e+02 5.000000e+00
      vertex   -1.276598e+00 3.201559e+02 5.000000e+00
    endloop
  endfacet
  facet normal 0.000000e+00 0.000000e+00 1.000000e+00
    outer loop
      vertex   -1.276598e+00 3.201559e+02 5.000000e+00
      vertex   1.506995e+01 3.062095e+02 5.000000e+00
      vertex   1.548416e+01 3.065274e+02 5.000000e+00
    endloop
  endfacet
  facet normal 0.000000e+00 0.000000e+00 1.000000e+00
    outer loop
      vertex   -1.276598e+00 3.201559e+02 5.000000e+00
      vertex   1.548416e+01 3.065274e+02 5.000000e+00
      vertex   1.596653e+01 3.067272e+02 5.000000e+00
    endloop
  endfacet
  facet normal 0.000000e+00 0.000000e+00 1.000000e+00
    outer loop
      vertex   1.648416e+01 3.067953e+02 5.000000e+00
      vertex   -3.615349e-01 3.210710e+02 5.000000e+00
      vertex   1.596653e+01 3.067272e+02 5.000000e+00
    endloop
  endfacet
  facet normal 0.000000e+00 0.000000e+00 1.000000e+00
    outer loop
      vertex   1.596653e+01 3.067272e+02 5.000000e+00
      vertex   -3.615349e-01 3.210710e+02 5.000000e+00
      vertex   -7.588315e-01 3.205532e+02 5.000000e+00
    endloop
  endfacet
  facet normal 0.000000e+00 0.000000e+00 1.000000e+00
    outer loop
      vertex   1.596653e+01 3.067272e+02 5.000000e+00
      vertex   -7.588315e-01 3.205532e+02 5.000000e+00
      vertex   -1.276598e+00 3.201559e+02 5.000000e+00
    endloop
  endfacet
  facet normal 0.000000e+00 0.000000e+00 1.000000e+00
    outer loop
      vertex   1.700180e+01 3.067272e+02 5.000000e+00
      vertex   -2.659841e-02 3.223210e+02 5.000000e+00
      vertex   1.648416e+01 3.067953e+02 5.000000e+00
    endloop
  endfacet
  facet normal 0.000000e+00 0.000000e+00 1.000000e+00
    outer loop
      vertex   1.648416e+01 3.067953e+02 5.000000e+00
      vertex   -2.659841e-02 3.223210e+02 5.000000e+00
      vertex   -1.117838e-01 3.216740e+02 5.000000e+00
    endloop
  endfacet
  facet normal 0.000000e+00 0.000000e+00 1.000000e+00
    outer loop
      vertex   1.648416e+01 3.067953e+02 5.000000e+00
      vertex   -1.117838e-01 3.216740e+02 5.000000e+00
      vertex   -3.615349e-01 3.210710e+02 5.000000e+00
    endloop
  endfacet
  facet normal 0.000000e+00 0.000000e+00 1.000000e+00
    outer loop
      vertex   4.188086e+01 3.053979e+02 5.000000e+00
      vertex   4.194901e+01 3.048803e+02 5.000000e+00
      vertex   4.864334e+01 3.013540e+02 5.000000e+00
    endloop
  endfacet
  facet normal 0.000000e+00 0.000000e+00 1.000000e+00
    outer loop
      vertex   4.864334e+01 3.013540e+02 5.000000e+00
      vertex   4.194901e+01 3.048803e+02 5.000000e+00
      vertex   4.188086e+01 3.043627e+02 5.000000e+00
    endloop
  endfacet
  facet normal 0.000000e+00 0.000000e+00 1.000000e+00
    outer loop
      vertex   4.864334e+01 3.013540e+02 5.000000e+00
      vertex   4.188086e+01 3.043627e+02 5.000000e+00
      vertex   4.168106e+01 3.038803e+02 5.000000e+00
    endloop
  endfacet
  facet normal 0.000000e+00 0.000000e+00 1.000000e+00
    outer loop
      vertex   4.168106e+01 3.038803e+02 5.000000e+00
      vertex   4.136322e+01 3.034661e+02 5.000000e+00
      vertex   4.864334e+01 3.013540e+02 5.000000e+00
    endloop
  endfacet
  facet normal 0.000000e+00 0.000000e+00 1.000000e+00
    outer loop
      vertex   4.864334e+01 3.013540e+02 5.000000e+00
      vertex   4.136322e+01 3.034661e+02 5.000000e+00
      vertex   4.094901e+01 3.031482e+02 5.000000e+00
    endloop
  endfacet
  facet normal 0.000000e+00 0.000000e+00 1.000000e+00
    outer loop
      vertex   4.864334e+01 3.013540e+02 5.000000e+00
      vertex   4.094901e+01 3.031482e+02 5.000000e+00
      vertex   4.046665e+01 3.029484e+02 5.000000e+00
    endloop
  endfacet
  facet normal 0.000000e+00 0.000000e+00 1.000000e+00
    outer loop
      vertex   4.046665e+01 3.029484e+02 5.000000e+00
      vertex   3.994901e+01 3.028803e+02 5.000000e+00
      vertex   4.864334e+01 3.013540e+02 5.000000e+00
    endloop
  endfacet
  facet normal 0.000000e+00 0.000000e+00 1.000000e+00
    outer loop
      vertex   3.943137e+01 3.068121e+02 5.000000e+00
      vertex   3.994901e+01 3.068803e+02 5.000000e+00
      vertex   3.976452e+01 3.532668e+02 5.000000e+00
    endloop
  endfacet
  facet normal -0.000000e+00 0.000000e+00 1.000000e+00
    outer loop
      vertex   3.976452e+01 3.532668e+02 5.000000e+00
      vertex   3.994901e+01 3.068803e+02 5.000000e+00
      vertex   4.028216e+01 3.533349e+02 5.000000e+00
    endloop
  endfacet
  facet normal 0.000000e+00 0.000000e+00 1.000000e+00
    outer loop
      vertex   4.028216e+01 3.533349e+02 5.000000e+00
      vertex   3.994901e+01 3.068803e+02 5.000000e+00
      vertex   4.046665e+01 3.068121e+02 5.000000e+00
    endloop
  endfacet
  facet normal -0.000000e+00 0.000000e+00 1.000000e+00
    outer loop
      vertex   4.028216e+01 3.533349e+02 5.000000e+00
      vertex   4.046665e+01 3.068121e+02 5.000000e+00
      vertex   4.076452e+01 3.535347e+02 5.000000e+00
    endloop
  endfacet
  facet normal 0.000000e+00 0.000000e+00 1.000000e+00
    outer loop
      vertex   4.076452e+01 3.535347e+02 5.000000e+00
      vertex   4.046665e+01 3.068121e+02 5.000000e+00
      vertex   4.094901e+01 3.066123e+02 5.000000e+00
    endloop
  endfacet
  facet normal -0.000000e+00 0.000000e+00 1.000000e+00
    outer loop
      vertex   4.076452e+01 3.535347e+02 5.000000e+00
      vertex   4.094901e+01 3.066123e+02 5.000000e+00
      vertex   4.117874e+01 3.538526e+02 5.000000e+00
    endloop
  endfacet
  facet normal 0.000000e+00 0.000000e+00 1.000000e+00
    outer loop
      vertex   4.117874e+01 3.538526e+02 5.000000e+00
      vertex   4.094901e+01 3.066123e+02 5.000000e+00
      vertex   4.136322e+01 3.062945e+02 5.000000e+00
    endloop
  endfacet
  facet normal 0.000000e+00 0.000000e+00 1.000000e+00
    outer loop
      vertex   4.117874e+01 3.538526e+02 5.000000e+00
      vertex   4.136322e+01 3.062945e+02 5.000000e+00
      vertex   4.864334e+01 3.013540e+02 5.000000e+00
    endloop
  endfacet
  facet normal 0.000000e+00 0.000000e+00 1.000000e+00
    outer loop
      vertex   4.864334e+01 3.013540e+02 5.000000e+00
      vertex   4.136322e+01 3.062945e+02 5.000000e+00
      vertex   4.168106e+01 3.058803e+02 5.000000e+00
    endloop
  endfacet
  facet normal 0.000000e+00 0.000000e+00 1.000000e+00
    outer loop
      vertex   4.864334e+01 3.013540e+02 5.000000e+00
      vertex   4.168106e+01 3.058803e+02 5.000000e+00
      vertex   4.188086e+01 3.053979e+02 5.000000e+00
    endloop
  endfacet
  facet normal -0.000000e+00 0.000000e+00 1.000000e+00
    outer loop
      vertex   -4.838712e+01 3.229441e+02 5.000000e+00
      vertex   -5.026598e+00 3.223210e+02 5.000000e+00
      vertex   -4.830194e+01 3.235911e+02 5.000000e+00
    endloop
  endfacet
  facet normal 0.000000e+00 0.000000e+00 1.000000e+00
    outer loop
      vertex   -4.830194e+01 3.235911e+02 5.000000e+00
      vertex   -5.026598e+00 3.223210e+02 5.000000e+00
      vertex   -4.941413e+00 3.229681e+02 5.000000e+00
    endloop
  endfacet
  facet normal -0.000000e+00 -0.000000e+00 1.000000e+00
    outer loop
      vertex   -4.830194e+01 3.235911e+02 5.000000e+00
      vertex   -4.941413e+00 3.229681e+02 5.000000e+00
      vertex   -4.838712e+01 3.242382e+02 5.000000e+00
    endloop
  endfacet
  facet normal 0.000000e+00 0.000000e+00 1.000000e+00
    outer loop
      vertex   -4.838712e+01 3.242382e+02 5.000000e+00
      vertex   -4.941413e+00 3.229681e+02 5.000000e+00
      vertex   -4.691662e+00 3.235710e+02 5.000000e+00
    endloop
  endfacet
  facet normal -0.000000e+00 -0.000000e+00 1.000000e+00
    outer loop
      vertex   -4.838712e+01 3.242382e+02 5.000000e+00
      vertex   -4.691662e+00 3.235710e+02 5.000000e+00
      vertex   -4.863687e+01 3.248411e+02 5.000000e+00
    endloop
  endfacet
  facet normal 0.000000e+00 0.000000e+00 1.000000e+00
    outer loop
      vertex   -4.863687e+01 3.248411e+02 5.000000e+00
      vertex   -4.691662e+00 3.235710e+02 5.000000e+00
      vertex   -4.294365e+00 3.240888e+02 5.000000e+00
    endloop
  endfacet
  facet normal -0.000000e+00 -0.000000e+00 1.000000e+00
    outer loop
      vertex   -4.863687e+01 3.248411e+02 5.000000e+00
      vertex   -4.294365e+00 3.240888e+02 5.000000e+00
      vertex   -4.903417e+01 3.253589e+02 5.000000e+00
    endloop
  endfacet
  facet normal 0.000000e+00 0.000000e+00 1.000000e+00
    outer loop
      vertex   -4.903417e+01 3.253589e+02 5.000000e+00
      vertex   -4.294365e+00 3.240888e+02 5.000000e+00
      vertex   -3.776598e+00 3.244861e+02 5.000000e+00
    endloop
  endfacet
  facet normal -0.000000e+00 -0.000000e+00 1.000000e+00
    outer loop
      vertex   -4.903417e+01 3.253589e+02 5.000000e+00
      vertex   -3.776598e+00 3.244861e+02 5.000000e+00
      vertex   -4.955194e+01 3.257562e+02 5.000000e+00
    endloop
  endfacet
  facet normal -0.000000e+00 0.000000e+00 1.000000e+00
    outer loop
      vertex   -4.955194e+01 3.257562e+02 5.000000e+00
      vertex   -3.776598e+00 3.244861e+02 5.000000e+00
      vertex   -3.491193e+01 3.719743e+02 5.000000e+00
    endloop
  endfacet
  facet normal 0.000000e+00 0.000000e+00 1.000000e+00
    outer loop
      vertex   -4.955194e+01 3.257562e+02 5.000000e+00
      vertex   -3.491193e+01 3.719743e+02 5.000000e+00
      vertex   -3.555898e+01 3.718891e+02 5.000000e+00
    endloop
  endfacet
  facet normal 0.000000e+00 0.000000e+00 1.000000e+00
    outer loop
      vertex   -5.026598e+00 3.223210e+02 5.000000e+00
      vertex   -4.838712e+01 3.229441e+02 5.000000e+00
      vertex   -4.941413e+00 3.216740e+02 5.000000e+00
    endloop
  endfacet
  facet normal 0.000000e+00 0.000000e+00 1.000000e+00
    outer loop
      vertex   -4.941413e+00 3.216740e+02 5.000000e+00
      vertex   -4.838712e+01 3.229441e+02 5.000000e+00
      vertex   -4.863687e+01 3.223411e+02 5.000000e+00
    endloop
  endfacet
  facet normal 0.000000e+00 0.000000e+00 1.000000e+00
    outer loop
      vertex   -4.941413e+00 3.216740e+02 5.000000e+00
      vertex   -4.863687e+01 3.223411e+02 5.000000e+00
      vertex   -4.691662e+00 3.210710e+02 5.000000e+00
    endloop
  endfacet
  facet normal 0.000000e+00 0.000000e+00 1.000000e+00
    outer loop
      vertex   -4.691662e+00 3.210710e+02 5.000000e+00
      vertex   -4.863687e+01 3.223411e+02 5.000000e+00
      vertex   -4.903417e+01 3.218234e+02 5.000000e+00
    endloop
  endfacet
  facet normal 0.000000e+00 0.000000e+00 1.000000e+00
    outer loop
      vertex   -4.691662e+00 3.210710e+02 5.000000e+00
      vertex   -4.903417e+01 3.218234e+02 5.000000e+00
      vertex   -4.294365e+00 3.205532e+02 5.000000e+00
    endloop
  endfacet
  facet normal 0.000000e+00 0.000000e+00 1.000000e+00
    outer loop
      vertex   -4.294365e+00 3.205532e+02 5.000000e+00
      vertex   -4.903417e+01 3.218234e+02 5.000000e+00
      vertex   -4.955194e+01 3.214261e+02 5.000000e+00
    endloop
  endfacet
  facet normal 0.000000e+00 0.000000e+00 1.000000e+00
    outer loop
      vertex   -4.294365e+00 3.205532e+02 5.000000e+00
      vertex   -4.955194e+01 3.214261e+02 5.000000e+00
      vertex   -3.776598e+00 3.201559e+02 5.000000e+00
    endloop
  endfacet
  facet normal 0.000000e+00 0.000000e+00 1.000000e+00
    outer loop
      vertex   -3.776598e+00 3.201559e+02 5.000000e+00
      vertex   -4.955194e+01 3.214261e+02 5.000000e+00
      vertex   -6.420696e+01 3.013540e+02 5.000000e+00
    endloop
  endfacet
  facet normal 0.000000e+00 0.000000e+00 1.000000e+00
    outer loop
      vertex   -3.776598e+00 3.201559e+02 5.000000e+00
      vertex   -6.420696e+01 3.013540e+02 5.000000e+00
      vertex   -3.173646e+00 3.199062e+02 5.000000e+00
    endloop
  endfacet
  facet normal 0.000000e+00 0.000000e+00 1.000000e+00
    outer loop
      vertex   -4.955194e+01 3.214261e+02 5.000000e+00
      vertex   -5.015489e+01 3.211763e+02 5.000000e+00
      vertex   -6.420696e+01 3.013540e+02 5.000000e+00
    endloop
  endfacet
  facet normal 0.000000e+00 0.000000e+00 1.000000e+00
    outer loop
      vertex   -6.420696e+01 3.013540e+02 5.000000e+00
      vertex   -5.015489e+01 3.211763e+02 5.000000e+00
      vertex   -5.080194e+01 3.210911e+02 5.000000e+00
    endloop
  endfacet
  facet normal 0.000000e+00 0.000000e+00 1.000000e+00
    outer loop
      vertex   -6.420696e+01 3.013540e+02 5.000000e+00
      vertex   -5.080194e+01 3.210911e+02 5.000000e+00
      vertex   -5.144898e+01 3.211763e+02 5.000000e+00
    endloop
  endfacet
  facet normal 0.000000e+00 0.000000e+00 1.000000e+00
    outer loop
      vertex   -5.144898e+01 3.211763e+02 5.000000e+00
      vertex   -5.205194e+01 3.214261e+02 5.000000e+00
      vertex   -6.420696e+01 3.013540e+02 5.000000e+00
    endloop
  endfacet
  facet normal 0.000000e+00 0.000000e+00 1.000000e+00
    outer loop
      vertex   -6.420696e+01 3.013540e+02 5.000000e+00
      vertex   -5.205194e+01 3.214261e+02 5.000000e+00
      vertex   -5.256970e+01 3.218234e+02 5.000000e+00
    endloop
  endfacet
  facet normal 0.000000e+00 0.000000e+00 1.000000e+00
    outer loop
      vertex   -6.420696e+01 3.013540e+02 5.000000e+00
      vertex   -5.256970e+01 3.218234e+02 5.000000e+00
      vertex   -5.296700e+01 3.223411e+02 5.000000e+00
    endloop
  endfacet
  facet normal 0.000000e+00 0.000000e+00 1.000000e+00
    outer loop
      vertex   -5.296700e+01 3.223411e+02 5.000000e+00
      vertex   -5.321675e+01 3.229441e+02 5.000000e+00
      vertex   -6.420696e+01 3.013540e+02 5.000000e+00
    endloop
  endfacet
  facet normal 0.000000e+00 0.000000e+00 1.000000e+00
    outer loop
      vertex   -6.420696e+01 3.013540e+02 5.000000e+00
      vertex   -5.321675e+01 3.229441e+02 5.000000e+00
      vertex   -5.330194e+01 3.235911e+02 5.000000e+00
    endloop
  endfacet
  facet normal 0.000000e+00 0.000000e+00 1.000000e+00
    outer loop
      vertex   -6.420696e+01 3.013540e+02 5.000000e+00
      vertex   -5.330194e+01 3.235911e+02 5.000000e+00
      vertex   -5.321675e+01 3.242382e+02 5.000000e+00
    endloop
  endfacet
  facet normal 0.000000e+00 -0.000000e+00 1.000000e+00
    outer loop
      vertex   -5.256970e+01 3.253589e+02 5.000000e+00
      vertex   -5.205194e+01 3.257562e+02 5.000000e+00
      vertex   -6.420696e+01 3.783986e+02 5.000000e+00
    endloop
  endfacet
  facet normal 0.000000e+00 0.000000e+00 1.000000e+00
    outer loop
      vertex   -6.420696e+01 3.783986e+02 5.000000e+00
      vertex   -5.205194e+01 3.257562e+02 5.000000e+00
      vertex   -5.144898e+01 3.260059e+02 5.000000e+00
    endloop
  endfacet
  facet normal 0.000000e+00 0.000000e+00 1.000000e+00
    outer loop
      vertex   -6.420696e+01 3.783986e+02 5.000000e+00
      vertex   -5.144898e+01 3.260059e+02 5.000000e+00
      vertex   -3.680898e+01 3.722241e+02 5.000000e+00
    endloop
  endfacet
  facet normal 0.000000e+00 0.000000e+00 1.000000e+00
    outer loop
      vertex   -3.680898e+01 3.722241e+02 5.000000e+00
      vertex   -5.144898e+01 3.260059e+02 5.000000e+00
      vertex   -5.080194e+01 3.260911e+02 5.000000e+00
    endloop
  endfacet
  facet normal 0.000000e+00 0.000000e+00 1.000000e+00
    outer loop
      vertex   -3.680898e+01 3.722241e+02 5.000000e+00
      vertex   -5.080194e+01 3.260911e+02 5.000000e+00
      vertex   -3.620603e+01 3.719743e+02 5.000000e+00
    endloop
  endfacet
  facet normal 0.000000e+00 0.000000e+00 1.000000e+00
    outer loop
      vertex   -3.620603e+01 3.719743e+02 5.000000e+00
      vertex   -5.080194e+01 3.260911e+02 5.000000e+00
      vertex   -5.015489e+01 3.260059e+02 5.000000e+00
    endloop
  endfacet
  facet normal 0.000000e+00 0.000000e+00 1.000000e+00
    outer loop
      vertex   -3.620603e+01 3.719743e+02 5.000000e+00
      vertex   -5.015489e+01 3.260059e+02 5.000000e+00
      vertex   -3.555898e+01 3.718891e+02 5.000000e+00
    endloop
  endfacet
  facet normal 0.000000e+00 0.000000e+00 1.000000e+00
    outer loop
      vertex   -3.555898e+01 3.718891e+02 5.000000e+00
      vertex   -5.015489e+01 3.260059e+02 5.000000e+00
      vertex   -4.955194e+01 3.257562e+02 5.000000e+00
    endloop
  endfacet
  facet normal -0.000000e+00 0.000000e+00 1.000000e+00
    outer loop
      vertex   -5.194414e+00 3.737454e+02 5.000000e+00
      vertex   1.628318e+01 3.571838e+02 5.000000e+00
      vertex   -5.109229e+00 3.743925e+02 5.000000e+00
    endloop
  endfacet
  facet normal 0.000000e+00 0.000000e+00 1.000000e+00
    outer loop
      vertex   -5.109229e+00 3.743925e+02 5.000000e+00
      vertex   1.628318e+01 3.571838e+02 5.000000e+00
      vertex   1.680082e+01 3.571157e+02 5.000000e+00
    endloop
  endfacet
  facet normal -0.000000e+00 0.000000e+00 1.000000e+00
    outer loop
      vertex   -5.109229e+00 3.743925e+02 5.000000e+00
      vertex   1.680082e+01 3.571157e+02 5.000000e+00
      vertex   4.864334e+01 3.783986e+02 5.000000e+00
    endloop
  endfacet
  facet normal 0.000000e+00 0.000000e+00 1.000000e+00
    outer loop
      vertex   4.864334e+01 3.783986e+02 5.000000e+00
      vertex   1.680082e+01 3.571157e+02 5.000000e+00
      vertex   3.924689e+01 3.571986e+02 5.000000e+00
    endloop
  endfacet
  facet normal 0.000000e+00 0.000000e+00 1.000000e+00
    outer loop
      vertex   4.864334e+01 3.783986e+02 5.000000e+00
      vertex   3.924689e+01 3.571986e+02 5.000000e+00
      vertex   3.976452e+01 3.572668e+02 5.000000e+00
    endloop
  endfacet
  facet normal 0.000000e+00 0.000000e+00 1.000000e+00
    outer loop
      vertex   -5.194414e+00 3.737454e+02 5.000000e+00
      vertex   -5.444165e+00 3.731425e+02 5.000000e+00
      vertex   1.628318e+01 3.571838e+02 5.000000e+00
    endloop
  endfacet
  facet normal 0.000000e+00 0.000000e+00 1.000000e+00
    outer loop
      vertex   1.628318e+01 3.571838e+02 5.000000e+00
      vertex   -5.444165e+00 3.731425e+02 5.000000e+00
      vertex   1.576554e+01 3.571157e+02 5.000000e+00
    endloop
  endfacet
  facet normal 0.000000e+00 0.000000e+00 1.000000e+00
    outer loop
      vertex   1.576554e+01 3.571157e+02 5.000000e+00
      vertex   -5.444165e+00 3.731425e+02 5.000000e+00
      vertex   -5.841462e+00 3.726247e+02 5.000000e+00
    endloop
  endfacet
  facet normal 0.000000e+00 0.000000e+00 1.000000e+00
    outer loop
      vertex   1.576554e+01 3.571157e+02 5.000000e+00
      vertex   -5.841462e+00 3.726247e+02 5.000000e+00
      vertex   1.528318e+01 3.569159e+02 5.000000e+00
    endloop
  endfacet
  facet normal 0.000000e+00 0.000000e+00 1.000000e+00
    outer loop
      vertex   1.528318e+01 3.569159e+02 5.000000e+00
      vertex   -5.841462e+00 3.726247e+02 5.000000e+00
      vertex   -6.359229e+00 3.722274e+02 5.000000e+00
    endloop
  endfacet
  facet normal 0.000000e+00 0.000000e+00 1.000000e+00
    outer loop
      vertex   1.528318e+01 3.569159e+02 5.000000e+00
      vertex   -6.359229e+00 3.722274e+02 5.000000e+00
      vertex   1.486897e+01 3.565981e+02 5.000000e+00
    endloop
  endfacet
  facet normal 0.000000e+00 0.000000e+00 1.000000e+00
    outer loop
      vertex   1.486897e+01 3.565981e+02 5.000000e+00
      vertex   -6.359229e+00 3.722274e+02 5.000000e+00
      vertex   -6.962181e+00 3.719777e+02 5.000000e+00
    endloop
  endfacet
  facet normal 0.000000e+00 0.000000e+00 1.000000e+00
    outer loop
      vertex   1.486897e+01 3.565981e+02 5.000000e+00
      vertex   -6.962181e+00 3.719777e+02 5.000000e+00
      vertex   1.455113e+01 3.561838e+02 5.000000e+00
    endloop
  endfacet
  facet normal 0.000000e+00 0.000000e+00 1.000000e+00
    outer loop
      vertex   1.455113e+01 3.561838e+02 5.000000e+00
      vertex   -6.962181e+00 3.719777e+02 5.000000e+00
      vertex   1.435133e+01 3.557015e+02 5.000000e+00
    endloop
  endfacet
  facet normal 0.000000e+00 0.000000e+00 1.000000e+00
    outer loop
      vertex   1.435133e+01 3.557015e+02 5.000000e+00
      vertex   -6.962181e+00 3.719777e+02 5.000000e+00
      vertex   -7.609229e+00 3.718925e+02 5.000000e+00
    endloop
  endfacet
  facet normal 0.000000e+00 0.000000e+00 1.000000e+00
    outer loop
      vertex   1.435133e+01 3.557015e+02 5.000000e+00
      vertex   -7.609229e+00 3.718925e+02 5.000000e+00
      vertex   1.428318e+01 3.551838e+02 5.000000e+00
    endloop
  endfacet
  facet normal 0.000000e+00 0.000000e+00 1.000000e+00
    outer loop
      vertex   1.428318e+01 3.551838e+02 5.000000e+00
      vertex   -7.609229e+00 3.718925e+02 5.000000e+00
      vertex   -8.256277e+00 3.719777e+02 5.000000e+00
    endloop
  endfacet
  facet normal 0.000000e+00 0.000000e+00 1.000000e+00
    outer loop
      vertex   1.428318e+01 3.551838e+02 5.000000e+00
      vertex   -8.256277e+00 3.719777e+02 5.000000e+00
      vertex   1.435133e+01 3.546662e+02 5.000000e+00
    endloop
  endfacet
  facet normal 0.000000e+00 0.000000e+00 1.000000e+00
    outer loop
      vertex   1.435133e+01 3.546662e+02 5.000000e+00
      vertex   -8.256277e+00 3.719777e+02 5.000000e+00
      vertex   -3.491193e+01 3.719743e+02 5.000000e+00
    endloop
  endfacet
  facet normal 0.000000e+00 0.000000e+00 1.000000e+00
    outer loop
      vertex   1.435133e+01 3.546662e+02 5.000000e+00
      vertex   -3.491193e+01 3.719743e+02 5.000000e+00
      vertex   1.455113e+01 3.541838e+02 5.000000e+00
    endloop
  endfacet
  facet normal 0.000000e+00 0.000000e+00 1.000000e+00
    outer loop
      vertex   1.455113e+01 3.541838e+02 5.000000e+00
      vertex   -3.491193e+01 3.719743e+02 5.000000e+00
      vertex   -3.173646e+00 3.247358e+02 5.000000e+00
    endloop
  endfacet
  facet normal 0.000000e+00 0.000000e+00 1.000000e+00
    outer loop
      vertex   1.455113e+01 3.541838e+02 5.000000e+00
      vertex   -3.173646e+00 3.247358e+02 5.000000e+00
      vertex   1.486897e+01 3.537696e+02 5.000000e+00
    endloop
  endfacet
  facet normal 0.000000e+00 0.000000e+00 1.000000e+00
    outer loop
      vertex   1.486897e+01 3.537696e+02 5.000000e+00
      vertex   -3.173646e+00 3.247358e+02 5.000000e+00
      vertex   -2.526598e+00 3.248210e+02 5.000000e+00
    endloop
  endfacet
  facet normal 0.000000e+00 0.000000e+00 1.000000e+00
    outer loop
      vertex   1.486897e+01 3.537696e+02 5.000000e+00
      vertex   -2.526598e+00 3.248210e+02 5.000000e+00
      vertex   1.528318e+01 3.534518e+02 5.000000e+00
    endloop
  endfacet
  facet normal 0.000000e+00 0.000000e+00 1.000000e+00
    outer loop
      vertex   1.528318e+01 3.534518e+02 5.000000e+00
      vertex   -2.526598e+00 3.248210e+02 5.000000e+00
      vertex   -1.879551e+00 3.247358e+02 5.000000e+00
    endloop
  endfacet
  facet normal 0.000000e+00 0.000000e+00 1.000000e+00
    outer loop
      vertex   1.528318e+01 3.534518e+02 5.000000e+00
      vertex   -1.879551e+00 3.247358e+02 5.000000e+00
      vertex   1.576554e+01 3.532520e+02 5.000000e+00
    endloop
  endfacet
  facet normal 0.000000e+00 0.000000e+00 1.000000e+00
    outer loop
      vertex   1.576554e+01 3.532520e+02 5.000000e+00
      vertex   -1.879551e+00 3.247358e+02 5.000000e+00
      vertex   -1.276598e+00 3.244861e+02 5.000000e+00
    endloop
  endfacet
  facet normal 0.000000e+00 0.000000e+00 1.000000e+00
    outer loop
      vertex   1.576554e+01 3.532520e+02 5.000000e+00
      vertex   -1.276598e+00 3.244861e+02 5.000000e+00
      vertex   1.628318e+01 3.531838e+02 5.000000e+00
    endloop
  endfacet
  facet normal 0.000000e+00 0.000000e+00 1.000000e+00
    outer loop
      vertex   1.628318e+01 3.531838e+02 5.000000e+00
      vertex   -1.276598e+00 3.244861e+02 5.000000e+00
      vertex   -7.588315e-01 3.240888e+02 5.000000e+00
    endloop
  endfacet
  facet normal -0.000000e+00 0.000000e+00 1.000000e+00
    outer loop
      vertex   1.628318e+01 3.531838e+02 5.000000e+00
      vertex   -7.588315e-01 3.240888e+02 5.000000e+00
      vertex   1.680082e+01 3.532520e+02 5.000000e+00
    endloop
  endfacet
  facet normal 0.000000e+00 0.000000e+00 1.000000e+00
    outer loop
      vertex   1.680082e+01 3.532520e+02 5.000000e+00
      vertex   -7.588315e-01 3.240888e+02 5.000000e+00
      vertex   -3.615349e-01 3.235710e+02 5.000000e+00
    endloop
  endfacet
  facet normal -0.000000e+00 0.000000e+00 1.000000e+00
    outer loop
      vertex   1.680082e+01 3.532520e+02 5.000000e+00
      vertex   -3.615349e-01 3.235710e+02 5.000000e+00
      vertex   3.924689e+01 3.533349e+02 5.000000e+00
    endloop
  endfacet
  facet normal 0.000000e+00 0.000000e+00 1.000000e+00
    outer loop
      vertex   -3.491193e+01 3.719743e+02 5.000000e+00
      vertex   -8.256277e+00 3.719777e+02 5.000000e+00
      vertex   -3.430898e+01 3.722241e+02 5.000000e+00
    endloop
  endfacet
  facet normal -0.000000e+00 0.000000e+00 1.000000e+00
    outer loop
      vertex   -3.430898e+01 3.722241e+02 5.000000e+00
      vertex   -8.256277e+00 3.719777e+02 5.000000e+00
      vertex   -8.859229e+00 3.722274e+02 5.000000e+00
    endloop
  endfacet
  facet normal 0.000000e+00 0.000000e+00 1.000000e+00
    outer loop
      vertex   -3.430898e+01 3.722241e+02 5.000000e+00
      vertex   -8.859229e+00 3.722274e+02 5.000000e+00
      vertex   -3.379121e+01 3.726213e+02 5.000000e+00
    endloop
  endfacet
  facet normal -0.000000e+00 0.000000e+00 1.000000e+00
    outer loop
      vertex   -3.379121e+01 3.726213e+02 5.000000e+00
      vertex   -8.859229e+00 3.722274e+02 5.000000e+00
      vertex   -9.376996e+00 3.726247e+02 5.000000e+00
    endloop
  endfacet
  facet normal 0.000000e+00 0.000000e+00 1.000000e+00
    outer loop
      vertex   -3.379121e+01 3.726213e+02 5.000000e+00
      vertex   -9.376996e+00 3.726247e+02 5.000000e+00
      vertex   -3.339392e+01 3.731391e+02 5.000000e+00
    endloop
  endfacet
  facet normal -0.000000e+00 0.000000e+00 1.000000e+00
    outer loop
      vertex   -3.339392e+01 3.731391e+02 5.000000e+00
      vertex   -9.376996e+00 3.726247e+02 5.000000e+00
      vertex   -9.774292e+00 3.731425e+02 5.000000e+00
    endloop
  endfacet
  facet normal 0.000000e+00 0.000000e+00 1.000000e+00
    outer loop
      vertex   -3.339392e+01 3.731391e+02 5.000000e+00
      vertex   -9.774292e+00 3.731425e+02 5.000000e+00
      vertex   -3.314417e+01 3.737421e+02 5.000000e+00
    endloop
  endfacet
  facet normal -0.000000e+00 0.000000e+00 1.000000e+00
    outer loop
      vertex   -3.314417e+01 3.737421e+02 5.000000e+00
      vertex   -9.774292e+00 3.731425e+02 5.000000e+00
      vertex   -1.002404e+01 3.737454e+02 5.000000e+00
    endloop
  endfacet
  facet normal 0.000000e+00 0.000000e+00 1.000000e+00
    outer loop
      vertex   -3.314417e+01 3.737421e+02 5.000000e+00
      vertex   -1.002404e+01 3.737454e+02 5.000000e+00
      vertex   -3.305898e+01 3.743891e+02 5.000000e+00
    endloop
  endfacet
  facet normal -0.000000e+00 0.000000e+00 1.000000e+00
    outer loop
      vertex   -3.305898e+01 3.743891e+02 5.000000e+00
      vertex   -1.002404e+01 3.737454e+02 5.000000e+00
      vertex   -1.010923e+01 3.743925e+02 5.000000e+00
    endloop
  endfacet
  facet normal 0.000000e+00 -0.000000e+00 1.000000e+00
    outer loop
      vertex   -3.305898e+01 3.743891e+02 5.000000e+00
      vertex   -1.010923e+01 3.743925e+02 5.000000e+00
      vertex   -3.314417e+01 3.750362e+02 5.000000e+00
    endloop
  endfacet
  facet normal -0.000000e+00 0.000000e+00 1.000000e+00
    outer loop
      vertex   -3.314417e+01 3.750362e+02 5.000000e+00
      vertex   -1.010923e+01 3.743925e+02 5.000000e+00
      vertex   -1.002404e+01 3.750395e+02 5.000000e+00
    endloop
  endfacet
  facet normal 0.000000e+00 -0.000000e+00 1.000000e+00
    outer loop
      vertex   -3.314417e+01 3.750362e+02 5.000000e+00
      vertex   -1.002404e+01 3.750395e+02 5.000000e+00
      vertex   -3.339392e+01 3.756391e+02 5.000000e+00
    endloop
  endfacet
  facet normal -0.000000e+00 0.000000e+00 1.000000e+00
    outer loop
      vertex   -3.339392e+01 3.756391e+02 5.000000e+00
      vertex   -1.002404e+01 3.750395e+02 5.000000e+00
      vertex   -9.774292e+00 3.756425e+02 5.000000e+00
    endloop
  endfacet
  facet normal 0.000000e+00 -0.000000e+00 1.000000e+00
    outer loop
      vertex   -3.339392e+01 3.756391e+02 5.000000e+00
      vertex   -9.774292e+00 3.756425e+02 5.000000e+00
      vertex   -3.379121e+01 3.761569e+02 5.000000e+00
    endloop
  endfacet
  facet normal -0.000000e+00 0.000000e+00 1.000000e+00
    outer loop
      vertex   -3.379121e+01 3.761569e+02 5.000000e+00
      vertex   -9.774292e+00 3.756425e+02 5.000000e+00
      vertex   -9.376996e+00 3.761602e+02 5.000000e+00
    endloop
  endfacet
  facet normal 0.000000e+00 -0.000000e+00 1.000000e+00
    outer loop
      vertex   -3.379121e+01 3.761569e+02 5.000000e+00
      vertex   -9.376996e+00 3.761602e+02 5.000000e+00
      vertex   -3.430898e+01 3.765542e+02 5.000000e+00
    endloop
  endfacet
  facet normal -0.000000e+00 0.000000e+00 1.000000e+00
    outer loop
      vertex   -3.430898e+01 3.765542e+02 5.000000e+00
      vertex   -9.376996e+00 3.761602e+02 5.000000e+00
      vertex   -8.859229e+00 3.765575e+02 5.000000e+00
    endloop
  endfacet
  facet normal 0.000000e+00 -0.000000e+00 1.000000e+00
    outer loop
      vertex   -3.430898e+01 3.765542e+02 5.000000e+00
      vertex   -8.859229e+00 3.765575e+02 5.000000e+00
      vertex   -3.491193e+01 3.768039e+02 5.000000e+00
    endloop
  endfacet
  facet normal -0.000000e+00 0.000000e+00 1.000000e+00
    outer loop
      vertex   -3.491193e+01 3.768039e+02 5.000000e+00
      vertex   -8.859229e+00 3.765575e+02 5.000000e+00
      vertex   -8.256277e+00 3.768073e+02 5.000000e+00
    endloop
  endfacet
  facet normal 0.000000e+00 -0.000000e+00 1.000000e+00
    outer loop
      vertex   -3.491193e+01 3.768039e+02 5.000000e+00
      vertex   -8.256277e+00 3.768073e+02 5.000000e+00
      vertex   -3.555898e+01 3.768891e+02 5.000000e+00
    endloop
  endfacet
  facet normal -0.000000e+00 0.000000e+00 1.000000e+00
    outer loop
      vertex   -3.555898e+01 3.768891e+02 5.000000e+00
      vertex   -8.256277e+00 3.768073e+02 5.000000e+00
      vertex   -7.609229e+00 3.768925e+02 5.000000e+00
    endloop
  endfacet
  facet normal 0.000000e+00 -0.000000e+00 1.000000e+00
    outer loop
      vertex   -3.555898e+01 3.768891e+02 5.000000e+00
      vertex   -7.609229e+00 3.768925e+02 5.000000e+00
      vertex   -6.420696e+01 3.783986e+02 5.000000e+00
    endloop
  endfacet
  facet normal -0.000000e+00 0.000000e+00 1.000000e+00
    outer loop
      vertex   -6.359229e+00 3.765575e+02 5.000000e+00
      vertex   -5.841462e+00 3.761602e+02 5.000000e+00
      vertex   4.864334e+01 3.783986e+02 5.000000e+00
    endloop
  endfacet
  facet normal 0.000000e+00 0.000000e+00 1.000000e+00
    outer loop
      vertex   4.864334e+01 3.783986e+02 5.000000e+00
      vertex   -5.841462e+00 3.761602e+02 5.000000e+00
      vertex   -5.444165e+00 3.756425e+02 5.000000e+00
    endloop
  endfacet
  facet normal 0.000000e+00 0.000000e+00 1.000000e+00
    outer loop
      vertex   4.864334e+01 3.783986e+02 5.000000e+00
      vertex   -5.444165e+00 3.756425e+02 5.000000e+00
      vertex   -5.194414e+00 3.750395e+02 5.000000e+00
    endloop
  endfacet
  facet normal -0.000000e+00 0.000000e+00 1.000000e+00
    outer loop
      vertex   -5.194414e+00 3.750395e+02 5.000000e+00
      vertex   -5.109229e+00 3.743925e+02 5.000000e+00
      vertex   4.864334e+01 3.783986e+02 5.000000e+00
    endloop
  endfacet
  facet normal 0.000000e+00 -0.000000e+00 1.000000e+00
    outer loop
      vertex   -3.776598e+00 3.244861e+02 5.000000e+00
      vertex   -3.173646e+00 3.247358e+02 5.000000e+00
      vertex   -3.491193e+01 3.719743e+02 5.000000e+00
    endloop
  endfacet
  facet normal 0.000000e+00 0.000000e+00 1.000000e+00
    outer loop
      vertex   -1.117838e-01 3.229681e+02 5.000000e+00
      vertex   -2.659841e-02 3.223210e+02 5.000000e+00
      vertex   1.700180e+01 3.067272e+02 5.000000e+00
    endloop
  endfacet
  facet normal 0.000000e+00 0.000000e+00 1.000000e+00
    outer loop
      vertex   -3.680898e+01 3.722241e+02 5.000000e+00
      vertex   -3.732675e+01 3.726213e+02 5.000000e+00
      vertex   -6.420696e+01 3.783986e+02 5.000000e+00
    endloop
  endfacet
  facet normal 0.000000e+00 0.000000e+00 1.000000e+00
    outer loop
      vertex   -6.420696e+01 3.783986e+02 5.000000e+00
      vertex   -3.732675e+01 3.726213e+02 5.000000e+00
      vertex   -3.772404e+01 3.731391e+02 5.000000e+00
    endloop
  endfacet
  facet normal 0.000000e+00 0.000000e+00 1.000000e+00
    outer loop
      vertex   -6.420696e+01 3.783986e+02 5.000000e+00
      vertex   -3.772404e+01 3.731391e+02 5.000000e+00
      vertex   -3.797379e+01 3.737421e+02 5.000000e+00
    endloop
  endfacet
  facet normal 0.000000e+00 0.000000e+00 1.000000e+00
    outer loop
      vertex   -3.797379e+01 3.737421e+02 5.000000e+00
      vertex   -3.805898e+01 3.743891e+02 5.000000e+00
      vertex   -6.420696e+01 3.783986e+02 5.000000e+00
    endloop
  endfacet
  facet normal 0.000000e+00 0.000000e+00 1.000000e+00
    outer loop
      vertex   -6.420696e+01 3.783986e+02 5.000000e+00
      vertex   -3.805898e+01 3.743891e+02 5.000000e+00
      vertex   -3.797379e+01 3.750362e+02 5.000000e+00
    endloop
  endfacet
  facet normal 0.000000e+00 0.000000e+00 1.000000e+00
    outer loop
      vertex   -6.420696e+01 3.783986e+02 5.000000e+00
      vertex   -3.797379e+01 3.750362e+02 5.000000e+00
      vertex   -3.772404e+01 3.756391e+02 5.000000e+00
    endloop
  endfacet
  facet normal 0.000000e+00 -0.000000e+00 1.000000e+00
    outer loop
      vertex   -3.772404e+01 3.756391e+02 5.000000e+00
      vertex   -3.732675e+01 3.761569e+02 5.000000e+00
      vertex   -6.420696e+01 3.783986e+02 5.000000e+00
    endloop
  endfacet
  facet normal 0.000000e+00 0.000000e+00 1.000000e+00
    outer loop
      vertex   -6.420696e+01 3.783986e+02 5.000000e+00
      vertex   -3.732675e+01 3.761569e+02 5.000000e+00
      vertex   -3.680898e+01 3.765542e+02 5.000000e+00
    endloop
  endfacet
  facet normal 0.000000e+00 0.000000e+00 1.000000e+00
    outer loop
      vertex   -6.420696e+01 3.783986e+02 5.000000e+00
      vertex   -3.680898e+01 3.765542e+02 5.000000e+00
      vertex   -3.620603e+01 3.768039e+02 5.000000e+00
    endloop
  endfacet
  facet normal 0.000000e+00 -0.000000e+00 1.000000e+00
    outer loop
      vertex   -3.620603e+01 3.768039e+02 5.000000e+00
      vertex   -3.555898e+01 3.768891e+02 5.000000e+00
      vertex   -6.420696e+01 3.783986e+02 5.000000e+00
    endloop
  endfacet
  facet normal -0.000000e+00 0.000000e+00 1.000000e+00
    outer loop
      vertex   4.169637e+01 3.557844e+02 5.000000e+00
      vertex   4.176452e+01 3.552668e+02 5.000000e+00
      vertex   4.864334e+01 3.783986e+02 5.000000e+00
    endloop
  endfacet
  facet normal 0.000000e+00 0.000000e+00 1.000000e+00
    outer loop
      vertex   4.864334e+01 3.783986e+02 5.000000e+00
      vertex   4.176452e+01 3.552668e+02 5.000000e+00
      vertex   4.169637e+01 3.547491e+02 5.000000e+00
    endloop
  endfacet
  facet normal 0.000000e+00 0.000000e+00 1.000000e+00
    outer loop
      vertex   1.680082e+01 3.532520e+02 5.000000e+00
      vertex   3.924689e+01 3.533349e+02 5.000000e+00
      vertex   1.728318e+01 3.534518e+02 5.000000e+00
    endloop
  endfacet
  facet normal -0.000000e+00 0.000000e+00 1.000000e+00
    outer loop
      vertex   1.728318e+01 3.534518e+02 5.000000e+00
      vertex   3.924689e+01 3.533349e+02 5.000000e+00
      vertex   3.876452e+01 3.535347e+02 5.000000e+00
    endloop
  endfacet
  facet normal 0.000000e+00 0.000000e+00 1.000000e+00
    outer loop
      vertex   1.728318e+01 3.534518e+02 5.000000e+00
      vertex   3.876452e+01 3.535347e+02 5.000000e+00
      vertex   1.769739e+01 3.537696e+02 5.000000e+00
    endloop
  endfacet
  facet normal -0.000000e+00 0.000000e+00 1.000000e+00
    outer loop
      vertex   1.769739e+01 3.537696e+02 5.000000e+00
      vertex   3.876452e+01 3.535347e+02 5.000000e+00
      vertex   3.835031e+01 3.538526e+02 5.000000e+00
    endloop
  endfacet
  facet normal 0.000000e+00 0.000000e+00 1.000000e+00
    outer loop
      vertex   1.769739e+01 3.537696e+02 5.000000e+00
      vertex   3.835031e+01 3.538526e+02 5.000000e+00
      vertex   1.801523e+01 3.541838e+02 5.000000e+00
    endloop
  endfacet
  facet normal -0.000000e+00 0.000000e+00 1.000000e+00
    outer loop
      vertex   1.801523e+01 3.541838e+02 5.000000e+00
      vertex   3.835031e+01 3.538526e+02 5.000000e+00
      vertex   3.803247e+01 3.542668e+02 5.000000e+00
    endloop
  endfacet
  facet normal 0.000000e+00 0.000000e+00 1.000000e+00
    outer loop
      vertex   1.801523e+01 3.541838e+02 5.000000e+00
      vertex   3.803247e+01 3.542668e+02 5.000000e+00
      vertex   1.821503e+01 3.546662e+02 5.000000e+00
    endloop
  endfacet
  facet normal -0.000000e+00 0.000000e+00 1.000000e+00
    outer loop
      vertex   1.821503e+01 3.546662e+02 5.000000e+00
      vertex   3.803247e+01 3.542668e+02 5.000000e+00
      vertex   3.783267e+01 3.547491e+02 5.000000e+00
    endloop
  endfacet
  facet normal 0.000000e+00 0.000000e+00 1.000000e+00
    outer loop
      vertex   1.821503e+01 3.546662e+02 5.000000e+00
      vertex   3.783267e+01 3.547491e+02 5.000000e+00
      vertex   1.828318e+01 3.551838e+02 5.000000e+00
    endloop
  endfacet
  facet normal -0.000000e+00 0.000000e+00 1.000000e+00
    outer loop
      vertex   1.828318e+01 3.551838e+02 5.000000e+00
      vertex   3.783267e+01 3.547491e+02 5.000000e+00
      vertex   3.776452e+01 3.552668e+02 5.000000e+00
    endloop
  endfacet
  facet normal 0.000000e+00 -0.000000e+00 1.000000e+00
    outer loop
      vertex   1.828318e+01 3.551838e+02 5.000000e+00
      vertex   3.776452e+01 3.552668e+02 5.000000e+00
      vertex   1.821503e+01 3.557015e+02 5.000000e+00
    endloop
  endfacet
  facet normal -0.000000e+00 0.000000e+00 1.000000e+00
    outer loop
      vertex   1.821503e+01 3.557015e+02 5.000000e+00
      vertex   3.776452e+01 3.552668e+02 5.000000e+00
      vertex   3.783267e+01 3.557844e+02 5.000000e+00
    endloop
  endfacet
  facet normal 0.000000e+00 -0.000000e+00 1.000000e+00
    outer loop
      vertex   1.821503e+01 3.557015e+02 5.000000e+00
      vertex   3.783267e+01 3.557844e+02 5.000000e+00
      vertex   1.801523e+01 3.561838e+02 5.000000e+00
    endloop
  endfacet
  facet normal -0.000000e+00 0.000000e+00 1.000000e+00
    outer loop
      vertex   1.801523e+01 3.561838e+02 5.000000e+00
      vertex   3.783267e+01 3.557844e+02 5.000000e+00
      vertex   3.803247e+01 3.562668e+02 5.000000e+00
    endloop
  endfacet
  facet normal 0.000000e+00 -0.000000e+00 1.000000e+00
    outer loop
      vertex   1.801523e+01 3.561838e+02 5.000000e+00
      vertex   3.803247e+01 3.562668e+02 5.000000e+00
      vertex   1.769739e+01 3.565981e+02 5.000000e+00
    endloop
  endfacet
  facet normal -0.000000e+00 0.000000e+00 1.000000e+00
    outer loop
      vertex   1.769739e+01 3.565981e+02 5.000000e+00
      vertex   3.803247e+01 3.562668e+02 5.000000e+00
      vertex   3.835031e+01 3.566810e+02 5.000000e+00
    endloop
  endfacet
  facet normal 0.000000e+00 -0.000000e+00 1.000000e+00
    outer loop
      vertex   1.769739e+01 3.565981e+02 5.000000e+00
      vertex   3.835031e+01 3.566810e+02 5.000000e+00
      vertex   1.728318e+01 3.569159e+02 5.000000e+00
    endloop
  endfacet
  facet normal -0.000000e+00 0.000000e+00 1.000000e+00
    outer loop
      vertex   1.728318e+01 3.569159e+02 5.000000e+00
      vertex   3.835031e+01 3.566810e+02 5.000000e+00
      vertex   3.876452e+01 3.569988e+02 5.000000e+00
    endloop
  endfacet
  facet normal 0.000000e+00 -0.000000e+00 1.000000e+00
    outer loop
      vertex   1.728318e+01 3.569159e+02 5.000000e+00
      vertex   3.876452e+01 3.569988e+02 5.000000e+00
      vertex   1.680082e+01 3.571157e+02 5.000000e+00
    endloop
  endfacet
  facet normal -0.000000e+00 0.000000e+00 1.000000e+00
    outer loop
      vertex   1.680082e+01 3.571157e+02 5.000000e+00
      vertex   3.876452e+01 3.569988e+02 5.000000e+00
      vertex   3.924689e+01 3.571986e+02 5.000000e+00
    endloop
  endfacet
  facet normal -0.000000e+00 0.000000e+00 1.000000e+00
    outer loop
      vertex   3.976452e+01 3.572668e+02 5.000000e+00
      vertex   4.028216e+01 3.571986e+02 5.000000e+00
      vertex   4.864334e+01 3.783986e+02 5.000000e+00
    endloop
  endfacet
  facet normal 0.000000e+00 0.000000e+00 1.000000e+00
    outer loop
      vertex   4.864334e+01 3.783986e+02 5.000000e+00
      vertex   4.028216e+01 3.571986e+02 5.000000e+00
      vertex   4.076452e+01 3.569988e+02 5.000000e+00
    endloop
  endfacet
  facet normal 0.000000e+00 0.000000e+00 1.000000e+00
    outer loop
      vertex   4.864334e+01 3.783986e+02 5.000000e+00
      vertex   4.076452e+01 3.569988e+02 5.000000e+00
      vertex   4.117874e+01 3.566810e+02 5.000000e+00
    endloop
  endfacet
  facet normal -0.000000e+00 0.000000e+00 1.000000e+00
    outer loop
      vertex   4.117874e+01 3.566810e+02 5.000000e+00
      vertex   4.149657e+01 3.562668e+02 5.000000e+00
      vertex   4.864334e+01 3.783986e+02 5.000000e+00
    endloop
  endfacet
  facet normal 0.000000e+00 0.000000e+00 1.000000e+00
    outer loop
      vertex   4.864334e+01 3.783986e+02 5.000000e+00
      vertex   4.149657e+01 3.562668e+02 5.000000e+00
      vertex   4.169637e+01 3.557844e+02 5.000000e+00
    endloop
  endfacet
  facet normal 0.000000e+00 7.071068e-01 7.071068e-01
    outer loop
      vertex   5.164334e+01 3.013540e+02 4.181569e+01
      vertex   -6.720696e+01 3.013540e+02 4.181569e+01
      vertex   5.164334e+01 2.973540e+02 4.581569e+01
    endloop
  endfacet
  facet normal 0.000000e+00 7.071068e-01 7.071068e-01
    outer loop
      vertex   5.164334e+01 2.973540e+02 4.581569e+01
      vertex   -6.720696e+01 3.013540e+02 4.181569e+01
      vertex   -6.720696e+01 2.973540e+02 4.581569e+01
    endloop
  endfacet
  facet normal 0.000000e+00 -7.071068e-01 7.071068e-01
    outer loop
      vertex   5.164334e+01 3.823986e+02 4.582344e+01
      vertex   -6.720696e+01 3.823986e+02 4.582344e+01
      vertex   5.164334e+01 3.783986e+02 4.182344e+01
    endloop
  endfacet
  facet normal 0.000000e+00 -7.071068e-01 7.071068e-01
    outer loop
      vertex   5.164334e+01 3.783986e+02 4.182344e+01
      vertex   -6.720696e+01 3.823986e+02 4.582344e+01
      vertex   -6.720696e+01 3.783986e+02 4.182344e+01
    endloop
  endfacet
  facet normal -9.914449e-01 0.000000e+00 1.305262e-01
    outer loop
      vertex   -3.382021e+00 3.823986e+02 3.421659e+01
      vertex   -3.382021e+00 3.783986e+02 3.421659e+01
      vertex   -3.296836e+00 3.823986e+02 3.486364e+01
    endloop
  endfacet
  facet normal -9.914449e-01 0.000000e+00 1.305262e-01
    outer loop
      vertex   -3.296836e+00 3.823986e+02 3.486364e+01
      vertex   -3.382021e+00 3.783986e+02 3.421659e+01
      vertex   -3.296836e+00 3.783986e+02 3.486364e+01
    endloop
  endfacet
  facet normal -9.914449e-01 -0.000000e+00 -1.305262e-01
    outer loop
      vertex   -3.296836e+00 3.823986e+02 3.486364e+01
      vertex   -3.296836e+00 3.783986e+02 3.486364e+01
      vertex   -3.382021e+00 3.823986e+02 3.551068e+01
    endloop
  endfacet
  facet normal -9.914449e-01 -0.000000e+00 -1.305262e-01
    outer loop
      vertex   -3.382021e+00 3.823986e+02 3.551068e+01
      vertex   -3.296836e+00 3.783986e+02 3.486364e+01
      vertex   -3.382021e+00 3.783986e+02 3.551068e+01
    endloop
  endfacet
  facet normal -9.238795e-01 -0.000000e+00 -3.826834e-01
    outer loop
      vertex   -3.382021e+00 3.823986e+02 3.551068e+01
      vertex   -3.382021e+00 3.783986e+02 3.551068e+01
      vertex   -3.631772e+00 3.823986e+02 3.611364e+01
    endloop
  endfacet
  facet normal -9.238795e-01 3.077137e-16 -3.826834e-01
    outer loop
      vertex   -3.631772e+00 3.823986e+02 3.611364e+01
      vertex   -3.382021e+00 3.783986e+02 3.551068e+01
      vertex   -3.631772e+00 3.783986e+02 3.611364e+01
    endloop
  endfacet
  facet normal -7.933533e-01 2.642397e-16 -6.087614e-01
    outer loop
      vertex   -3.631772e+00 3.823986e+02 3.611364e+01
      vertex   -3.631772e+00 3.783986e+02 3.611364e+01
      vertex   -4.029069e+00 3.823986e+02 3.663140e+01
    endloop
  endfacet
  facet normal -7.933533e-01 -0.000000e+00 -6.087614e-01
    outer loop
      vertex   -4.029069e+00 3.823986e+02 3.663140e+01
      vertex   -3.631772e+00 3.783986e+02 3.611364e+01
      vertex   -4.029069e+00 3.783986e+02 3.663140e+01
    endloop
  endfacet
  facet normal -6.087614e-01 -0.000000e+00 -7.933533e-01
    outer loop
      vertex   -4.029069e+00 3.823986e+02 3.663140e+01
      vertex   -4.029069e+00 3.783986e+02 3.663140e+01
      vertex   -4.546836e+00 3.823986e+02 3.702870e+01
    endloop
  endfacet
  facet normal -6.087614e-01 4.055166e-16 -7.933533e-01
    outer loop
      vertex   -4.546836e+00 3.823986e+02 3.702870e+01
      vertex   -4.029069e+00 3.783986e+02 3.663140e+01
      vertex   -4.546836e+00 3.783986e+02 3.702870e+01
    endloop
  endfacet
  facet normal -3.826834e-01 2.549184e-16 -9.238795e-01
    outer loop
      vertex   -4.546836e+00 3.823986e+02 3.702870e+01
      vertex   -4.546836e+00 3.783986e+02 3.702870e+01
      vertex   -5.149788e+00 3.823986e+02 3.727845e+01
    endloop
  endfacet
  facet normal -3.826834e-01 8.497279e-17 -9.238795e-01
    outer loop
      vertex   -5.149788e+00 3.823986e+02 3.727845e+01
      vertex   -4.546836e+00 3.783986e+02 3.702870e+01
      vertex   -5.149788e+00 3.783986e+02 3.727845e+01
    endloop
  endfacet
  facet normal -1.305262e-01 2.898264e-17 -9.914449e-01
    outer loop
      vertex   -5.149788e+00 3.823986e+02 3.727845e+01
      vertex   -5.149788e+00 3.783986e+02 3.727845e+01
      vertex   -5.796836e+00 3.823986e+02 3.736364e+01
    endloop
  endfacet
  facet normal -1.305262e-01 -0.000000e+00 -9.914449e-01
    outer loop
      vertex   -5.796836e+00 3.823986e+02 3.736364e+01
      vertex   -5.149788e+00 3.783986e+02 3.727845e+01
      vertex   -5.796836e+00 3.783986e+02 3.736364e+01
    endloop
  endfacet
  facet normal 1.305262e-01 0.000000e+00 -9.914449e-01
    outer loop
      vertex   -5.796836e+00 3.823986e+02 3.736364e+01
      vertex   -5.796836e+00 3.783986e+02 3.736364e+01
      vertex   -6.443883e+00 3.823986e+02 3.727845e+01
    endloop
  endfacet
  facet normal 1.305262e-01 -8.694791e-17 -9.914449e-01
    outer loop
      vertex   -6.443883e+00 3.823986e+02 3.727845e+01
      vertex   -5.796836e+00 3.783986e+02 3.736364e+01
      vertex   -6.443883e+00 3.783986e+02 3.727845e+01
    endloop
  endfacet
  facet normal 3.826834e-01 -2.549184e-16 -9.238795e-01
    outer loop
      vertex   -6.443883e+00 3.823986e+02 3.727845e+01
      vertex   -6.443883e+00 3.783986e+02 3.727845e+01
      vertex   -7.046836e+00 3.823986e+02 3.702870e+01
    endloop
  endfacet
  facet normal 3.826834e-01 -8.497279e-17 -9.238795e-01
    outer loop
      vertex   -7.046836e+00 3.823986e+02 3.702870e+01
      vertex   -6.443883e+00 3.783986e+02 3.727845e+01
      vertex   -7.046836e+00 3.783986e+02 3.702870e+01
    endloop
  endfacet
  facet normal 6.087614e-01 -1.351722e-16 -7.933533e-01
    outer loop
      vertex   -7.046836e+00 3.823986e+02 3.702870e+01
      vertex   -7.046836e+00 3.783986e+02 3.702870e+01
      vertex   -7.564603e+00 3.823986e+02 3.663140e+01
    endloop
  endfacet
  facet normal 6.087614e-01 -1.351722e-16 -7.933533e-01
    outer loop
      vertex   -7.564603e+00 3.823986e+02 3.663140e+01
      vertex   -7.046836e+00 3.783986e+02 3.702870e+01
      vertex   -7.564603e+00 3.783986e+02 3.663140e+01
    endloop
  endfacet
  facet normal 7.933533e-01 -1.761598e-16 -6.087614e-01
    outer loop
      vertex   -7.564603e+00 3.823986e+02 3.663140e+01
      vertex   -7.564603e+00 3.783986e+02 3.663140e+01
      vertex   -7.961899e+00 3.823986e+02 3.611364e+01
    endloop
  endfacet
  facet normal 7.933533e-01 -3.523197e-16 -6.087614e-01
    outer loop
      vertex   -7.961899e+00 3.823986e+02 3.611364e+01
      vertex   -7.564603e+00 3.783986e+02 3.663140e+01
      vertex   -7.961899e+00 3.783986e+02 3.611364e+01
    endloop
  endfacet
  facet normal 9.238795e-01 -4.102849e-16 -3.826834e-01
    outer loop
      vertex   -7.961899e+00 3.823986e+02 3.611364e+01
      vertex   -7.961899e+00 3.783986e+02 3.611364e+01
      vertex   -8.211650e+00 3.823986e+02 3.551068e+01
    endloop
  endfacet
  facet normal 9.238795e-01 6.797823e-16 -3.826834e-01
    outer loop
      vertex   -8.211650e+00 3.823986e+02 3.551068e+01
      vertex   -7.961899e+00 3.783986e+02 3.611364e+01
      vertex   -8.211650e+00 3.783986e+02 3.551068e+01
    endloop
  endfacet
  facet normal 9.914449e-01 2.318611e-16 -1.305262e-01
    outer loop
      vertex   -8.211650e+00 3.823986e+02 3.551068e+01
      vertex   -8.211650e+00 3.783986e+02 3.551068e+01
      vertex   -8.296836e+00 3.823986e+02 3.486364e+01
    endloop
  endfacet
  facet normal 9.914449e-01 0.000000e+00 -1.305262e-01
    outer loop
      vertex   -8.296836e+00 3.823986e+02 3.486364e+01
      vertex   -8.211650e+00 3.783986e+02 3.551068e+01
      vertex   -8.296836e+00 3.783986e+02 3.486364e+01
    endloop
  endfacet
  facet normal 9.914449e-01 0.000000e+00 1.305262e-01
    outer loop
      vertex   -8.296836e+00 3.823986e+02 3.486364e+01
      vertex   -8.296836e+00 3.783986e+02 3.486364e+01
      vertex   -8.211650e+00 3.823986e+02 3.421659e+01
    endloop
  endfacet
  facet normal 9.914449e-01 0.000000e+00 1.305262e-01
    outer loop
      vertex   -8.211650e+00 3.823986e+02 3.421659e+01
      vertex   -8.296836e+00 3.783986e+02 3.486364e+01
      vertex   -8.211650e+00 3.783986e+02 3.421659e+01
    endloop
  endfacet
  facet normal 9.238795e-01 0.000000e+00 3.826834e-01
    outer loop
      vertex   -8.211650e+00 3.823986e+02 3.421659e+01
      vertex   -8.211650e+00 3.783986e+02 3.421659e+01
      vertex   -7.961899e+00 3.823986e+02 3.361364e+01
    endloop
  endfacet
  facet normal 9.238795e-01 4.102849e-16 3.826834e-01
    outer loop
      vertex   -7.961899e+00 3.823986e+02 3.361364e+01
      vertex   -8.211650e+00 3.783986e+02 3.421659e+01
      vertex   -7.961899e+00 3.783986e+02 3.361364e+01
    endloop
  endfacet
  facet normal 7.933533e-01 3.523197e-16 6.087614e-01
    outer loop
      vertex   -7.961899e+00 3.823986e+02 3.361364e+01
      vertex   -7.961899e+00 3.783986e+02 3.361364e+01
      vertex   -7.564603e+00 3.823986e+02 3.309587e+01
    endloop
  endfacet
  facet normal 7.933533e-01 1.761598e-16 6.087614e-01
    outer loop
      vertex   -7.564603e+00 3.823986e+02 3.309587e+01
      vertex   -7.961899e+00 3.783986e+02 3.361364e+01
      vertex   -7.564603e+00 3.783986e+02 3.309587e+01
    endloop
  endfacet
  facet normal 6.087614e-01 1.351722e-16 7.933533e-01
    outer loop
      vertex   -7.564603e+00 3.823986e+02 3.309587e+01
      vertex   -7.564603e+00 3.783986e+02 3.309587e+01
      vertex   -7.046836e+00 3.823986e+02 3.269857e+01
    endloop
  endfacet
  facet normal 6.087614e-01 1.351722e-16 7.933533e-01
    outer loop
      vertex   -7.046836e+00 3.823986e+02 3.269857e+01
      vertex   -7.564603e+00 3.783986e+02 3.309587e+01
      vertex   -7.046836e+00 3.783986e+02 3.269857e+01
    endloop
  endfacet
  facet normal 3.826834e-01 8.497279e-17 9.238795e-01
    outer loop
      vertex   -7.046836e+00 3.823986e+02 3.269857e+01
      vertex   -7.046836e+00 3.783986e+02 3.269857e+01
      vertex   -6.443883e+00 3.823986e+02 3.244882e+01
    endloop
  endfacet
  facet normal 3.826834e-01 2.549184e-16 9.238795e-01
    outer loop
      vertex   -6.443883e+00 3.823986e+02 3.244882e+01
      vertex   -7.046836e+00 3.783986e+02 3.269857e+01
      vertex   -6.443883e+00 3.783986e+02 3.244882e+01
    endloop
  endfacet
  facet normal 1.305262e-01 8.694791e-17 9.914449e-01
    outer loop
      vertex   -6.443883e+00 3.823986e+02 3.244882e+01
      vertex   -6.443883e+00 3.783986e+02 3.244882e+01
      vertex   -5.796836e+00 3.823986e+02 3.236364e+01
    endloop
  endfacet
  facet normal 1.305262e-01 0.000000e+00 9.914449e-01
    outer loop
      vertex   -5.796836e+00 3.823986e+02 3.236364e+01
      vertex   -6.443883e+00 3.783986e+02 3.244882e+01
      vertex   -5.796836e+00 3.783986e+02 3.236364e+01
    endloop
  endfacet
  facet normal -1.305262e-01 0.000000e+00 9.914449e-01
    outer loop
      vertex   -5.796836e+00 3.823986e+02 3.236364e+01
      vertex   -5.796836e+00 3.783986e+02 3.236364e+01
      vertex   -5.149788e+00 3.823986e+02 3.244882e+01
    endloop
  endfacet
  facet normal -1.305262e-01 -2.898264e-17 9.914449e-01
    outer loop
      vertex   -5.149788e+00 3.823986e+02 3.244882e+01
      vertex   -5.796836e+00 3.783986e+02 3.236364e+01
      vertex   -5.149788e+00 3.783986e+02 3.244882e+01
    endloop
  endfacet
  facet normal -3.826834e-01 -8.497279e-17 9.238795e-01
    outer loop
      vertex   -5.149788e+00 3.823986e+02 3.244882e+01
      vertex   -5.149788e+00 3.783986e+02 3.244882e+01
      vertex   -4.546836e+00 3.823986e+02 3.269857e+01
    endloop
  endfacet
  facet normal -3.826834e-01 -2.549184e-16 9.238795e-01
    outer loop
      vertex   -4.546836e+00 3.823986e+02 3.269857e+01
      vertex   -5.149788e+00 3.783986e+02 3.244882e+01
      vertex   -4.546836e+00 3.783986e+02 3.269857e+01
    endloop
  endfacet
  facet normal -6.087614e-01 -4.055166e-16 7.933533e-01
    outer loop
      vertex   -4.546836e+00 3.823986e+02 3.269857e+01
      vertex   -4.546836e+00 3.783986e+02 3.269857e+01
      vertex   -4.029069e+00 3.823986e+02 3.309587e+01
    endloop
  endfacet
  facet normal -6.087614e-01 0.000000e+00 7.933533e-01
    outer loop
      vertex   -4.029069e+00 3.823986e+02 3.309587e+01
      vertex   -4.546836e+00 3.783986e+02 3.269857e+01
      vertex   -4.029069e+00 3.783986e+02 3.309587e+01
    endloop
  endfacet
  facet normal -7.933533e-01 0.000000e+00 6.087614e-01
    outer loop
      vertex   -4.029069e+00 3.823986e+02 3.309587e+01
      vertex   -4.029069e+00 3.783986e+02 3.309587e+01
      vertex   -3.631772e+00 3.823986e+02 3.361364e+01
    endloop
  endfacet
  facet normal -7.933533e-01 -2.642397e-16 6.087614e-01
    outer loop
      vertex   -3.631772e+00 3.823986e+02 3.361364e+01
      vertex   -4.029069e+00 3.783986e+02 3.309587e+01
      vertex   -3.631772e+00 3.783986e+02 3.361364e+01
    endloop
  endfacet
  facet normal -9.238795e-01 -3.077137e-16 3.826834e-01
    outer loop
      vertex   -3.631772e+00 3.823986e+02 3.361364e+01
      vertex   -3.631772e+00 3.783986e+02 3.361364e+01
      vertex   -3.382021e+00 3.823986e+02 3.421659e+01
    endloop
  endfacet
  facet normal -9.238795e-01 0.000000e+00 3.826834e-01
    outer loop
      vertex   -3.382021e+00 3.823986e+02 3.421659e+01
      vertex   -3.631772e+00 3.783986e+02 3.361364e+01
      vertex   -3.382021e+00 3.783986e+02 3.421659e+01
    endloop
  endfacet
  facet normal -9.914449e-01 0.000000e+00 1.305262e-01
    outer loop
      vertex   -3.382021e+00 3.013540e+02 3.421659e+01
      vertex   -3.382021e+00 2.973540e+02 3.421659e+01
      vertex   -3.296836e+00 3.013540e+02 3.486364e+01
    endloop
  endfacet
  facet normal -9.914449e-01 0.000000e+00 1.305262e-01
    outer loop
      vertex   -3.296836e+00 3.013540e+02 3.486364e+01
      vertex   -3.382021e+00 2.973540e+02 3.421659e+01
      vertex   -3.296836e+00 2.973540e+02 3.486364e+01
    endloop
  endfacet
  facet normal -9.914449e-01 -0.000000e+00 -1.305262e-01
    outer loop
      vertex   -3.296836e+00 3.013540e+02 3.486364e+01
      vertex   -3.296836e+00 2.973540e+02 3.486364e+01
      vertex   -3.382021e+00 3.013540e+02 3.551068e+01
    endloop
  endfacet
  facet normal -9.914449e-01 -0.000000e+00 -1.305262e-01
    outer loop
      vertex   -3.382021e+00 3.013540e+02 3.551068e+01
      vertex   -3.296836e+00 2.973540e+02 3.486364e+01
      vertex   -3.382021e+00 2.973540e+02 3.551068e+01
    endloop
  endfacet
  facet normal -9.238795e-01 -0.000000e+00 -3.826834e-01
    outer loop
      vertex   -3.382021e+00 3.013540e+02 3.551068e+01
      vertex   -3.382021e+00 2.973540e+02 3.551068e+01
      vertex   -3.631772e+00 3.013540e+02 3.611364e+01
    endloop
  endfacet
  facet normal -9.238795e-01 3.077137e-16 -3.826834e-01
    outer loop
      vertex   -3.631772e+00 3.013540e+02 3.611364e+01
      vertex   -3.382021e+00 2.973540e+02 3.551068e+01
      vertex   -3.631772e+00 2.973540e+02 3.611364e+01
    endloop
  endfacet
  facet normal -7.933533e-01 2.642397e-16 -6.087614e-01
    outer loop
      vertex   -3.631772e+00 3.013540e+02 3.611364e+01
      vertex   -3.631772e+00 2.973540e+02 3.611364e+01
      vertex   -4.029069e+00 3.013540e+02 3.663140e+01
    endloop
  endfacet
  facet normal -7.933533e-01 -0.000000e+00 -6.087614e-01
    outer loop
      vertex   -4.029069e+00 3.013540e+02 3.663140e+01
      vertex   -3.631772e+00 2.973540e+02 3.611364e+01
      vertex   -4.029069e+00 2.973540e+02 3.663140e+01
    endloop
  endfacet
  facet normal -6.087614e-01 -0.000000e+00 -7.933533e-01
    outer loop
      vertex   -4.029069e+00 3.013540e+02 3.663140e+01
      vertex   -4.029069e+00 2.973540e+02 3.663140e+01
      vertex   -4.546836e+00 3.013540e+02 3.702870e+01
    endloop
  endfacet
  facet normal -6.087614e-01 4.055166e-16 -7.933533e-01
    outer loop
      vertex   -4.546836e+00 3.013540e+02 3.702870e+01
      vertex   -4.029069e+00 2.973540e+02 3.663140e+01
      vertex   -4.546836e+00 2.973540e+02 3.702870e+01
    endloop
  endfacet
  facet normal -3.826834e-01 2.549184e-16 -9.238795e-01
    outer loop
      vertex   -4.546836e+00 3.013540e+02 3.702870e+01
      vertex   -4.546836e+00 2.973540e+02 3.702870e+01
      vertex   -5.149788e+00 3.013540e+02 3.727845e+01
    endloop
  endfacet
  facet normal -3.826834e-01 8.497279e-17 -9.238795e-01
    outer loop
      vertex   -5.149788e+00 3.013540e+02 3.727845e+01
      vertex   -4.546836e+00 2.973540e+02 3.702870e+01
      vertex   -5.149788e+00 2.973540e+02 3.727845e+01
    endloop
  endfacet
  facet normal -1.305262e-01 2.898264e-17 -9.914449e-01
    outer loop
      vertex   -5.149788e+00 3.013540e+02 3.727845e+01
      vertex   -5.149788e+00 2.973540e+02 3.727845e+01
      vertex   -5.796836e+00 3.013540e+02 3.736364e+01
    endloop
  endfacet
  facet normal -1.305262e-01 -0.000000e+00 -9.914449e-01
    outer loop
      vertex   -5.796836e+00 3.013540e+02 3.736364e+01
      vertex   -5.149788e+00 2.973540e+02 3.727845e+01
      vertex   -5.796836e+00 2.973540e+02 3.736364e+01
    endloop
  endfacet
  facet normal 1.305262e-01 0.000000e+00 -9.914449e-01
    outer loop
      vertex   -5.796836e+00 3.013540e+02 3.736364e+01
      vertex   -5.796836e+00 2.973540e+02 3.736364e+01
      vertex   -6.443883e+00 3.013540e+02 3.727845e+01
    endloop
  endfacet
  facet normal 1.305262e-01 -8.694791e-17 -9.914449e-01
    outer loop
      vertex   -6.443883e+00 3.013540e+02 3.727845e+01
      vertex   -5.796836e+00 2.973540e+02 3.736364e+01
      vertex   -6.443883e+00 2.973540e+02 3.727845e+01
    endloop
  endfacet
  facet normal 3.826834e-01 -2.549184e-16 -9.238795e-01
    outer loop
      vertex   -6.443883e+00 3.013540e+02 3.727845e+01
      vertex   -6.443883e+00 2.973540e+02 3.727845e+01
      vertex   -7.046836e+00 3.013540e+02 3.702870e+01
    endloop
  endfacet
  facet normal 3.826834e-01 -8.497279e-17 -9.238795e-01
    outer loop
      vertex   -7.046836e+00 3.013540e+02 3.702870e+01
      vertex   -6.443883e+00 2.973540e+02 3.727845e+01
      vertex   -7.046836e+00 2.973540e+02 3.702870e+01
    endloop
  endfacet
  facet normal 6.087614e-01 -1.351722e-16 -7.933533e-01
    outer loop
      vertex   -7.046836e+00 3.013540e+02 3.702870e+01
      vertex   -7.046836e+00 2.973540e+02 3.702870e+01
      vertex   -7.564603e+00 3.013540e+02 3.663140e+01
    endloop
  endfacet
  facet normal 6.087614e-01 -1.351722e-16 -7.933533e-01
    outer loop
      vertex   -7.564603e+00 3.013540e+02 3.663140e+01
      vertex   -7.046836e+00 2.973540e+02 3.702870e+01
      vertex   -7.564603e+00 2.973540e+02 3.663140e+01
    endloop
  endfacet
  facet normal 7.933533e-01 -1.761598e-16 -6.087614e-01
    outer loop
      vertex   -7.564603e+00 3.013540e+02 3.663140e+01
      vertex   -7.564603e+00 2.973540e+02 3.663140e+01
      vertex   -7.961899e+00 3.013540e+02 3.611364e+01
    endloop
  endfacet
  facet normal 7.933533e-01 -3.523197e-16 -6.087614e-01
    outer loop
      vertex   -7.961899e+00 3.013540e+02 3.611364e+01
      vertex   -7.564603e+00 2.973540e+02 3.663140e+01
      vertex   -7.961899e+00 2.973540e+02 3.611364e+01
    endloop
  endfacet
  facet normal 9.238795e-01 -4.102849e-16 -3.826834e-01
    outer loop
      vertex   -7.961899e+00 3.013540e+02 3.611364e+01
      vertex   -7.961899e+00 2.973540e+02 3.611364e+01
      vertex   -8.211650e+00 3.013540e+02 3.551068e+01
    endloop
  endfacet
  facet normal 9.238795e-01 6.797823e-16 -3.826834e-01
    outer loop
      vertex   -8.211650e+00 3.013540e+02 3.551068e+01
      vertex   -7.961899e+00 2.973540e+02 3.611364e+01
      vertex   -8.211650e+00 2.973540e+02 3.551068e+01
    endloop
  endfacet
  facet normal 9.914449e-01 2.318611e-16 -1.305262e-01
    outer loop
      vertex   -8.211650e+00 3.013540e+02 3.551068e+01
      vertex   -8.211650e+00 2.973540e+02 3.551068e+01
      vertex   -8.296836e+00 3.013540e+02 3.486364e+01
    endloop
  endfacet
  facet normal 9.914449e-01 0.000000e+00 -1.305262e-01
    outer loop
      vertex   -8.296836e+00 3.013540e+02 3.486364e+01
      vertex   -8.211650e+00 2.973540e+02 3.551068e+01
      vertex   -8.296836e+00 2.973540e+02 3.486364e+01
    endloop
  endfacet
  facet normal 9.914449e-01 0.000000e+00 1.305262e-01
    outer loop
      vertex   -8.296836e+00 3.013540e+02 3.486364e+01
      vertex   -8.296836e+00 2.973540e+02 3.486364e+01
      vertex   -8.211650e+00 3.013540e+02 3.421659e+01
    endloop
  endfacet
  facet normal 9.914449e-01 0.000000e+00 1.305262e-01
    outer loop
      vertex   -8.211650e+00 3.013540e+02 3.421659e+01
      vertex   -8.296836e+00 2.973540e+02 3.486364e+01
      vertex   -8.211650e+00 2.973540e+02 3.421659e+01
    endloop
  endfacet
  facet normal 9.238795e-01 0.000000e+00 3.826834e-01
    outer loop
      vertex   -8.211650e+00 3.013540e+02 3.421659e+01
      vertex   -8.211650e+00 2.973540e+02 3.421659e+01
      vertex   -7.961899e+00 3.013540e+02 3.361364e+01
    endloop
  endfacet
  facet normal 9.238795e-01 4.102849e-16 3.826834e-01
    outer loop
      vertex   -7.961899e+00 3.013540e+02 3.361364e+01
      vertex   -8.211650e+00 2.973540e+02 3.421659e+01
      vertex   -7.961899e+00 2.973540e+02 3.361364e+01
    endloop
  endfacet
  facet normal 7.933533e-01 3.523197e-16 6.087614e-01
    outer loop
      vertex   -7.961899e+00 3.013540e+02 3.361364e+01
      vertex   -7.961899e+00 2.973540e+02 3.361364e+01
      vertex   -7.564603e+00 3.013540e+02 3.309587e+01
    endloop
  endfacet
  facet normal 7.933533e-01 1.761598e-16 6.087614e-01
    outer loop
      vertex   -7.564603e+00 3.013540e+02 3.309587e+01
      vertex   -7.961899e+00 2.973540e+02 3.361364e+01
      vertex   -7.564603e+00 2.973540e+02 3.309587e+01
    endloop
  endfacet
  facet normal 6.087614e-01 1.351722e-16 7.933533e-01
    outer loop
      vertex   -7.564603e+00 3.013540e+02 3.309587e+01
      vertex   -7.564603e+00 2.973540e+02 3.309587e+01
      vertex   -7.046836e+00 3.013540e+02 3.269857e+01
    endloop
  endfacet
  facet normal 6.087614e-01 1.351722e-16 7.933533e-01
    outer loop
      vertex   -7.046836e+00 3.013540e+02 3.269857e+01
      vertex   -7.564603e+00 2.973540e+02 3.309587e+01
      vertex   -7.046836e+00 2.973540e+02 3.269857e+01
    endloop
  endfacet
  facet normal 3.826834e-01 8.497279e-17 9.238795e-01
    outer loop
      vertex   -7.046836e+00 3.013540e+02 3.269857e+01
      vertex   -7.046836e+00 2.973540e+02 3.269857e+01
      vertex   -6.443883e+00 3.013540e+02 3.244882e+01
    endloop
  endfacet
  facet normal 3.826834e-01 2.549184e-16 9.238795e-01
    outer loop
      vertex   -6.443883e+00 3.013540e+02 3.244882e+01
      vertex   -7.046836e+00 2.973540e+02 3.269857e+01
      vertex   -6.443883e+00 2.973540e+02 3.244882e+01
    endloop
  endfacet
  facet normal 1.305262e-01 8.694791e-17 9.914449e-01
    outer loop
      vertex   -6.443883e+00 3.013540e+02 3.244882e+01
      vertex   -6.443883e+00 2.973540e+02 3.244882e+01
      vertex   -5.796836e+00 3.013540e+02 3.236364e+01
    endloop
  endfacet
  facet normal 1.305262e-01 0.000000e+00 9.914449e-01
    outer loop
      vertex   -5.796836e+00 3.013540e+02 3.236364e+01
      vertex   -6.443883e+00 2.973540e+02 3.244882e+01
      vertex   -5.796836e+00 2.973540e+02 3.236364e+01
    endloop
  endfacet
  facet normal -1.305262e-01 0.000000e+00 9.914449e-01
    outer loop
      vertex   -5.796836e+00 3.013540e+02 3.236364e+01
      vertex   -5.796836e+00 2.973540e+02 3.236364e+01
      vertex   -5.149788e+00 3.013540e+02 3.244882e+01
    endloop
  endfacet
  facet normal -1.305262e-01 -2.898264e-17 9.914449e-01
    outer loop
      vertex   -5.149788e+00 3.013540e+02 3.244882e+01
      vertex   -5.796836e+00 2.973540e+02 3.236364e+01
      vertex   -5.149788e+00 2.973540e+02 3.244882e+01
    endloop
  endfacet
  facet normal -3.826834e-01 -8.497279e-17 9.238795e-01
    outer loop
      vertex   -5.149788e+00 3.013540e+02 3.244882e+01
      vertex   -5.149788e+00 2.973540e+02 3.244882e+01
      vertex   -4.546836e+00 3.013540e+02 3.269857e+01
    endloop
  endfacet
  facet normal -3.826834e-01 -2.549184e-16 9.238795e-01
    outer loop
      vertex   -4.546836e+00 3.013540e+02 3.269857e+01
      vertex   -5.149788e+00 2.973540e+02 3.244882e+01
      vertex   -4.546836e+00 2.973540e+02 3.269857e+01
    endloop
  endfacet
  facet normal -6.087614e-01 -4.055166e-16 7.933533e-01
    outer loop
      vertex   -4.546836e+00 3.013540e+02 3.269857e+01
      vertex   -4.546836e+00 2.973540e+02 3.269857e+01
      vertex   -4.029069e+00 3.013540e+02 3.309587e+01
    endloop
  endfacet
  facet normal -6.087614e-01 0.000000e+00 7.933533e-01
    outer loop
      vertex   -4.029069e+00 3.013540e+02 3.309587e+01
      vertex   -4.546836e+00 2.973540e+02 3.269857e+01
      vertex   -4.029069e+00 2.973540e+02 3.309587e+01
    endloop
  endfacet
  facet normal -7.933533e-01 0.000000e+00 6.087614e-01
    outer loop
      vertex   -4.029069e+00 3.013540e+02 3.309587e+01
      vertex   -4.029069e+00 2.973540e+02 3.309587e+01
      vertex   -3.631772e+00 3.013540e+02 3.361364e+01
    endloop
  endfacet
  facet normal -7.933533e-01 -2.642397e-16 6.087614e-01
    outer loop
      vertex   -3.631772e+00 3.013540e+02 3.361364e+01
      vertex   -4.029069e+00 2.973540e+02 3.309587e+01
      vertex   -3.631772e+00 2.973540e+02 3.361364e+01
    endloop
  endfacet
  facet normal -9.238795e-01 -3.077137e-16 3.826834e-01
    outer loop
      vertex   -3.631772e+00 3.013540e+02 3.361364e+01
      vertex   -3.631772e+00 2.973540e+02 3.361364e+01
      vertex   -3.382021e+00 3.013540e+02 3.421659e+01
    endloop
  endfacet
  facet normal -9.238795e-01 0.000000e+00 3.826834e-01
    outer loop
      vertex   -3.382021e+00 3.013540e+02 3.421659e+01
      vertex   -3.631772e+00 2.973540e+02 3.361364e+01
      vertex   -3.382021e+00 2.973540e+02 3.421659e+01
    endloop
  endfacet
  facet normal 1.000000e+00 -0.000000e+00 0.000000e+00
    outer loop
      vertex   -4.357671e+01 2.973540e+02 2.024241e+01
      vertex   -4.357671e+01 2.973540e+02 1.028977e+01
      vertex   -4.357671e+01 3.013540e+02 2.024241e+01
    endloop
  endfacet
  facet normal 1.000000e+00 0.000000e+00 0.000000e+00
    outer loop
      vertex   -4.357671e+01 3.013540e+02 2.024241e+01
      vertex   -4.357671e+01 2.973540e+02 1.028977e+01
      vertex   -4.357671e+01 3.013540e+02 1.028977e+01
    endloop
  endfacet
  facet normal 0.000000e+00 0.000000e+00 -1.000000e+00
    outer loop
      vertex   -3.236024e+01 2.973540e+02 2.024241e+01
      vertex   -4.357671e+01 2.973540e+02 2.024241e+01
      vertex   -3.236024e+01 3.013540e+02 2.024241e+01
    endloop
  endfacet
  facet normal -0.000000e+00 0.000000e+00 -1.000000e+00
    outer loop
      vertex   -3.236024e+01 3.013540e+02 2.024241e+01
      vertex   -4.357671e+01 2.973540e+02 2.024241e+01
      vertex   -4.357671e+01 3.013540e+02 2.024241e+01
    endloop
  endfacet
  facet normal -1.000000e+00 0.000000e+00 0.000000e+00
    outer loop
      vertex   -3.236024e+01 2.973540e+02 1.028977e+01
      vertex   -3.236024e+01 2.973540e+02 2.024241e+01
      vertex   -3.236024e+01 3.013540e+02 1.028977e+01
    endloop
  endfacet
  facet normal -1.000000e+00 0.000000e+00 0.000000e+00
    outer loop
      vertex   -3.236024e+01 3.013540e+02 1.028977e+01
      vertex   -3.236024e+01 2.973540e+02 2.024241e+01
      vertex   -3.236024e+01 3.013540e+02 2.024241e+01
    endloop
  endfacet
  facet normal 0.000000e+00 0.000000e+00 1.000000e+00
    outer loop
      vertex   -4.357671e+01 2.973540e+02 1.028977e+01
      vertex   -3.236024e+01 2.973540e+02 1.028977e+01
      vertex   -4.357671e+01 3.013540e+02 1.028977e+01
    endloop
  endfacet
  facet normal -0.000000e+00 0.000000e+00 1.000000e+00
    outer loop
      vertex   -4.357671e+01 3.013540e+02 1.028977e+01
      vertex   -3.236024e+01 2.973540e+02 1.028977e+01
      vertex   -3.236024e+01 3.013540e+02 1.028977e+01
    endloop
  endfacet
  facet normal 1.000000e+00 1.776357e-15 0.000000e+00
    outer loop
      vertex   2.421090e+01 2.973540e+02 1.032902e+01
      vertex   2.421090e+01 2.973540e+02 7.348089e+00
      vertex   2.421090e+01 3.013540e+02 1.032902e+01
    endloop
  endfacet
  facet normal 1.000000e+00 1.776357e-15 0.000000e+00
    outer loop
      vertex   2.421090e+01 3.013540e+02 1.032902e+01
      vertex   2.421090e+01 2.973540e+02 7.348089e+00
      vertex   2.421090e+01 3.013540e+02 7.348089e+00
    endloop
  endfacet
  facet normal 0.000000e+00 0.000000e+00 -1.000000e+00
    outer loop
      vertex   3.268189e+01 2.973540e+02 1.032902e+01
      vertex   2.421090e+01 2.973540e+02 1.032902e+01
      vertex   3.268189e+01 3.013540e+02 1.032902e+01
    endloop
  endfacet
  facet normal -0.000000e+00 0.000000e+00 -1.000000e+00
    outer loop
      vertex   3.268189e+01 3.013540e+02 1.032902e+01
      vertex   2.421090e+01 2.973540e+02 1.032902e+01
      vertex   2.421090e+01 3.013540e+02 1.032902e+01
    endloop
  endfacet
  facet normal -1.000000e+00 0.000000e+00 0.000000e+00
    outer loop
      vertex   3.268189e+01 2.973540e+02 7.348089e+00
      vertex   3.268189e+01 2.973540e+02 1.032902e+01
      vertex   3.268189e+01 3.013540e+02 7.348089e+00
    endloop
  endfacet
  facet normal -1.000000e+00 0.000000e+00 0.000000e+00
    outer loop
      vertex   3.268189e+01 3.013540e+02 7.348089e+00
      vertex   3.268189e+01 2.973540e+02 1.032902e+01
      vertex   3.268189e+01 3.013540e+02 1.032902e+01
    endloop
  endfacet
  facet normal 0.000000e+00 -0.000000e+00 1.000000e+00
    outer loop
      vertex   2.421090e+01 2.973540e+02 7.348089e+00
      vertex   3.268189e+01 2.973540e+02 7.348089e+00
      vertex   2.421090e+01 3.013540e+02 7.348089e+00
    endloop
  endfacet
  facet normal -0.000000e+00 0.000000e+00 1.000000e+00
    outer loop
      vertex   2.421090e+01 3.013540e+02 7.348089e+00
      vertex   3.268189e+01 2.973540e+02 7.348089e+00
      vertex   3.268189e+01 3.013540e+02 7.348089e+00
    endloop
  endfacet
  facet normal 1.000000e+00 -0.000000e+00 0.000000e+00
    outer loop
      vertex   -1.187592e+01 2.973540e+02 2.024241e+01
      vertex   -1.187592e+01 2.973540e+02 1.131711e+01
      vertex   -1.187592e+01 3.013540e+02 2.024241e+01
    endloop
  endfacet
  facet normal 1.000000e+00 0.000000e+00 0.000000e+00
    outer loop
      vertex   -1.187592e+01 3.013540e+02 2.024241e+01
      vertex   -1.187592e+01 2.973540e+02 1.131711e+01
      vertex   -1.187592e+01 3.013540e+02 1.131711e+01
    endloop
  endfacet
  facet normal 0.000000e+00 0.000000e+00 -1.000000e+00
    outer loop
      vertex   -3.519799e+00 2.973540e+02 2.024241e+01
      vertex   -1.187592e+01 2.973540e+02 2.024241e+01
      vertex   -3.519799e+00 3.013540e+02 2.024241e+01
    endloop
  endfacet
  facet normal -0.000000e+00 0.000000e+00 -1.000000e+00
    outer loop
      vertex   -3.519799e+00 3.013540e+02 2.024241e+01
      vertex   -1.187592e+01 2.973540e+02 2.024241e+01
      vertex   -1.187592e+01 3.013540e+02 2.024241e+01
    endloop
  endfacet
  facet normal -1.000000e+00 -5.551115e-16 0.000000e+00
    outer loop
      vertex   -3.519799e+00 2.973540e+02 1.131711e+01
      vertex   -3.519799e+00 2.973540e+02 2.024241e+01
      vertex   -3.519799e+00 3.013540e+02 1.131711e+01
    endloop
  endfacet
  facet normal -1.000000e+00 -5.551115e-16 0.000000e+00
    outer loop
      vertex   -3.519799e+00 3.013540e+02 1.131711e+01
      vertex   -3.519799e+00 2.973540e+02 2.024241e+01
      vertex   -3.519799e+00 3.013540e+02 2.024241e+01
    endloop
  endfacet
  facet normal 0.000000e+00 0.000000e+00 1.000000e+00
    outer loop
      vertex   -1.187592e+01 2.973540e+02 1.131711e+01
      vertex   -3.519799e+00 2.973540e+02 1.131711e+01
      vertex   -1.187592e+01 3.013540e+02 1.131711e+01
    endloop
  endfacet
  facet normal -0.000000e+00 0.000000e+00 1.000000e+00
    outer loop
      vertex   -1.187592e+01 3.013540e+02 1.131711e+01
      vertex   -3.519799e+00 2.973540e+02 1.131711e+01
      vertex   -3.519799e+00 3.013540e+02 1.131711e+01
    endloop
  endfacet
  facet normal 0.000000e+00 0.000000e+00 -1.000000e+00
    outer loop
      vertex   4.113919e+01 3.548984e+02 0.000000e+00
      vertex   4.118768e+01 3.552668e+02 0.000000e+00
      vertex   5.164334e+01 3.823986e+02 0.000000e+00
    endloop
  endfacet
  facet normal 0.000000e+00 0.000000e+00 -1.000000e+00
    outer loop
      vertex   5.164334e+01 3.823986e+02 0.000000e+00
      vertex   4.118768e+01 3.552668e+02 0.000000e+00
      vertex   4.113919e+01 3.556351e+02 0.000000e+00
    endloop
  endfacet
  facet normal 0.000000e+00 0.000000e+00 -1.000000e+00
    outer loop
      vertex   5.164334e+01 3.823986e+02 0.000000e+00
      vertex   4.113919e+01 3.556351e+02 0.000000e+00
      vertex   4.099701e+01 3.559784e+02 0.000000e+00
    endloop
  endfacet
  facet normal 0.000000e+00 0.000000e+00 -1.000000e+00
    outer loop
      vertex   4.099701e+01 3.559784e+02 0.000000e+00
      vertex   4.077085e+01 3.562731e+02 0.000000e+00
      vertex   5.164334e+01 3.823986e+02 0.000000e+00
    endloop
  endfacet
  facet normal 0.000000e+00 0.000000e+00 -1.000000e+00
    outer loop
      vertex   5.164334e+01 3.823986e+02 0.000000e+00
      vertex   4.077085e+01 3.562731e+02 0.000000e+00
      vertex   4.047610e+01 3.564993e+02 0.000000e+00
    endloop
  endfacet
  facet normal 0.000000e+00 0.000000e+00 -1.000000e+00
    outer loop
      vertex   5.164334e+01 3.823986e+02 0.000000e+00
      vertex   4.047610e+01 3.564993e+02 0.000000e+00
      vertex   4.013286e+01 3.566414e+02 0.000000e+00
    endloop
  endfacet
  facet normal 0.000000e+00 0.000000e+00 -1.000000e+00
    outer loop
      vertex   4.013286e+01 3.566414e+02 0.000000e+00
      vertex   3.976452e+01 3.566899e+02 0.000000e+00
      vertex   5.164334e+01 3.823986e+02 0.000000e+00
    endloop
  endfacet
  facet normal 0.000000e+00 0.000000e+00 -1.000000e+00
    outer loop
      vertex   5.164334e+01 3.823986e+02 0.000000e+00
      vertex   3.976452e+01 3.566899e+02 0.000000e+00
      vertex   3.939618e+01 3.566414e+02 0.000000e+00
    endloop
  endfacet
  facet normal 0.000000e+00 0.000000e+00 -1.000000e+00
    outer loop
      vertex   5.164334e+01 3.823986e+02 0.000000e+00
      vertex   3.939618e+01 3.566414e+02 0.000000e+00
      vertex   1.665453e+01 3.565697e+02 0.000000e+00
    endloop
  endfacet
  facet normal 0.000000e+00 0.000000e+00 -1.000000e+00
    outer loop
      vertex   1.665453e+01 3.565697e+02 0.000000e+00
      vertex   3.939618e+01 3.566414e+02 0.000000e+00
      vertex   3.905294e+01 3.564993e+02 0.000000e+00
    endloop
  endfacet
  facet normal 0.000000e+00 0.000000e+00 -1.000000e+00
    outer loop
      vertex   1.665453e+01 3.565697e+02 0.000000e+00
      vertex   3.905294e+01 3.564993e+02 0.000000e+00
      vertex   1.700058e+01 3.564264e+02 0.000000e+00
    endloop
  endfacet
  facet normal 0.000000e+00 0.000000e+00 -1.000000e+00
    outer loop
      vertex   1.700058e+01 3.564264e+02 0.000000e+00
      vertex   3.905294e+01 3.564993e+02 0.000000e+00
      vertex   3.875820e+01 3.562731e+02 0.000000e+00
    endloop
  endfacet
  facet normal 0.000000e+00 0.000000e+00 -1.000000e+00
    outer loop
      vertex   1.700058e+01 3.564264e+02 0.000000e+00
      vertex   3.875820e+01 3.562731e+02 0.000000e+00
      vertex   1.729773e+01 3.561984e+02 0.000000e+00
    endloop
  endfacet
  facet normal 0.000000e+00 0.000000e+00 -1.000000e+00
    outer loop
      vertex   1.729773e+01 3.561984e+02 0.000000e+00
      vertex   3.875820e+01 3.562731e+02 0.000000e+00
      vertex   3.853203e+01 3.559784e+02 0.000000e+00
    endloop
  endfacet
  facet normal 0.000000e+00 0.000000e+00 -1.000000e+00
    outer loop
      vertex   1.729773e+01 3.561984e+02 0.000000e+00
      vertex   3.853203e+01 3.559784e+02 0.000000e+00
      vertex   1.752575e+01 3.559012e+02 0.000000e+00
    endloop
  endfacet
  facet normal 0.000000e+00 0.000000e+00 -1.000000e+00
    outer loop
      vertex   1.752575e+01 3.559012e+02 0.000000e+00
      vertex   3.853203e+01 3.559784e+02 0.000000e+00
      vertex   3.838986e+01 3.556351e+02 0.000000e+00
    endloop
  endfacet
  facet normal 0.000000e+00 0.000000e+00 -1.000000e+00
    outer loop
      vertex   1.752575e+01 3.559012e+02 0.000000e+00
      vertex   3.838986e+01 3.556351e+02 0.000000e+00
      vertex   1.766909e+01 3.555552e+02 0.000000e+00
    endloop
  endfacet
  facet normal 0.000000e+00 0.000000e+00 -1.000000e+00
    outer loop
      vertex   1.766909e+01 3.555552e+02 0.000000e+00
      vertex   3.838986e+01 3.556351e+02 0.000000e+00
      vertex   3.834136e+01 3.552668e+02 0.000000e+00
    endloop
  endfacet
  facet normal 0.000000e+00 0.000000e+00 -1.000000e+00
    outer loop
      vertex   1.766909e+01 3.555552e+02 0.000000e+00
      vertex   3.834136e+01 3.552668e+02 0.000000e+00
      vertex   1.771797e+01 3.551838e+02 0.000000e+00
    endloop
  endfacet
  facet normal 0.000000e+00 0.000000e+00 -1.000000e+00
    outer loop
      vertex   1.771797e+01 3.551838e+02 0.000000e+00
      vertex   3.834136e+01 3.552668e+02 0.000000e+00
      vertex   3.838986e+01 3.548984e+02 0.000000e+00
    endloop
  endfacet
  facet normal 0.000000e+00 -0.000000e+00 -1.000000e+00
    outer loop
      vertex   1.771797e+01 3.551838e+02 0.000000e+00
      vertex   3.838986e+01 3.548984e+02 0.000000e+00
      vertex   1.766909e+01 3.548125e+02 0.000000e+00
    endloop
  endfacet
  facet normal 0.000000e+00 0.000000e+00 -1.000000e+00
    outer loop
      vertex   1.766909e+01 3.548125e+02 0.000000e+00
      vertex   3.838986e+01 3.548984e+02 0.000000e+00
      vertex   3.853203e+01 3.545552e+02 0.000000e+00
    endloop
  endfacet
  facet normal 0.000000e+00 -0.000000e+00 -1.000000e+00
    outer loop
      vertex   1.766909e+01 3.548125e+02 0.000000e+00
      vertex   3.853203e+01 3.545552e+02 0.000000e+00
      vertex   1.752575e+01 3.544664e+02 0.000000e+00
    endloop
  endfacet
  facet normal 0.000000e+00 0.000000e+00 -1.000000e+00
    outer loop
      vertex   1.752575e+01 3.544664e+02 0.000000e+00
      vertex   3.853203e+01 3.545552e+02 0.000000e+00
      vertex   3.875820e+01 3.542605e+02 0.000000e+00
    endloop
  endfacet
  facet normal 0.000000e+00 -0.000000e+00 -1.000000e+00
    outer loop
      vertex   1.752575e+01 3.544664e+02 0.000000e+00
      vertex   3.875820e+01 3.542605e+02 0.000000e+00
      vertex   1.729773e+01 3.541693e+02 0.000000e+00
    endloop
  endfacet
  facet normal 0.000000e+00 0.000000e+00 -1.000000e+00
    outer loop
      vertex   1.729773e+01 3.541693e+02 0.000000e+00
      vertex   3.875820e+01 3.542605e+02 0.000000e+00
      vertex   3.905294e+01 3.540343e+02 0.000000e+00
    endloop
  endfacet
  facet normal 0.000000e+00 -0.000000e+00 -1.000000e+00
    outer loop
      vertex   1.729773e+01 3.541693e+02 0.000000e+00
      vertex   3.905294e+01 3.540343e+02 0.000000e+00
      vertex   1.700058e+01 3.539413e+02 0.000000e+00
    endloop
  endfacet
  facet normal 0.000000e+00 0.000000e+00 -1.000000e+00
    outer loop
      vertex   1.700058e+01 3.539413e+02 0.000000e+00
      vertex   3.905294e+01 3.540343e+02 0.000000e+00
      vertex   3.939618e+01 3.538921e+02 0.000000e+00
    endloop
  endfacet
  facet normal 0.000000e+00 -0.000000e+00 -1.000000e+00
    outer loop
      vertex   1.700058e+01 3.539413e+02 0.000000e+00
      vertex   3.939618e+01 3.538921e+02 0.000000e+00
      vertex   1.665453e+01 3.537979e+02 0.000000e+00
    endloop
  endfacet
  facet normal 0.000000e+00 -0.000000e+00 -1.000000e+00
    outer loop
      vertex   1.665453e+01 3.537979e+02 0.000000e+00
      vertex   3.939618e+01 3.538921e+02 0.000000e+00
      vertex   -1.157353e+00 3.231115e+02 0.000000e+00
    endloop
  endfacet
  facet normal 0.000000e+00 0.000000e+00 -1.000000e+00
    outer loop
      vertex   1.665453e+01 3.537979e+02 0.000000e+00
      vertex   -1.157353e+00 3.231115e+02 0.000000e+00
      vertex   -1.408615e+00 3.234390e+02 0.000000e+00
    endloop
  endfacet
  facet normal 0.000000e+00 0.000000e+00 -1.000000e+00
    outer loop
      vertex   -1.157353e+00 3.231115e+02 0.000000e+00
      vertex   3.939618e+01 3.538921e+02 0.000000e+00
      vertex   3.957976e+01 3.062584e+02 0.000000e+00
    endloop
  endfacet
  facet normal 0.000000e+00 0.000000e+00 -1.000000e+00
    outer loop
      vertex   3.957976e+01 3.062584e+02 0.000000e+00
      vertex   3.939618e+01 3.538921e+02 0.000000e+00
      vertex   3.976452e+01 3.538436e+02 0.000000e+00
    endloop
  endfacet
  facet normal 0.000000e+00 0.000000e+00 -1.000000e+00
    outer loop
      vertex   3.957976e+01 3.062584e+02 0.000000e+00
      vertex   3.976452e+01 3.538436e+02 0.000000e+00
      vertex   3.994901e+01 3.063070e+02 0.000000e+00
    endloop
  endfacet
  facet normal 0.000000e+00 0.000000e+00 -1.000000e+00
    outer loop
      vertex   3.994901e+01 3.063070e+02 0.000000e+00
      vertex   3.976452e+01 3.538436e+02 0.000000e+00
      vertex   4.013286e+01 3.538921e+02 0.000000e+00
    endloop
  endfacet
  facet normal 0.000000e+00 0.000000e+00 -1.000000e+00
    outer loop
      vertex   3.994901e+01 3.063070e+02 0.000000e+00
      vertex   4.013286e+01 3.538921e+02 0.000000e+00
      vertex   4.031826e+01 3.062584e+02 0.000000e+00
    endloop
  endfacet
  facet normal 0.000000e+00 0.000000e+00 -1.000000e+00
    outer loop
      vertex   4.031826e+01 3.062584e+02 0.000000e+00
      vertex   4.013286e+01 3.538921e+02 0.000000e+00
      vertex   4.047610e+01 3.540343e+02 0.000000e+00
    endloop
  endfacet
  facet normal 0.000000e+00 0.000000e+00 -1.000000e+00
    outer loop
      vertex   4.031826e+01 3.062584e+02 0.000000e+00
      vertex   4.047610e+01 3.540343e+02 0.000000e+00
      vertex   4.066235e+01 3.061158e+02 0.000000e+00
    endloop
  endfacet
  facet normal 0.000000e+00 0.000000e+00 -1.000000e+00
    outer loop
      vertex   4.066235e+01 3.061158e+02 0.000000e+00
      vertex   4.047610e+01 3.540343e+02 0.000000e+00
      vertex   4.077085e+01 3.542605e+02 0.000000e+00
    endloop
  endfacet
  facet normal 0.000000e+00 0.000000e+00 -1.000000e+00
    outer loop
      vertex   4.066235e+01 3.061158e+02 0.000000e+00
      vertex   4.077085e+01 3.542605e+02 0.000000e+00
      vertex   4.095782e+01 3.058891e+02 0.000000e+00
    endloop
  endfacet
  facet normal 0.000000e+00 0.000000e+00 -1.000000e+00
    outer loop
      vertex   4.095782e+01 3.058891e+02 0.000000e+00
      vertex   4.077085e+01 3.542605e+02 0.000000e+00
      vertex   5.164334e+01 2.973540e+02 0.000000e+00
    endloop
  endfacet
  facet normal 0.000000e+00 0.000000e+00 -1.000000e+00
    outer loop
      vertex   4.095782e+01 3.058891e+02 0.000000e+00
      vertex   5.164334e+01 2.973540e+02 0.000000e+00
      vertex   4.118455e+01 3.055936e+02 0.000000e+00
    endloop
  endfacet
  facet normal 0.000000e+00 0.000000e+00 -1.000000e+00
    outer loop
      vertex   4.118455e+01 3.055936e+02 0.000000e+00
      vertex   5.164334e+01 2.973540e+02 0.000000e+00
      vertex   4.132707e+01 3.052495e+02 0.000000e+00
    endloop
  endfacet
  facet normal 0.000000e+00 0.000000e+00 -1.000000e+00
    outer loop
      vertex   4.132707e+01 3.052495e+02 0.000000e+00
      vertex   5.164334e+01 2.973540e+02 0.000000e+00
      vertex   4.137569e+01 3.048803e+02 0.000000e+00
    endloop
  endfacet
  facet normal 0.000000e+00 -0.000000e+00 -1.000000e+00
    outer loop
      vertex   4.137569e+01 3.048803e+02 0.000000e+00
      vertex   5.164334e+01 2.973540e+02 0.000000e+00
      vertex   4.132707e+01 3.045110e+02 0.000000e+00
    endloop
  endfacet
  facet normal 0.000000e+00 -0.000000e+00 -1.000000e+00
    outer loop
      vertex   4.132707e+01 3.045110e+02 0.000000e+00
      vertex   5.164334e+01 2.973540e+02 0.000000e+00
      vertex   4.118455e+01 3.041670e+02 0.000000e+00
    endloop
  endfacet
  facet normal 0.000000e+00 -0.000000e+00 -1.000000e+00
    outer loop
      vertex   4.118455e+01 3.041670e+02 0.000000e+00
      vertex   5.164334e+01 2.973540e+02 0.000000e+00
      vertex   4.095782e+01 3.038715e+02 0.000000e+00
    endloop
  endfacet
  facet normal 0.000000e+00 -0.000000e+00 -1.000000e+00
    outer loop
      vertex   4.095782e+01 3.038715e+02 0.000000e+00
      vertex   5.164334e+01 2.973540e+02 0.000000e+00
      vertex   4.066235e+01 3.036448e+02 0.000000e+00
    endloop
  endfacet
  facet normal 0.000000e+00 -0.000000e+00 -1.000000e+00
    outer loop
      vertex   4.066235e+01 3.036448e+02 0.000000e+00
      vertex   5.164334e+01 2.973540e+02 0.000000e+00
      vertex   4.031826e+01 3.035022e+02 0.000000e+00
    endloop
  endfacet
  facet normal 0.000000e+00 -0.000000e+00 -1.000000e+00
    outer loop
      vertex   4.031826e+01 3.035022e+02 0.000000e+00
      vertex   5.164334e+01 2.973540e+02 0.000000e+00
      vertex   3.994901e+01 3.034536e+02 0.000000e+00
    endloop
  endfacet
  facet normal -0.000000e+00 -0.000000e+00 -1.000000e+00
    outer loop
      vertex   3.994901e+01 3.034536e+02 0.000000e+00
      vertex   5.164334e+01 2.973540e+02 0.000000e+00
      vertex   3.957976e+01 3.035022e+02 0.000000e+00
    endloop
  endfacet
  facet normal 0.000000e+00 -0.000000e+00 -1.000000e+00
    outer loop
      vertex   3.957976e+01 3.035022e+02 0.000000e+00
      vertex   5.164334e+01 2.973540e+02 0.000000e+00
      vertex   1.685258e+01 3.034204e+02 0.000000e+00
    endloop
  endfacet
  facet normal -0.000000e+00 0.000000e+00 -1.000000e+00
    outer loop
      vertex   3.957976e+01 3.035022e+02 0.000000e+00
      vertex   1.685258e+01 3.034204e+02 0.000000e+00
      vertex   1.719588e+01 3.035626e+02 0.000000e+00
    endloop
  endfacet
  facet normal 0.000000e+00 0.000000e+00 -1.000000e+00
    outer loop
      vertex   4.077085e+01 3.542605e+02 0.000000e+00
      vertex   4.099701e+01 3.545552e+02 0.000000e+00
      vertex   5.164334e+01 2.973540e+02 0.000000e+00
    endloop
  endfacet
  facet normal 0.000000e+00 0.000000e+00 -1.000000e+00
    outer loop
      vertex   5.164334e+01 2.973540e+02 0.000000e+00
      vertex   4.099701e+01 3.545552e+02 0.000000e+00
      vertex   4.113919e+01 3.548984e+02 0.000000e+00
    endloop
  endfacet
  facet normal 0.000000e+00 0.000000e+00 -1.000000e+00
    outer loop
      vertex   5.164334e+01 2.973540e+02 0.000000e+00
      vertex   4.113919e+01 3.548984e+02 0.000000e+00
      vertex   5.164334e+01 3.823986e+02 0.000000e+00
    endloop
  endfacet
  facet normal 0.000000e+00 0.000000e+00 -1.000000e+00
    outer loop
      vertex   1.785910e+01 3.051637e+02 0.000000e+00
      vertex   3.852233e+01 3.048803e+02 0.000000e+00
      vertex   1.790761e+01 3.047953e+02 0.000000e+00
    endloop
  endfacet
  facet normal 0.000000e+00 0.000000e+00 -1.000000e+00
    outer loop
      vertex   1.790761e+01 3.047953e+02 0.000000e+00
      vertex   3.852233e+01 3.048803e+02 0.000000e+00
      vertex   3.857094e+01 3.045110e+02 0.000000e+00
    endloop
  endfacet
  facet normal 0.000000e+00 -0.000000e+00 -1.000000e+00
    outer loop
      vertex   1.790761e+01 3.047953e+02 0.000000e+00
      vertex   3.857094e+01 3.045110e+02 0.000000e+00
      vertex   1.785910e+01 3.044269e+02 0.000000e+00
    endloop
  endfacet
  facet normal 0.000000e+00 0.000000e+00 -1.000000e+00
    outer loop
      vertex   1.785910e+01 3.044269e+02 0.000000e+00
      vertex   3.857094e+01 3.045110e+02 0.000000e+00
      vertex   3.871347e+01 3.041670e+02 0.000000e+00
    endloop
  endfacet
  facet normal 0.000000e+00 -0.000000e+00 -1.000000e+00
    outer loop
      vertex   1.785910e+01 3.044269e+02 0.000000e+00
      vertex   3.871347e+01 3.041670e+02 0.000000e+00
      vertex   1.771690e+01 3.040836e+02 0.000000e+00
    endloop
  endfacet
  facet normal 0.000000e+00 0.000000e+00 -1.000000e+00
    outer loop
      vertex   1.771690e+01 3.040836e+02 0.000000e+00
      vertex   3.871347e+01 3.041670e+02 0.000000e+00
      vertex   3.894019e+01 3.038715e+02 0.000000e+00
    endloop
  endfacet
  facet normal 0.000000e+00 -0.000000e+00 -1.000000e+00
    outer loop
      vertex   1.771690e+01 3.040836e+02 0.000000e+00
      vertex   3.894019e+01 3.038715e+02 0.000000e+00
      vertex   1.749069e+01 3.037888e+02 0.000000e+00
    endloop
  endfacet
  facet normal 0.000000e+00 0.000000e+00 -1.000000e+00
    outer loop
      vertex   1.749069e+01 3.037888e+02 0.000000e+00
      vertex   3.894019e+01 3.038715e+02 0.000000e+00
      vertex   3.923567e+01 3.036448e+02 0.000000e+00
    endloop
  endfacet
  facet normal 0.000000e+00 -0.000000e+00 -1.000000e+00
    outer loop
      vertex   1.749069e+01 3.037888e+02 0.000000e+00
      vertex   3.923567e+01 3.036448e+02 0.000000e+00
      vertex   1.719588e+01 3.035626e+02 0.000000e+00
    endloop
  endfacet
  facet normal 0.000000e+00 0.000000e+00 -1.000000e+00
    outer loop
      vertex   1.719588e+01 3.035626e+02 0.000000e+00
      vertex   3.923567e+01 3.036448e+02 0.000000e+00
      vertex   3.957976e+01 3.035022e+02 0.000000e+00
    endloop
  endfacet
  facet normal 0.000000e+00 0.000000e+00 -1.000000e+00
    outer loop
      vertex   3.852233e+01 3.048803e+02 0.000000e+00
      vertex   1.785910e+01 3.051637e+02 0.000000e+00
      vertex   3.857094e+01 3.052495e+02 0.000000e+00
    endloop
  endfacet
  facet normal -0.000000e+00 0.000000e+00 -1.000000e+00
    outer loop
      vertex   3.857094e+01 3.052495e+02 0.000000e+00
      vertex   1.785910e+01 3.051637e+02 0.000000e+00
      vertex   1.771690e+01 3.055070e+02 0.000000e+00
    endloop
  endfacet
  facet normal 0.000000e+00 0.000000e+00 -1.000000e+00
    outer loop
      vertex   3.857094e+01 3.052495e+02 0.000000e+00
      vertex   1.771690e+01 3.055070e+02 0.000000e+00
      vertex   3.871347e+01 3.055936e+02 0.000000e+00
    endloop
  endfacet
  facet normal -0.000000e+00 0.000000e+00 -1.000000e+00
    outer loop
      vertex   3.871347e+01 3.055936e+02 0.000000e+00
      vertex   1.771690e+01 3.055070e+02 0.000000e+00
      vertex   1.749069e+01 3.058019e+02 0.000000e+00
    endloop
  endfacet
  facet normal 0.000000e+00 0.000000e+00 -1.000000e+00
    outer loop
      vertex   3.871347e+01 3.055936e+02 0.000000e+00
      vertex   1.749069e+01 3.058019e+02 0.000000e+00
      vertex   3.894019e+01 3.058891e+02 0.000000e+00
    endloop
  endfacet
  facet normal -0.000000e+00 0.000000e+00 -1.000000e+00
    outer loop
      vertex   3.894019e+01 3.058891e+02 0.000000e+00
      vertex   1.749069e+01 3.058019e+02 0.000000e+00
      vertex   1.719588e+01 3.060281e+02 0.000000e+00
    endloop
  endfacet
  facet normal 0.000000e+00 0.000000e+00 -1.000000e+00
    outer loop
      vertex   3.894019e+01 3.058891e+02 0.000000e+00
      vertex   1.719588e+01 3.060281e+02 0.000000e+00
      vertex   3.923567e+01 3.061158e+02 0.000000e+00
    endloop
  endfacet
  facet normal -0.000000e+00 0.000000e+00 -1.000000e+00
    outer loop
      vertex   3.923567e+01 3.061158e+02 0.000000e+00
      vertex   1.719588e+01 3.060281e+02 0.000000e+00
      vertex   1.685258e+01 3.061703e+02 0.000000e+00
    endloop
  endfacet
  facet normal 0.000000e+00 0.000000e+00 -1.000000e+00
    outer loop
      vertex   3.923567e+01 3.061158e+02 0.000000e+00
      vertex   1.685258e+01 3.061703e+02 0.000000e+00
      vertex   3.957976e+01 3.062584e+02 0.000000e+00
    endloop
  endfacet
  facet normal -0.000000e+00 0.000000e+00 -1.000000e+00
    outer loop
      vertex   3.957976e+01 3.062584e+02 0.000000e+00
      vertex   1.685258e+01 3.061703e+02 0.000000e+00
      vertex   -9.994040e-01 3.227302e+02 0.000000e+00
    endloop
  endfacet
  facet normal 0.000000e+00 0.000000e+00 -1.000000e+00
    outer loop
      vertex   3.957976e+01 3.062584e+02 0.000000e+00
      vertex   -9.994040e-01 3.227302e+02 0.000000e+00
      vertex   -1.157353e+00 3.231115e+02 0.000000e+00
    endloop
  endfacet
  facet normal 0.000000e+00 0.000000e+00 -1.000000e+00
    outer loop
      vertex   -9.994040e-01 3.227302e+02 0.000000e+00
      vertex   1.685258e+01 3.061703e+02 0.000000e+00
      vertex   -9.455305e-01 3.223210e+02 0.000000e+00
    endloop
  endfacet
  facet normal 0.000000e+00 0.000000e+00 -1.000000e+00
    outer loop
      vertex   -9.455305e-01 3.223210e+02 0.000000e+00
      vertex   1.685258e+01 3.061703e+02 0.000000e+00
      vertex   1.648416e+01 3.062188e+02 0.000000e+00
    endloop
  endfacet
  facet normal 0.000000e+00 -0.000000e+00 -1.000000e+00
    outer loop
      vertex   -9.455305e-01 3.223210e+02 0.000000e+00
      vertex   1.648416e+01 3.062188e+02 0.000000e+00
      vertex   -9.994040e-01 3.219118e+02 0.000000e+00
    endloop
  endfacet
  facet normal 0.000000e+00 -0.000000e+00 -1.000000e+00
    outer loop
      vertex   -9.994040e-01 3.219118e+02 0.000000e+00
      vertex   1.648416e+01 3.062188e+02 0.000000e+00
      vertex   -1.157353e+00 3.215305e+02 0.000000e+00
    endloop
  endfacet
  facet normal 0.000000e+00 0.000000e+00 -1.000000e+00
    outer loop
      vertex   -1.157353e+00 3.215305e+02 0.000000e+00
      vertex   1.648416e+01 3.062188e+02 0.000000e+00
      vertex   1.611575e+01 3.061703e+02 0.000000e+00
    endloop
  endfacet
  facet normal 0.000000e+00 -0.000000e+00 -1.000000e+00
    outer loop
      vertex   -1.157353e+00 3.215305e+02 0.000000e+00
      vertex   1.611575e+01 3.061703e+02 0.000000e+00
      vertex   -1.408615e+00 3.212030e+02 0.000000e+00
    endloop
  endfacet
  facet normal 0.000000e+00 0.000000e+00 -1.000000e+00
    outer loop
      vertex   -1.408615e+00 3.212030e+02 0.000000e+00
      vertex   1.611575e+01 3.061703e+02 0.000000e+00
      vertex   1.577244e+01 3.060281e+02 0.000000e+00
    endloop
  endfacet
  facet normal 0.000000e+00 -0.000000e+00 -1.000000e+00
    outer loop
      vertex   -1.408615e+00 3.212030e+02 0.000000e+00
      vertex   1.577244e+01 3.060281e+02 0.000000e+00
      vertex   -1.736064e+00 3.209518e+02 0.000000e+00
    endloop
  endfacet
  facet normal 0.000000e+00 0.000000e+00 -1.000000e+00
    outer loop
      vertex   -1.736064e+00 3.209518e+02 0.000000e+00
      vertex   1.577244e+01 3.060281e+02 0.000000e+00
      vertex   1.547764e+01 3.058019e+02 0.000000e+00
    endloop
  endfacet
  facet normal 0.000000e+00 -0.000000e+00 -1.000000e+00
    outer loop
      vertex   -1.736064e+00 3.209518e+02 0.000000e+00
      vertex   1.547764e+01 3.058019e+02 0.000000e+00
      vertex   -2.117388e+00 3.207938e+02 0.000000e+00
    endloop
  endfacet
  facet normal 0.000000e+00 0.000000e+00 -1.000000e+00
    outer loop
      vertex   -2.117388e+00 3.207938e+02 0.000000e+00
      vertex   1.547764e+01 3.058019e+02 0.000000e+00
      vertex   1.525143e+01 3.055070e+02 0.000000e+00
    endloop
  endfacet
  facet normal 0.000000e+00 -0.000000e+00 -1.000000e+00
    outer loop
      vertex   -2.117388e+00 3.207938e+02 0.000000e+00
      vertex   1.525143e+01 3.055070e+02 0.000000e+00
      vertex   -2.526598e+00 3.207399e+02 0.000000e+00
    endloop
  endfacet
  facet normal 0.000000e+00 0.000000e+00 -1.000000e+00
    outer loop
      vertex   -2.526598e+00 3.207399e+02 0.000000e+00
      vertex   1.525143e+01 3.055070e+02 0.000000e+00
      vertex   1.510922e+01 3.051637e+02 0.000000e+00
    endloop
  endfacet
  facet normal 0.000000e+00 0.000000e+00 -1.000000e+00
    outer loop
      vertex   -2.526598e+00 3.207399e+02 0.000000e+00
      vertex   1.510922e+01 3.051637e+02 0.000000e+00
      vertex   1.506072e+01 3.047953e+02 0.000000e+00
    endloop
  endfacet
  facet normal -0.000000e+00 -0.000000e+00 -1.000000e+00
    outer loop
      vertex   -2.526598e+00 3.207399e+02 0.000000e+00
      vertex   1.506072e+01 3.047953e+02 0.000000e+00
      vertex   -2.935809e+00 3.207938e+02 0.000000e+00
    endloop
  endfacet
  facet normal 0.000000e+00 0.000000e+00 -1.000000e+00
    outer loop
      vertex   -2.935809e+00 3.207938e+02 0.000000e+00
      vertex   1.506072e+01 3.047953e+02 0.000000e+00
      vertex   1.510922e+01 3.044269e+02 0.000000e+00
    endloop
  endfacet
  facet normal 0.000000e+00 0.000000e+00 -1.000000e+00
    outer loop
      vertex   -2.935809e+00 3.207938e+02 0.000000e+00
      vertex   1.510922e+01 3.044269e+02 0.000000e+00
      vertex   1.525143e+01 3.040836e+02 0.000000e+00
    endloop
  endfacet
  facet normal -0.000000e+00 0.000000e+00 -1.000000e+00
    outer loop
      vertex   1.547764e+01 3.037888e+02 0.000000e+00
      vertex   -6.720696e+01 2.973540e+02 0.000000e+00
      vertex   1.525143e+01 3.040836e+02 0.000000e+00
    endloop
  endfacet
  facet normal -0.000000e+00 0.000000e+00 -1.000000e+00
    outer loop
      vertex   1.525143e+01 3.040836e+02 0.000000e+00
      vertex   -6.720696e+01 2.973540e+02 0.000000e+00
      vertex   -3.317132e+00 3.209518e+02 0.000000e+00
    endloop
  endfacet
  facet normal 0.000000e+00 0.000000e+00 -1.000000e+00
    outer loop
      vertex   1.525143e+01 3.040836e+02 0.000000e+00
      vertex   -3.317132e+00 3.209518e+02 0.000000e+00
      vertex   -2.935809e+00 3.207938e+02 0.000000e+00
    endloop
  endfacet
  facet normal 0.000000e+00 -0.000000e+00 -1.000000e+00
    outer loop
      vertex   1.547764e+01 3.037888e+02 0.000000e+00
      vertex   1.577244e+01 3.035626e+02 0.000000e+00
      vertex   -6.720696e+01 2.973540e+02 0.000000e+00
    endloop
  endfacet
  facet normal 0.000000e+00 0.000000e+00 -1.000000e+00
    outer loop
      vertex   -6.720696e+01 2.973540e+02 0.000000e+00
      vertex   1.577244e+01 3.035626e+02 0.000000e+00
      vertex   1.611575e+01 3.034204e+02 0.000000e+00
    endloop
  endfacet
  facet normal 0.000000e+00 0.000000e+00 -1.000000e+00
    outer loop
      vertex   -6.720696e+01 2.973540e+02 0.000000e+00
      vertex   1.611575e+01 3.034204e+02 0.000000e+00
      vertex   1.648416e+01 3.033719e+02 0.000000e+00
    endloop
  endfacet
  facet normal 0.000000e+00 0.000000e+00 -1.000000e+00
    outer loop
      vertex   -6.720696e+01 2.973540e+02 0.000000e+00
      vertex   1.648416e+01 3.033719e+02 0.000000e+00
      vertex   5.164334e+01 2.973540e+02 0.000000e+00
    endloop
  endfacet
  facet normal 0.000000e+00 0.000000e+00 -1.000000e+00
    outer loop
      vertex   5.164334e+01 2.973540e+02 0.000000e+00
      vertex   1.648416e+01 3.033719e+02 0.000000e+00
      vertex   1.685258e+01 3.034204e+02 0.000000e+00
    endloop
  endfacet
  facet normal 0.000000e+00 0.000000e+00 -1.000000e+00
    outer loop
      vertex   -4.053793e+00 3.219118e+02 0.000000e+00
      vertex   -4.927719e+01 3.231826e+02 0.000000e+00
      vertex   -4.107666e+00 3.223210e+02 0.000000e+00
    endloop
  endfacet
  facet normal 0.000000e+00 0.000000e+00 -1.000000e+00
    outer loop
      vertex   -4.107666e+00 3.223210e+02 0.000000e+00
      vertex   -4.927719e+01 3.231826e+02 0.000000e+00
      vertex   -4.922340e+01 3.235911e+02 0.000000e+00
    endloop
  endfacet
  facet normal 0.000000e+00 0.000000e+00 -1.000000e+00
    outer loop
      vertex   -4.107666e+00 3.223210e+02 0.000000e+00
      vertex   -4.922340e+01 3.235911e+02 0.000000e+00
      vertex   -4.053793e+00 3.227302e+02 0.000000e+00
    endloop
  endfacet
  facet normal 0.000000e+00 0.000000e+00 -1.000000e+00
    outer loop
      vertex   -4.053793e+00 3.227302e+02 0.000000e+00
      vertex   -4.922340e+01 3.235911e+02 0.000000e+00
      vertex   -4.927719e+01 3.239997e+02 0.000000e+00
    endloop
  endfacet
  facet normal 0.000000e+00 0.000000e+00 -1.000000e+00
    outer loop
      vertex   -4.053793e+00 3.227302e+02 0.000000e+00
      vertex   -4.927719e+01 3.239997e+02 0.000000e+00
      vertex   -3.895843e+00 3.231115e+02 0.000000e+00
    endloop
  endfacet
  facet normal 0.000000e+00 0.000000e+00 -1.000000e+00
    outer loop
      vertex   -3.895843e+00 3.231115e+02 0.000000e+00
      vertex   -4.927719e+01 3.239997e+02 0.000000e+00
      vertex   -4.943489e+01 3.243804e+02 0.000000e+00
    endloop
  endfacet
  facet normal 0.000000e+00 0.000000e+00 -1.000000e+00
    outer loop
      vertex   -3.895843e+00 3.231115e+02 0.000000e+00
      vertex   -4.943489e+01 3.243804e+02 0.000000e+00
      vertex   -3.644582e+00 3.234390e+02 0.000000e+00
    endloop
  endfacet
  facet normal 0.000000e+00 0.000000e+00 -1.000000e+00
    outer loop
      vertex   -3.644582e+00 3.234390e+02 0.000000e+00
      vertex   -4.943489e+01 3.243804e+02 0.000000e+00
      vertex   -4.968575e+01 3.247073e+02 0.000000e+00
    endloop
  endfacet
  facet normal 0.000000e+00 0.000000e+00 -1.000000e+00
    outer loop
      vertex   -3.644582e+00 3.234390e+02 0.000000e+00
      vertex   -4.968575e+01 3.247073e+02 0.000000e+00
      vertex   -3.317132e+00 3.236903e+02 0.000000e+00
    endloop
  endfacet
  facet normal 0.000000e+00 0.000000e+00 -1.000000e+00
    outer loop
      vertex   -3.317132e+00 3.236903e+02 0.000000e+00
      vertex   -4.968575e+01 3.247073e+02 0.000000e+00
      vertex   -5.001267e+01 3.249582e+02 0.000000e+00
    endloop
  endfacet
  facet normal 0.000000e+00 0.000000e+00 -1.000000e+00
    outer loop
      vertex   -3.317132e+00 3.236903e+02 0.000000e+00
      vertex   -5.001267e+01 3.249582e+02 0.000000e+00
      vertex   1.504061e+01 3.544664e+02 0.000000e+00
    endloop
  endfacet
  facet normal -0.000000e+00 0.000000e+00 -1.000000e+00
    outer loop
      vertex   1.504061e+01 3.544664e+02 0.000000e+00
      vertex   -5.001267e+01 3.249582e+02 0.000000e+00
      vertex   -8.020374e+00 3.728581e+02 0.000000e+00
    endloop
  endfacet
  facet normal 0.000000e+00 0.000000e+00 -1.000000e+00
    outer loop
      vertex   1.504061e+01 3.544664e+02 0.000000e+00
      vertex   -8.020374e+00 3.728581e+02 0.000000e+00
      vertex   1.489728e+01 3.548125e+02 0.000000e+00
    endloop
  endfacet
  facet normal 0.000000e+00 0.000000e+00 -1.000000e+00
    outer loop
      vertex   1.489728e+01 3.548125e+02 0.000000e+00
      vertex   -8.020374e+00 3.728581e+02 0.000000e+00
      vertex   1.484839e+01 3.551838e+02 0.000000e+00
    endloop
  endfacet
  facet normal 0.000000e+00 0.000000e+00 -1.000000e+00
    outer loop
      vertex   1.484839e+01 3.551838e+02 0.000000e+00
      vertex   -8.020374e+00 3.728581e+02 0.000000e+00
      vertex   -7.609229e+00 3.728039e+02 0.000000e+00
    endloop
  endfacet
  facet normal 0.000000e+00 0.000000e+00 -1.000000e+00
    outer loop
      vertex   1.484839e+01 3.551838e+02 0.000000e+00
      vertex   -7.609229e+00 3.728039e+02 0.000000e+00
      vertex   1.489728e+01 3.555552e+02 0.000000e+00
    endloop
  endfacet
  facet normal 0.000000e+00 0.000000e+00 -1.000000e+00
    outer loop
      vertex   1.489728e+01 3.555552e+02 0.000000e+00
      vertex   -7.609229e+00 3.728039e+02 0.000000e+00
      vertex   -7.198084e+00 3.728581e+02 0.000000e+00
    endloop
  endfacet
  facet normal 0.000000e+00 0.000000e+00 -1.000000e+00
    outer loop
      vertex   1.489728e+01 3.555552e+02 0.000000e+00
      vertex   -7.198084e+00 3.728581e+02 0.000000e+00
      vertex   1.504061e+01 3.559012e+02 0.000000e+00
    endloop
  endfacet
  facet normal 0.000000e+00 0.000000e+00 -1.000000e+00
    outer loop
      vertex   1.504061e+01 3.559012e+02 0.000000e+00
      vertex   -7.198084e+00 3.728581e+02 0.000000e+00
      vertex   1.526863e+01 3.561984e+02 0.000000e+00
    endloop
  endfacet
  facet normal 0.000000e+00 0.000000e+00 -1.000000e+00
    outer loop
      vertex   1.526863e+01 3.561984e+02 0.000000e+00
      vertex   -7.198084e+00 3.728581e+02 0.000000e+00
      vertex   -6.814957e+00 3.730167e+02 0.000000e+00
    endloop
  endfacet
  facet normal 0.000000e+00 0.000000e+00 -1.000000e+00
    outer loop
      vertex   1.526863e+01 3.561984e+02 0.000000e+00
      vertex   -6.814957e+00 3.730167e+02 0.000000e+00
      vertex   1.556578e+01 3.564264e+02 0.000000e+00
    endloop
  endfacet
  facet normal 0.000000e+00 0.000000e+00 -1.000000e+00
    outer loop
      vertex   1.556578e+01 3.564264e+02 0.000000e+00
      vertex   -6.814957e+00 3.730167e+02 0.000000e+00
      vertex   -6.485959e+00 3.732692e+02 0.000000e+00
    endloop
  endfacet
  facet normal 0.000000e+00 0.000000e+00 -1.000000e+00
    outer loop
      vertex   1.556578e+01 3.564264e+02 0.000000e+00
      vertex   -6.485959e+00 3.732692e+02 0.000000e+00
      vertex   1.591183e+01 3.565697e+02 0.000000e+00
    endloop
  endfacet
  facet normal 0.000000e+00 0.000000e+00 -1.000000e+00
    outer loop
      vertex   1.591183e+01 3.565697e+02 0.000000e+00
      vertex   -6.485959e+00 3.732692e+02 0.000000e+00
      vertex   -6.233510e+00 3.735982e+02 0.000000e+00
    endloop
  endfacet
  facet normal 0.000000e+00 0.000000e+00 -1.000000e+00
    outer loop
      vertex   1.591183e+01 3.565697e+02 0.000000e+00
      vertex   -6.233510e+00 3.735982e+02 0.000000e+00
      vertex   -6.074814e+00 3.739813e+02 0.000000e+00
    endloop
  endfacet
  facet normal 0.000000e+00 -0.000000e+00 -1.000000e+00
    outer loop
      vertex   -4.927719e+01 3.231826e+02 0.000000e+00
      vertex   -4.053793e+00 3.219118e+02 0.000000e+00
      vertex   -4.943489e+01 3.228019e+02 0.000000e+00
    endloop
  endfacet
  facet normal 0.000000e+00 0.000000e+00 -1.000000e+00
    outer loop
      vertex   -4.943489e+01 3.228019e+02 0.000000e+00
      vertex   -4.053793e+00 3.219118e+02 0.000000e+00
      vertex   -3.895843e+00 3.215305e+02 0.000000e+00
    endloop
  endfacet
  facet normal 0.000000e+00 -0.000000e+00 -1.000000e+00
    outer loop
      vertex   -4.943489e+01 3.228019e+02 0.000000e+00
      vertex   -3.895843e+00 3.215305e+02 0.000000e+00
      vertex   -4.968575e+01 3.224749e+02 0.000000e+00
    endloop
  endfacet
  facet normal 0.000000e+00 0.000000e+00 -1.000000e+00
    outer loop
      vertex   -4.968575e+01 3.224749e+02 0.000000e+00
      vertex   -3.895843e+00 3.215305e+02 0.000000e+00
      vertex   -3.644582e+00 3.212030e+02 0.000000e+00
    endloop
  endfacet
  facet normal 0.000000e+00 -0.000000e+00 -1.000000e+00
    outer loop
      vertex   -4.968575e+01 3.224749e+02 0.000000e+00
      vertex   -3.644582e+00 3.212030e+02 0.000000e+00
      vertex   -5.001267e+01 3.222241e+02 0.000000e+00
    endloop
  endfacet
  facet normal 0.000000e+00 0.000000e+00 -1.000000e+00
    outer loop
      vertex   -5.001267e+01 3.222241e+02 0.000000e+00
      vertex   -3.644582e+00 3.212030e+02 0.000000e+00
      vertex   -3.317132e+00 3.209518e+02 0.000000e+00
    endloop
  endfacet
  facet normal 0.000000e+00 -0.000000e+00 -1.000000e+00
    outer loop
      vertex   -5.001267e+01 3.222241e+02 0.000000e+00
      vertex   -3.317132e+00 3.209518e+02 0.000000e+00
      vertex   -6.720696e+01 2.973540e+02 0.000000e+00
    endloop
  endfacet
  facet normal 0.000000e+00 0.000000e+00 -1.000000e+00
    outer loop
      vertex   1.665453e+01 3.537979e+02 0.000000e+00
      vertex   -1.408615e+00 3.234390e+02 0.000000e+00
      vertex   1.628318e+01 3.537491e+02 0.000000e+00
    endloop
  endfacet
  facet normal 0.000000e+00 0.000000e+00 -1.000000e+00
    outer loop
      vertex   1.628318e+01 3.537491e+02 0.000000e+00
      vertex   -1.408615e+00 3.234390e+02 0.000000e+00
      vertex   -1.736064e+00 3.236903e+02 0.000000e+00
    endloop
  endfacet
  facet normal -0.000000e+00 0.000000e+00 -1.000000e+00
    outer loop
      vertex   1.628318e+01 3.537491e+02 0.000000e+00
      vertex   -1.736064e+00 3.236903e+02 0.000000e+00
      vertex   1.591183e+01 3.537979e+02 0.000000e+00
    endloop
  endfacet
  facet normal 0.000000e+00 0.000000e+00 -1.000000e+00
    outer loop
      vertex   1.591183e+01 3.537979e+02 0.000000e+00
      vertex   -1.736064e+00 3.236903e+02 0.000000e+00
      vertex   -2.117388e+00 3.238482e+02 0.000000e+00
    endloop
  endfacet
  facet normal -0.000000e+00 0.000000e+00 -1.000000e+00
    outer loop
      vertex   1.591183e+01 3.537979e+02 0.000000e+00
      vertex   -2.117388e+00 3.238482e+02 0.000000e+00
      vertex   1.556578e+01 3.539413e+02 0.000000e+00
    endloop
  endfacet
  facet normal 0.000000e+00 0.000000e+00 -1.000000e+00
    outer loop
      vertex   1.556578e+01 3.539413e+02 0.000000e+00
      vertex   -2.117388e+00 3.238482e+02 0.000000e+00
      vertex   -2.526598e+00 3.239021e+02 0.000000e+00
    endloop
  endfacet
  facet normal -0.000000e+00 0.000000e+00 -1.000000e+00
    outer loop
      vertex   1.556578e+01 3.539413e+02 0.000000e+00
      vertex   -2.526598e+00 3.239021e+02 0.000000e+00
      vertex   1.526863e+01 3.541693e+02 0.000000e+00
    endloop
  endfacet
  facet normal 0.000000e+00 0.000000e+00 -1.000000e+00
    outer loop
      vertex   1.526863e+01 3.541693e+02 0.000000e+00
      vertex   -2.526598e+00 3.239021e+02 0.000000e+00
      vertex   -2.935809e+00 3.238482e+02 0.000000e+00
    endloop
  endfacet
  facet normal -0.000000e+00 0.000000e+00 -1.000000e+00
    outer loop
      vertex   1.526863e+01 3.541693e+02 0.000000e+00
      vertex   -2.935809e+00 3.238482e+02 0.000000e+00
      vertex   1.504061e+01 3.544664e+02 0.000000e+00
    endloop
  endfacet
  facet normal 0.000000e+00 0.000000e+00 -1.000000e+00
    outer loop
      vertex   1.504061e+01 3.544664e+02 0.000000e+00
      vertex   -2.935809e+00 3.238482e+02 0.000000e+00
      vertex   -3.317132e+00 3.236903e+02 0.000000e+00
    endloop
  endfacet
  facet normal 0.000000e+00 0.000000e+00 -1.000000e+00
    outer loop
      vertex   -9.143644e+00 3.739813e+02 0.000000e+00
      vertex   -3.398034e+01 3.743891e+02 0.000000e+00
      vertex   -9.197772e+00 3.743925e+02 0.000000e+00
    endloop
  endfacet
  facet normal -0.000000e+00 0.000000e+00 -1.000000e+00
    outer loop
      vertex   -9.197772e+00 3.743925e+02 0.000000e+00
      vertex   -3.398034e+01 3.743891e+02 0.000000e+00
      vertex   -3.403413e+01 3.747977e+02 0.000000e+00
    endloop
  endfacet
  facet normal 0.000000e+00 0.000000e+00 -1.000000e+00
    outer loop
      vertex   -9.197772e+00 3.743925e+02 0.000000e+00
      vertex   -3.403413e+01 3.747977e+02 0.000000e+00
      vertex   -9.143644e+00 3.748036e+02 0.000000e+00
    endloop
  endfacet
  facet normal -0.000000e+00 0.000000e+00 -1.000000e+00
    outer loop
      vertex   -9.143644e+00 3.748036e+02 0.000000e+00
      vertex   -3.403413e+01 3.747977e+02 0.000000e+00
      vertex   -3.419183e+01 3.751784e+02 0.000000e+00
    endloop
  endfacet
  facet normal 0.000000e+00 0.000000e+00 -1.000000e+00
    outer loop
      vertex   -9.143644e+00 3.748036e+02 0.000000e+00
      vertex   -3.419183e+01 3.751784e+02 0.000000e+00
      vertex   -8.984948e+00 3.751867e+02 0.000000e+00
    endloop
  endfacet
  facet normal -0.000000e+00 0.000000e+00 -1.000000e+00
    outer loop
      vertex   -8.984948e+00 3.751867e+02 0.000000e+00
      vertex   -3.419183e+01 3.751784e+02 0.000000e+00
      vertex   -3.444271e+01 3.755054e+02 0.000000e+00
    endloop
  endfacet
  facet normal 0.000000e+00 0.000000e+00 -1.000000e+00
    outer loop
      vertex   -8.984948e+00 3.751867e+02 0.000000e+00
      vertex   -3.444271e+01 3.755054e+02 0.000000e+00
      vertex   -8.732499e+00 3.755157e+02 0.000000e+00
    endloop
  endfacet
  facet normal -0.000000e+00 0.000000e+00 -1.000000e+00
    outer loop
      vertex   -8.732499e+00 3.755157e+02 0.000000e+00
      vertex   -3.444271e+01 3.755054e+02 0.000000e+00
      vertex   -3.476966e+01 3.757563e+02 0.000000e+00
    endloop
  endfacet
  facet normal 0.000000e+00 0.000000e+00 -1.000000e+00
    outer loop
      vertex   -8.732499e+00 3.755157e+02 0.000000e+00
      vertex   -3.476966e+01 3.757563e+02 0.000000e+00
      vertex   -8.403501e+00 3.757682e+02 0.000000e+00
    endloop
  endfacet
  facet normal -0.000000e+00 0.000000e+00 -1.000000e+00
    outer loop
      vertex   -8.403501e+00 3.757682e+02 0.000000e+00
      vertex   -3.476966e+01 3.757563e+02 0.000000e+00
      vertex   -3.515040e+01 3.759140e+02 0.000000e+00
    endloop
  endfacet
  facet normal 0.000000e+00 0.000000e+00 -1.000000e+00
    outer loop
      vertex   -8.403501e+00 3.757682e+02 0.000000e+00
      vertex   -3.515040e+01 3.759140e+02 0.000000e+00
      vertex   -8.020374e+00 3.759269e+02 0.000000e+00
    endloop
  endfacet
  facet normal -0.000000e+00 0.000000e+00 -1.000000e+00
    outer loop
      vertex   -8.020374e+00 3.759269e+02 0.000000e+00
      vertex   -3.515040e+01 3.759140e+02 0.000000e+00
      vertex   -3.555898e+01 3.759678e+02 0.000000e+00
    endloop
  endfacet
  facet normal 0.000000e+00 0.000000e+00 -1.000000e+00
    outer loop
      vertex   -8.020374e+00 3.759269e+02 0.000000e+00
      vertex   -3.555898e+01 3.759678e+02 0.000000e+00
      vertex   -7.609229e+00 3.759810e+02 0.000000e+00
    endloop
  endfacet
  facet normal -0.000000e+00 0.000000e+00 -1.000000e+00
    outer loop
      vertex   -7.609229e+00 3.759810e+02 0.000000e+00
      vertex   -3.555898e+01 3.759678e+02 0.000000e+00
      vertex   -6.720696e+01 3.823986e+02 0.000000e+00
    endloop
  endfacet
  facet normal 0.000000e+00 0.000000e+00 -1.000000e+00
    outer loop
      vertex   -7.609229e+00 3.759810e+02 0.000000e+00
      vertex   -6.720696e+01 3.823986e+02 0.000000e+00
      vertex   5.164334e+01 3.823986e+02 0.000000e+00
    endloop
  endfacet
  facet normal 0.000000e+00 -0.000000e+00 -1.000000e+00
    outer loop
      vertex   -3.398034e+01 3.743891e+02 0.000000e+00
      vertex   -9.143644e+00 3.739813e+02 0.000000e+00
      vertex   -3.403413e+01 3.739805e+02 0.000000e+00
    endloop
  endfacet
  facet normal 0.000000e+00 0.000000e+00 -1.000000e+00
    outer loop
      vertex   -3.403413e+01 3.739805e+02 0.000000e+00
      vertex   -9.143644e+00 3.739813e+02 0.000000e+00
      vertex   -8.984948e+00 3.735982e+02 0.000000e+00
    endloop
  endfacet
  facet normal 0.000000e+00 -0.000000e+00 -1.000000e+00
    outer loop
      vertex   -3.403413e+01 3.739805e+02 0.000000e+00
      vertex   -8.984948e+00 3.735982e+02 0.000000e+00
      vertex   -3.419183e+01 3.735998e+02 0.000000e+00
    endloop
  endfacet
  facet normal 0.000000e+00 0.000000e+00 -1.000000e+00
    outer loop
      vertex   -3.419183e+01 3.735998e+02 0.000000e+00
      vertex   -8.984948e+00 3.735982e+02 0.000000e+00
      vertex   -8.732499e+00 3.732692e+02 0.000000e+00
    endloop
  endfacet
  facet normal 0.000000e+00 -0.000000e+00 -1.000000e+00
    outer loop
      vertex   -3.419183e+01 3.735998e+02 0.000000e+00
      vertex   -8.732499e+00 3.732692e+02 0.000000e+00
      vertex   -3.444271e+01 3.732728e+02 0.000000e+00
    endloop
  endfacet
  facet normal 0.000000e+00 -0.000000e+00 -1.000000e+00
    outer loop
      vertex   -3.444271e+01 3.732728e+02 0.000000e+00
      vertex   -8.732499e+00 3.732692e+02 0.000000e+00
      vertex   -3.476966e+01 3.730220e+02 0.000000e+00
    endloop
  endfacet
  facet normal 0.000000e+00 0.000000e+00 -1.000000e+00
    outer loop
      vertex   -3.476966e+01 3.730220e+02 0.000000e+00
      vertex   -8.732499e+00 3.732692e+02 0.000000e+00
      vertex   -8.403501e+00 3.730167e+02 0.000000e+00
    endloop
  endfacet
  facet normal 0.000000e+00 -0.000000e+00 -1.000000e+00
    outer loop
      vertex   -3.476966e+01 3.730220e+02 0.000000e+00
      vertex   -8.403501e+00 3.730167e+02 0.000000e+00
      vertex   -3.515040e+01 3.728643e+02 0.000000e+00
    endloop
  endfacet
  facet normal 0.000000e+00 0.000000e+00 -1.000000e+00
    outer loop
      vertex   -3.515040e+01 3.728643e+02 0.000000e+00
      vertex   -8.403501e+00 3.730167e+02 0.000000e+00
      vertex   -8.020374e+00 3.728581e+02 0.000000e+00
    endloop
  endfacet
  facet normal 0.000000e+00 -0.000000e+00 -1.000000e+00
    outer loop
      vertex   -3.515040e+01 3.728643e+02 0.000000e+00
      vertex   -8.020374e+00 3.728581e+02 0.000000e+00
      vertex   -5.001267e+01 3.249582e+02 0.000000e+00
    endloop
  endfacet
  facet normal 0.000000e+00 0.000000e+00 -1.000000e+00
    outer loop
      vertex   1.591183e+01 3.565697e+02 0.000000e+00
      vertex   -6.074814e+00 3.739813e+02 0.000000e+00
      vertex   1.628318e+01 3.566186e+02 0.000000e+00
    endloop
  endfacet
  facet normal 0.000000e+00 0.000000e+00 -1.000000e+00
    outer loop
      vertex   1.628318e+01 3.566186e+02 0.000000e+00
      vertex   -6.074814e+00 3.739813e+02 0.000000e+00
      vertex   -6.020686e+00 3.743925e+02 0.000000e+00
    endloop
  endfacet
  facet normal 0.000000e+00 0.000000e+00 -1.000000e+00
    outer loop
      vertex   1.628318e+01 3.566186e+02 0.000000e+00
      vertex   -6.020686e+00 3.743925e+02 0.000000e+00
      vertex   1.665453e+01 3.565697e+02 0.000000e+00
    endloop
  endfacet
  facet normal 0.000000e+00 0.000000e+00 -1.000000e+00
    outer loop
      vertex   1.665453e+01 3.565697e+02 0.000000e+00
      vertex   -6.020686e+00 3.743925e+02 0.000000e+00
      vertex   -6.074814e+00 3.748036e+02 0.000000e+00
    endloop
  endfacet
  facet normal 0.000000e+00 0.000000e+00 -1.000000e+00
    outer loop
      vertex   1.665453e+01 3.565697e+02 0.000000e+00
      vertex   -6.074814e+00 3.748036e+02 0.000000e+00
      vertex   5.164334e+01 3.823986e+02 0.000000e+00
    endloop
  endfacet
  facet normal 0.000000e+00 0.000000e+00 -1.000000e+00
    outer loop
      vertex   5.164334e+01 3.823986e+02 0.000000e+00
      vertex   -6.074814e+00 3.748036e+02 0.000000e+00
      vertex   -6.233510e+00 3.751867e+02 0.000000e+00
    endloop
  endfacet
  facet normal 0.000000e+00 0.000000e+00 -1.000000e+00
    outer loop
      vertex   5.164334e+01 3.823986e+02 0.000000e+00
      vertex   -6.233510e+00 3.751867e+02 0.000000e+00
      vertex   -6.485959e+00 3.755157e+02 0.000000e+00
    endloop
  endfacet
  facet normal 0.000000e+00 0.000000e+00 -1.000000e+00
    outer loop
      vertex   -6.485959e+00 3.755157e+02 0.000000e+00
      vertex   -6.814957e+00 3.757682e+02 0.000000e+00
      vertex   5.164334e+01 3.823986e+02 0.000000e+00
    endloop
  endfacet
  facet normal 0.000000e+00 0.000000e+00 -1.000000e+00
    outer loop
      vertex   5.164334e+01 3.823986e+02 0.000000e+00
      vertex   -6.814957e+00 3.757682e+02 0.000000e+00
      vertex   -7.198084e+00 3.759269e+02 0.000000e+00
    endloop
  endfacet
  facet normal 0.000000e+00 0.000000e+00 -1.000000e+00
    outer loop
      vertex   5.164334e+01 3.823986e+02 0.000000e+00
      vertex   -7.198084e+00 3.759269e+02 0.000000e+00
      vertex   -7.609229e+00 3.759810e+02 0.000000e+00
    endloop
  endfacet
  facet normal 0.000000e+00 0.000000e+00 -1.000000e+00
    outer loop
      vertex   -5.232668e+01 3.239997e+02 0.000000e+00
      vertex   -5.238047e+01 3.235911e+02 0.000000e+00
      vertex   -6.720696e+01 2.973540e+02 0.000000e+00
    endloop
  endfacet
  facet normal 0.000000e+00 0.000000e+00 -1.000000e+00
    outer loop
      vertex   -6.720696e+01 2.973540e+02 0.000000e+00
      vertex   -5.238047e+01 3.235911e+02 0.000000e+00
      vertex   -5.232668e+01 3.231826e+02 0.000000e+00
    endloop
  endfacet
  facet normal 0.000000e+00 0.000000e+00 -1.000000e+00
    outer loop
      vertex   -6.720696e+01 2.973540e+02 0.000000e+00
      vertex   -5.232668e+01 3.231826e+02 0.000000e+00
      vertex   -5.216899e+01 3.228019e+02 0.000000e+00
    endloop
  endfacet
  facet normal 0.000000e+00 -0.000000e+00 -1.000000e+00
    outer loop
      vertex   -5.216899e+01 3.228019e+02 0.000000e+00
      vertex   -5.191813e+01 3.224749e+02 0.000000e+00
      vertex   -6.720696e+01 2.973540e+02 0.000000e+00
    endloop
  endfacet
  facet normal 0.000000e+00 0.000000e+00 -1.000000e+00
    outer loop
      vertex   -6.720696e+01 2.973540e+02 0.000000e+00
      vertex   -5.191813e+01 3.224749e+02 0.000000e+00
      vertex   -5.159120e+01 3.222241e+02 0.000000e+00
    endloop
  endfacet
  facet normal 0.000000e+00 0.000000e+00 -1.000000e+00
    outer loop
      vertex   -6.720696e+01 2.973540e+02 0.000000e+00
      vertex   -5.159120e+01 3.222241e+02 0.000000e+00
      vertex   -5.121049e+01 3.220664e+02 0.000000e+00
    endloop
  endfacet
  facet normal 0.000000e+00 -0.000000e+00 -1.000000e+00
    outer loop
      vertex   -5.121049e+01 3.220664e+02 0.000000e+00
      vertex   -5.080194e+01 3.220126e+02 0.000000e+00
      vertex   -6.720696e+01 2.973540e+02 0.000000e+00
    endloop
  endfacet
  facet normal 0.000000e+00 0.000000e+00 -1.000000e+00
    outer loop
      vertex   -6.720696e+01 2.973540e+02 0.000000e+00
      vertex   -5.080194e+01 3.220126e+02 0.000000e+00
      vertex   -5.039338e+01 3.220664e+02 0.000000e+00
    endloop
  endfacet
  facet normal 0.000000e+00 0.000000e+00 -1.000000e+00
    outer loop
      vertex   -6.720696e+01 2.973540e+02 0.000000e+00
      vertex   -5.039338e+01 3.220664e+02 0.000000e+00
      vertex   -5.001267e+01 3.222241e+02 0.000000e+00
    endloop
  endfacet
  facet normal 0.000000e+00 0.000000e+00 -1.000000e+00
    outer loop
      vertex   -3.515040e+01 3.728643e+02 0.000000e+00
      vertex   -5.001267e+01 3.249582e+02 0.000000e+00
      vertex   -3.555898e+01 3.728105e+02 0.000000e+00
    endloop
  endfacet
  facet normal 0.000000e+00 0.000000e+00 -1.000000e+00
    outer loop
      vertex   -3.555898e+01 3.728105e+02 0.000000e+00
      vertex   -5.001267e+01 3.249582e+02 0.000000e+00
      vertex   -5.039338e+01 3.251159e+02 0.000000e+00
    endloop
  endfacet
  facet normal -0.000000e+00 0.000000e+00 -1.000000e+00
    outer loop
      vertex   -3.555898e+01 3.728105e+02 0.000000e+00
      vertex   -5.039338e+01 3.251159e+02 0.000000e+00
      vertex   -3.596756e+01 3.728643e+02 0.000000e+00
    endloop
  endfacet
  facet normal 0.000000e+00 0.000000e+00 -1.000000e+00
    outer loop
      vertex   -3.596756e+01 3.728643e+02 0.000000e+00
      vertex   -5.039338e+01 3.251159e+02 0.000000e+00
      vertex   -5.080194e+01 3.251697e+02 0.000000e+00
    endloop
  endfacet
  facet normal -0.000000e+00 0.000000e+00 -1.000000e+00
    outer loop
      vertex   -3.596756e+01 3.728643e+02 0.000000e+00
      vertex   -5.080194e+01 3.251697e+02 0.000000e+00
      vertex   -3.634830e+01 3.730220e+02 0.000000e+00
    endloop
  endfacet
  facet normal 0.000000e+00 0.000000e+00 -1.000000e+00
    outer loop
      vertex   -3.634830e+01 3.730220e+02 0.000000e+00
      vertex   -5.080194e+01 3.251697e+02 0.000000e+00
      vertex   -5.121049e+01 3.251159e+02 0.000000e+00
    endloop
  endfacet
  facet normal -0.000000e+00 0.000000e+00 -1.000000e+00
    outer loop
      vertex   -3.634830e+01 3.730220e+02 0.000000e+00
      vertex   -5.121049e+01 3.251159e+02 0.000000e+00
      vertex   -6.720696e+01 3.823986e+02 0.000000e+00
    endloop
  endfacet
  facet normal 0.000000e+00 0.000000e+00 -1.000000e+00
    outer loop
      vertex   -6.720696e+01 3.823986e+02 0.000000e+00
      vertex   -5.121049e+01 3.251159e+02 0.000000e+00
      vertex   -5.159120e+01 3.249582e+02 0.000000e+00
    endloop
  endfacet
  facet normal 0.000000e+00 0.000000e+00 -1.000000e+00
    outer loop
      vertex   -6.720696e+01 3.823986e+02 0.000000e+00
      vertex   -5.159120e+01 3.249582e+02 0.000000e+00
      vertex   -5.191813e+01 3.247073e+02 0.000000e+00
    endloop
  endfacet
  facet normal -0.000000e+00 0.000000e+00 -1.000000e+00
    outer loop
      vertex   -5.191813e+01 3.247073e+02 0.000000e+00
      vertex   -5.216899e+01 3.243804e+02 0.000000e+00
      vertex   -6.720696e+01 3.823986e+02 0.000000e+00
    endloop
  endfacet
  facet normal 0.000000e+00 0.000000e+00 -1.000000e+00
    outer loop
      vertex   -6.720696e+01 3.823986e+02 0.000000e+00
      vertex   -5.216899e+01 3.243804e+02 0.000000e+00
      vertex   -5.232668e+01 3.239997e+02 0.000000e+00
    endloop
  endfacet
  facet normal 0.000000e+00 0.000000e+00 -1.000000e+00
    outer loop
      vertex   -6.720696e+01 3.823986e+02 0.000000e+00
      vertex   -5.232668e+01 3.239997e+02 0.000000e+00
      vertex   -6.720696e+01 2.973540e+02 0.000000e+00
    endloop
  endfacet
  facet normal -0.000000e+00 0.000000e+00 -1.000000e+00
    outer loop
      vertex   -3.708383e+01 3.747977e+02 0.000000e+00
      vertex   -3.713762e+01 3.743891e+02 0.000000e+00
      vertex   -6.720696e+01 3.823986e+02 0.000000e+00
    endloop
  endfacet
  facet normal 0.000000e+00 0.000000e+00 -1.000000e+00
    outer loop
      vertex   -6.720696e+01 3.823986e+02 0.000000e+00
      vertex   -3.713762e+01 3.743891e+02 0.000000e+00
      vertex   -3.708383e+01 3.739805e+02 0.000000e+00
    endloop
  endfacet
  facet normal 0.000000e+00 0.000000e+00 -1.000000e+00
    outer loop
      vertex   -6.720696e+01 3.823986e+02 0.000000e+00
      vertex   -3.708383e+01 3.739805e+02 0.000000e+00
      vertex   -3.692612e+01 3.735998e+02 0.000000e+00
    endloop
  endfacet
  facet normal -0.000000e+00 -0.000000e+00 -1.000000e+00
    outer loop
      vertex   -3.692612e+01 3.735998e+02 0.000000e+00
      vertex   -3.667525e+01 3.732728e+02 0.000000e+00
      vertex   -6.720696e+01 3.823986e+02 0.000000e+00
    endloop
  endfacet
  facet normal 0.000000e+00 0.000000e+00 -1.000000e+00
    outer loop
      vertex   -6.720696e+01 3.823986e+02 0.000000e+00
      vertex   -3.667525e+01 3.732728e+02 0.000000e+00
      vertex   -3.634830e+01 3.730220e+02 0.000000e+00
    endloop
  endfacet
  facet normal -0.000000e+00 0.000000e+00 -1.000000e+00
    outer loop
      vertex   -3.555898e+01 3.759678e+02 0.000000e+00
      vertex   -3.596756e+01 3.759140e+02 0.000000e+00
      vertex   -6.720696e+01 3.823986e+02 0.000000e+00
    endloop
  endfacet
  facet normal 0.000000e+00 0.000000e+00 -1.000000e+00
    outer loop
      vertex   -6.720696e+01 3.823986e+02 0.000000e+00
      vertex   -3.596756e+01 3.759140e+02 0.000000e+00
      vertex   -3.634830e+01 3.757563e+02 0.000000e+00
    endloop
  endfacet
  facet normal 0.000000e+00 0.000000e+00 -1.000000e+00
    outer loop
      vertex   -6.720696e+01 3.823986e+02 0.000000e+00
      vertex   -3.634830e+01 3.757563e+02 0.000000e+00
      vertex   -3.667525e+01 3.755054e+02 0.000000e+00
    endloop
  endfacet
  facet normal -0.000000e+00 0.000000e+00 -1.000000e+00
    outer loop
      vertex   -3.667525e+01 3.755054e+02 0.000000e+00
      vertex   -3.692612e+01 3.751784e+02 0.000000e+00
      vertex   -6.720696e+01 3.823986e+02 0.000000e+00
    endloop
  endfacet
  facet normal 0.000000e+00 0.000000e+00 -1.000000e+00
    outer loop
      vertex   -6.720696e+01 3.823986e+02 0.000000e+00
      vertex   -3.692612e+01 3.751784e+02 0.000000e+00
      vertex   -3.708383e+01 3.747977e+02 0.000000e+00
    endloop
  endfacet
  facet normal -9.914449e-01 1.305262e-01 7.044639e-16
    outer loop
      vertex   1.766909e+01 3.548125e+02 0.000000e+00
      vertex   1.766909e+01 3.548125e+02 5.000000e+00
      vertex   1.771797e+01 3.551838e+02 0.000000e+00
    endloop
  endfacet
  facet normal -9.914449e-01 1.305262e-01 0.000000e+00
    outer loop
      vertex   1.771797e+01 3.551838e+02 0.000000e+00
      vertex   1.766909e+01 3.548125e+02 5.000000e+00
      vertex   1.771797e+01 3.551838e+02 5.000000e+00
    endloop
  endfacet
  facet normal -9.914449e-01 -1.305262e-01 0.000000e+00
    outer loop
      vertex   1.771797e+01 3.551838e+02 0.000000e+00
      vertex   1.771797e+01 3.551838e+02 5.000000e+00
      vertex   1.766909e+01 3.555552e+02 0.000000e+00
    endloop
  endfacet
  facet normal -9.914449e-01 -1.305262e-01 7.044639e-16
    outer loop
      vertex   1.766909e+01 3.555552e+02 0.000000e+00
      vertex   1.771797e+01 3.551838e+02 5.000000e+00
      vertex   1.766909e+01 3.555552e+02 5.000000e+00
    endloop
  endfacet
  facet normal -9.238795e-01 -3.826834e-01 6.564559e-16
    outer loop
      vertex   1.766909e+01 3.555552e+02 0.000000e+00
      vertex   1.766909e+01 3.555552e+02 5.000000e+00
      vertex   1.752575e+01 3.559012e+02 0.000000e+00
    endloop
  endfacet
  facet normal -9.238795e-01 -3.826834e-01 1.312912e-15
    outer loop
      vertex   1.752575e+01 3.559012e+02 0.000000e+00
      vertex   1.766909e+01 3.555552e+02 5.000000e+00
      vertex   1.752575e+01 3.559012e+02 5.000000e+00
    endloop
  endfacet
  facet normal -7.933533e-01 -6.087614e-01 1.127423e-15
    outer loop
      vertex   1.752575e+01 3.559012e+02 0.000000e+00
      vertex   1.752575e+01 3.559012e+02 5.000000e+00
      vertex   1.729773e+01 3.561984e+02 0.000000e+00
    endloop
  endfacet
  facet normal -7.933533e-01 -6.087614e-01 -1.127423e-15
    outer loop
      vertex   1.729773e+01 3.561984e+02 0.000000e+00
      vertex   1.752575e+01 3.559012e+02 5.000000e+00
      vertex   1.729773e+01 3.561984e+02 5.000000e+00
    endloop
  endfacet
  facet normal -6.087614e-01 -7.933533e-01 -8.651020e-16
    outer loop
      vertex   1.729773e+01 3.561984e+02 0.000000e+00
      vertex   1.729773e+01 3.561984e+02 5.000000e+00
      vertex   1.700058e+01 3.564264e+02 0.000000e+00
    endloop
  endfacet
  facet normal -6.087614e-01 -7.933533e-01 -8.651020e-16
    outer loop
      vertex   1.700058e+01 3.564264e+02 0.000000e+00
      vertex   1.729773e+01 3.561984e+02 5.000000e+00
      vertex   1.700058e+01 3.564264e+02 5.000000e+00
    endloop
  endfacet
  facet normal -3.826834e-01 -9.238795e-01 -5.438259e-16
    outer loop
      vertex   1.700058e+01 3.564264e+02 0.000000e+00
      vertex   1.700058e+01 3.564264e+02 5.000000e+00
      vertex   1.665453e+01 3.565697e+02 0.000000e+00
    endloop
  endfacet
  facet normal -3.826834e-01 -9.238795e-01 -2.719129e-16
    outer loop
      vertex   1.665453e+01 3.565697e+02 0.000000e+00
      vertex   1.700058e+01 3.564264e+02 5.000000e+00
      vertex   1.665453e+01 3.565697e+02 5.000000e+00
    endloop
  endfacet
  facet normal -1.305262e-01 -9.914449e-01 -9.274444e-17
    outer loop
      vertex   1.665453e+01 3.565697e+02 0.000000e+00
      vertex   1.665453e+01 3.565697e+02 5.000000e+00
      vertex   1.628318e+01 3.566186e+02 0.000000e+00
    endloop
  endfacet
  facet normal -1.305262e-01 -9.914449e-01 0.000000e+00
    outer loop
      vertex   1.628318e+01 3.566186e+02 0.000000e+00
      vertex   1.665453e+01 3.565697e+02 5.000000e+00
      vertex   1.628318e+01 3.566186e+02 5.000000e+00
    endloop
  endfacet
  facet normal 1.305262e-01 -9.914449e-01 0.000000e+00
    outer loop
      vertex   1.628318e+01 3.566186e+02 0.000000e+00
      vertex   1.628318e+01 3.566186e+02 5.000000e+00
      vertex   1.591183e+01 3.565697e+02 0.000000e+00
    endloop
  endfacet
  facet normal 1.305262e-01 -9.914449e-01 -9.274444e-17
    outer loop
      vertex   1.591183e+01 3.565697e+02 0.000000e+00
      vertex   1.628318e+01 3.566186e+02 5.000000e+00
      vertex   1.591183e+01 3.565697e+02 5.000000e+00
    endloop
  endfacet
  facet normal 3.826834e-01 -9.238795e-01 -2.719129e-16
    outer loop
      vertex   1.591183e+01 3.565697e+02 0.000000e+00
      vertex   1.591183e+01 3.565697e+02 5.000000e+00
      vertex   1.556578e+01 3.564264e+02 0.000000e+00
    endloop
  endfacet
  facet normal 3.826834e-01 -9.238795e-01 -5.438259e-16
    outer loop
      vertex   1.556578e+01 3.564264e+02 0.000000e+00
      vertex   1.591183e+01 3.565697e+02 5.000000e+00
      vertex   1.556578e+01 3.564264e+02 5.000000e+00
    endloop
  endfacet
  facet normal 6.087614e-01 -7.933533e-01 -8.651020e-16
    outer loop
      vertex   1.556578e+01 3.564264e+02 0.000000e+00
      vertex   1.556578e+01 3.564264e+02 5.000000e+00
      vertex   1.526863e+01 3.561984e+02 0.000000e+00
    endloop
  endfacet
  facet normal 6.087614e-01 -7.933533e-01 -8.651020e-16
    outer loop
      vertex   1.526863e+01 3.561984e+02 0.000000e+00
      vertex   1.556578e+01 3.564264e+02 5.000000e+00
      vertex   1.526863e+01 3.561984e+02 5.000000e+00
    endloop
  endfacet
  facet normal 7.933533e-01 -6.087614e-01 -1.127423e-15
    outer loop
      vertex   1.526863e+01 3.561984e+02 0.000000e+00
      vertex   1.526863e+01 3.561984e+02 5.000000e+00
      vertex   1.504061e+01 3.559012e+02 0.000000e+00
    endloop
  endfacet
  facet normal 7.933533e-01 -6.087614e-01 8.455672e-16
    outer loop
      vertex   1.504061e+01 3.559012e+02 0.000000e+00
      vertex   1.526863e+01 3.561984e+02 5.000000e+00
      vertex   1.504061e+01 3.559012e+02 5.000000e+00
    endloop
  endfacet
  facet normal 9.238795e-01 -3.826834e-01 9.846838e-16
    outer loop
      vertex   1.504061e+01 3.559012e+02 0.000000e+00
      vertex   1.504061e+01 3.559012e+02 5.000000e+00
      vertex   1.489728e+01 3.555552e+02 0.000000e+00
    endloop
  endfacet
  facet normal 9.238795e-01 -3.826834e-01 3.282279e-16
    outer loop
      vertex   1.489728e+01 3.555552e+02 0.000000e+00
      vertex   1.504061e+01 3.559012e+02 5.000000e+00
      vertex   1.489728e+01 3.555552e+02 5.000000e+00
    endloop
  endfacet
  facet normal 9.914449e-01 -1.305262e-01 3.522320e-16
    outer loop
      vertex   1.489728e+01 3.555552e+02 0.000000e+00
      vertex   1.489728e+01 3.555552e+02 5.000000e+00
      vertex   1.484839e+01 3.551838e+02 0.000000e+00
    endloop
  endfacet
  facet normal 9.914449e-01 -1.305262e-01 0.000000e+00
    outer loop
      vertex   1.484839e+01 3.551838e+02 0.000000e+00
      vertex   1.489728e+01 3.555552e+02 5.000000e+00
      vertex   1.484839e+01 3.551838e+02 5.000000e+00
    endloop
  endfacet
  facet normal 9.914449e-01 1.305262e-01 -0.000000e+00
    outer loop
      vertex   1.484839e+01 3.551838e+02 0.000000e+00
      vertex   1.484839e+01 3.551838e+02 5.000000e+00
      vertex   1.489728e+01 3.548125e+02 0.000000e+00
    endloop
  endfacet
  facet normal 9.914449e-01 1.305262e-01 3.522320e-16
    outer loop
      vertex   1.489728e+01 3.548125e+02 0.000000e+00
      vertex   1.484839e+01 3.551838e+02 5.000000e+00
      vertex   1.489728e+01 3.548125e+02 5.000000e+00
    endloop
  endfacet
  facet normal 9.238795e-01 3.826834e-01 3.282279e-16
    outer loop
      vertex   1.489728e+01 3.548125e+02 0.000000e+00
      vertex   1.489728e+01 3.548125e+02 5.000000e+00
      vertex   1.504061e+01 3.544664e+02 0.000000e+00
    endloop
  endfacet
  facet normal 9.238795e-01 3.826834e-01 1.312912e-15
    outer loop
      vertex   1.504061e+01 3.544664e+02 0.000000e+00
      vertex   1.489728e+01 3.548125e+02 5.000000e+00
      vertex   1.504061e+01 3.544664e+02 5.000000e+00
    endloop
  endfacet
  facet normal 7.933533e-01 6.087614e-01 1.127423e-15
    outer loop
      vertex   1.504061e+01 3.544664e+02 0.000000e+00
      vertex   1.504061e+01 3.544664e+02 5.000000e+00
      vertex   1.526863e+01 3.541693e+02 0.000000e+00
    endloop
  endfacet
  facet normal 7.933533e-01 6.087614e-01 -1.127423e-15
    outer loop
      vertex   1.526863e+01 3.541693e+02 0.000000e+00
      vertex   1.504061e+01 3.544664e+02 5.000000e+00
      vertex   1.526863e+01 3.541693e+02 5.000000e+00
    endloop
  endfacet
  facet normal 6.087614e-01 7.933533e-01 -8.651020e-16
    outer loop
      vertex   1.526863e+01 3.541693e+02 0.000000e+00
      vertex   1.526863e+01 3.541693e+02 5.000000e+00
      vertex   1.556578e+01 3.539413e+02 0.000000e+00
    endloop
  endfacet
  facet normal 6.087614e-01 7.933533e-01 -8.651020e-16
    outer loop
      vertex   1.556578e+01 3.539413e+02 0.000000e+00
      vertex   1.526863e+01 3.541693e+02 5.000000e+00
      vertex   1.556578e+01 3.539413e+02 5.000000e+00
    endloop
  endfacet
  facet normal 3.826834e-01 9.238795e-01 -5.438259e-16
    outer loop
      vertex   1.556578e+01 3.539413e+02 0.000000e+00
      vertex   1.556578e+01 3.539413e+02 5.000000e+00
      vertex   1.591183e+01 3.537979e+02 0.000000e+00
    endloop
  endfacet
  facet normal 3.826834e-01 9.238795e-01 -2.719129e-16
    outer loop
      vertex   1.591183e+01 3.537979e+02 0.000000e+00
      vertex   1.556578e+01 3.539413e+02 5.000000e+00
      vertex   1.591183e+01 3.537979e+02 5.000000e+00
    endloop
  endfacet
  facet normal 1.305262e-01 9.914449e-01 -9.274444e-17
    outer loop
      vertex   1.591183e+01 3.537979e+02 0.000000e+00
      vertex   1.591183e+01 3.537979e+02 5.000000e+00
      vertex   1.628318e+01 3.537491e+02 0.000000e+00
    endloop
  endfacet
  facet normal 1.305262e-01 9.914449e-01 -0.000000e+00
    outer loop
      vertex   1.628318e+01 3.537491e+02 0.000000e+00
      vertex   1.591183e+01 3.537979e+02 5.000000e+00
      vertex   1.628318e+01 3.537491e+02 5.000000e+00
    endloop
  endfacet
  facet normal -1.305262e-01 9.914449e-01 0.000000e+00
    outer loop
      vertex   1.628318e+01 3.537491e+02 0.000000e+00
      vertex   1.628318e+01 3.537491e+02 5.000000e+00
      vertex   1.665453e+01 3.537979e+02 0.000000e+00
    endloop
  endfacet
  facet normal -1.305262e-01 9.914449e-01 0.000000e+00
    outer loop
      vertex   1.665453e+01 3.537979e+02 0.000000e+00
      vertex   1.628318e+01 3.537491e+02 5.000000e+00
      vertex   1.665453e+01 3.537979e+02 5.000000e+00
    endloop
  endfacet
  facet normal -3.826834e-01 9.238795e-01 0.000000e+00
    outer loop
      vertex   1.665453e+01 3.537979e+02 0.000000e+00
      vertex   1.665453e+01 3.537979e+02 5.000000e+00
      vertex   1.700058e+01 3.539413e+02 0.000000e+00
    endloop
  endfacet
  facet normal -3.826834e-01 9.238795e-01 -5.438259e-16
    outer loop
      vertex   1.700058e+01 3.539413e+02 0.000000e+00
      vertex   1.665453e+01 3.537979e+02 5.000000e+00
      vertex   1.700058e+01 3.539413e+02 5.000000e+00
    endloop
  endfacet
  facet normal -6.087614e-01 7.933533e-01 -8.651020e-16
    outer loop
      vertex   1.700058e+01 3.539413e+02 0.000000e+00
      vertex   1.700058e+01 3.539413e+02 5.000000e+00
      vertex   1.729773e+01 3.541693e+02 0.000000e+00
    endloop
  endfacet
  facet normal -6.087614e-01 7.933533e-01 -8.651020e-16
    outer loop
      vertex   1.729773e+01 3.541693e+02 0.000000e+00
      vertex   1.700058e+01 3.539413e+02 5.000000e+00
      vertex   1.729773e+01 3.541693e+02 5.000000e+00
    endloop
  endfacet
  facet normal -7.933533e-01 6.087614e-01 -1.127423e-15
    outer loop
      vertex   1.729773e+01 3.541693e+02 0.000000e+00
      vertex   1.729773e+01 3.541693e+02 5.000000e+00
      vertex   1.752575e+01 3.544664e+02 0.000000e+00
    endloop
  endfacet
  facet normal -7.933533e-01 6.087614e-01 5.637115e-16
    outer loop
      vertex   1.752575e+01 3.544664e+02 0.000000e+00
      vertex   1.729773e+01 3.541693e+02 5.000000e+00
      vertex   1.752575e+01 3.544664e+02 5.000000e+00
    endloop
  endfacet
  facet normal -9.238795e-01 3.826834e-01 6.564559e-16
    outer loop
      vertex   1.752575e+01 3.544664e+02 0.000000e+00
      vertex   1.752575e+01 3.544664e+02 5.000000e+00
      vertex   1.766909e+01 3.548125e+02 0.000000e+00
    endloop
  endfacet
  facet normal -9.238795e-01 3.826834e-01 6.564559e-16
    outer loop
      vertex   1.766909e+01 3.548125e+02 0.000000e+00
      vertex   1.752575e+01 3.544664e+02 5.000000e+00
      vertex   1.766909e+01 3.548125e+02 5.000000e+00
    endloop
  endfacet
  facet normal -9.914449e-01 -1.305262e-01 -7.044639e-16
    outer loop
      vertex   1.766909e+01 3.555552e+02 1.000000e+01
      vertex   1.766909e+01 3.555552e+02 5.000000e+00
      vertex   1.771797e+01 3.551838e+02 1.000000e+01
    endloop
  endfacet
  facet normal -9.914449e-01 -1.305262e-01 -0.000000e+00
    outer loop
      vertex   1.771797e+01 3.551838e+02 1.000000e+01
      vertex   1.766909e+01 3.555552e+02 5.000000e+00
      vertex   1.771797e+01 3.551838e+02 5.000000e+00
    endloop
  endfacet
  facet normal -9.914449e-01 1.305262e-01 0.000000e+00
    outer loop
      vertex   1.771797e+01 3.551838e+02 1.000000e+01
      vertex   1.771797e+01 3.551838e+02 5.000000e+00
      vertex   1.766909e+01 3.548125e+02 1.000000e+01
    endloop
  endfacet
  facet normal -9.914449e-01 1.305262e-01 -7.044639e-16
    outer loop
      vertex   1.766909e+01 3.548125e+02 1.000000e+01
      vertex   1.771797e+01 3.551838e+02 5.000000e+00
      vertex   1.766909e+01 3.548125e+02 5.000000e+00
    endloop
  endfacet
  facet normal -9.238795e-01 3.826834e-01 -6.564559e-16
    outer loop
      vertex   1.766909e+01 3.548125e+02 1.000000e+01
      vertex   1.766909e+01 3.548125e+02 5.000000e+00
      vertex   1.752575e+01 3.544664e+02 1.000000e+01
    endloop
  endfacet
  facet normal -9.238795e-01 3.826834e-01 -6.564559e-16
    outer loop
      vertex   1.752575e+01 3.544664e+02 1.000000e+01
      vertex   1.766909e+01 3.548125e+02 5.000000e+00
      vertex   1.752575e+01 3.544664e+02 5.000000e+00
    endloop
  endfacet
  facet normal -7.933533e-01 6.087614e-01 -5.637115e-16
    outer loop
      vertex   1.752575e+01 3.544664e+02 1.000000e+01
      vertex   1.752575e+01 3.544664e+02 5.000000e+00
      vertex   1.729773e+01 3.541693e+02 1.000000e+01
    endloop
  endfacet
  facet normal -7.933533e-01 6.087614e-01 1.127423e-15
    outer loop
      vertex   1.729773e+01 3.541693e+02 1.000000e+01
      vertex   1.752575e+01 3.544664e+02 5.000000e+00
      vertex   1.729773e+01 3.541693e+02 5.000000e+00
    endloop
  endfacet
  facet normal -6.087614e-01 7.933533e-01 8.651020e-16
    outer loop
      vertex   1.729773e+01 3.541693e+02 1.000000e+01
      vertex   1.729773e+01 3.541693e+02 5.000000e+00
      vertex   1.700058e+01 3.539413e+02 1.000000e+01
    endloop
  endfacet
  facet normal -6.087614e-01 7.933533e-01 8.651020e-16
    outer loop
      vertex   1.700058e+01 3.539413e+02 1.000000e+01
      vertex   1.729773e+01 3.541693e+02 5.000000e+00
      vertex   1.700058e+01 3.539413e+02 5.000000e+00
    endloop
  endfacet
  facet normal -3.826834e-01 9.238795e-01 5.438259e-16
    outer loop
      vertex   1.700058e+01 3.539413e+02 1.000000e+01
      vertex   1.700058e+01 3.539413e+02 5.000000e+00
      vertex   1.665453e+01 3.537979e+02 1.000000e+01
    endloop
  endfacet
  facet normal -3.826834e-01 9.238795e-01 0.000000e+00
    outer loop
      vertex   1.665453e+01 3.537979e+02 1.000000e+01
      vertex   1.700058e+01 3.539413e+02 5.000000e+00
      vertex   1.665453e+01 3.537979e+02 5.000000e+00
    endloop
  endfacet
  facet normal -1.305262e-01 9.914449e-01 0.000000e+00
    outer loop
      vertex   1.665453e+01 3.537979e+02 1.000000e+01
      vertex   1.665453e+01 3.537979e+02 5.000000e+00
      vertex   1.628318e+01 3.537491e+02 1.000000e+01
    endloop
  endfacet
  facet normal -1.305262e-01 9.914449e-01 0.000000e+00
    outer loop
      vertex   1.628318e+01 3.537491e+02 1.000000e+01
      vertex   1.665453e+01 3.537979e+02 5.000000e+00
      vertex   1.628318e+01 3.537491e+02 5.000000e+00
    endloop
  endfacet
  facet normal 1.305262e-01 9.914449e-01 0.000000e+00
    outer loop
      vertex   1.628318e+01 3.537491e+02 1.000000e+01
      vertex   1.628318e+01 3.537491e+02 5.000000e+00
      vertex   1.591183e+01 3.537979e+02 1.000000e+01
    endloop
  endfacet
  facet normal 1.305262e-01 9.914449e-01 9.274444e-17
    outer loop
      vertex   1.591183e+01 3.537979e+02 1.000000e+01
      vertex   1.628318e+01 3.537491e+02 5.000000e+00
      vertex   1.591183e+01 3.537979e+02 5.000000e+00
    endloop
  endfacet
  facet normal 3.826834e-01 9.238795e-01 2.719129e-16
    outer loop
      vertex   1.591183e+01 3.537979e+02 1.000000e+01
      vertex   1.591183e+01 3.537979e+02 5.000000e+00
      vertex   1.556578e+01 3.539413e+02 1.000000e+01
    endloop
  endfacet
  facet normal 3.826834e-01 9.238795e-01 5.438259e-16
    outer loop
      vertex   1.556578e+01 3.539413e+02 1.000000e+01
      vertex   1.591183e+01 3.537979e+02 5.000000e+00
      vertex   1.556578e+01 3.539413e+02 5.000000e+00
    endloop
  endfacet
  facet normal 6.087614e-01 7.933533e-01 8.651020e-16
    outer loop
      vertex   1.556578e+01 3.539413e+02 1.000000e+01
      vertex   1.556578e+01 3.539413e+02 5.000000e+00
      vertex   1.526863e+01 3.541693e+02 1.000000e+01
    endloop
  endfacet
  facet normal 6.087614e-01 7.933533e-01 8.651020e-16
    outer loop
      vertex   1.526863e+01 3.541693e+02 1.000000e+01
      vertex   1.556578e+01 3.539413e+02 5.000000e+00
      vertex   1.526863e+01 3.541693e+02 5.000000e+00
    endloop
  endfacet
  facet normal 7.933533e-01 6.087614e-01 1.127423e-15
    outer loop
      vertex   1.526863e+01 3.541693e+02 1.000000e+01
      vertex   1.526863e+01 3.541693e+02 5.000000e+00
      vertex   1.504061e+01 3.544664e+02 1.000000e+01
    endloop
  endfacet
  facet normal 7.933533e-01 6.087614e-01 -1.127423e-15
    outer loop
      vertex   1.504061e+01 3.544664e+02 1.000000e+01
      vertex   1.526863e+01 3.541693e+02 5.000000e+00
      vertex   1.504061e+01 3.544664e+02 5.000000e+00
    endloop
  endfacet
  facet normal 9.238795e-01 3.826834e-01 -1.312912e-15
    outer loop
      vertex   1.504061e+01 3.544664e+02 1.000000e+01
      vertex   1.504061e+01 3.544664e+02 5.000000e+00
      vertex   1.489728e+01 3.548125e+02 1.000000e+01
    endloop
  endfacet
  facet normal 9.238795e-01 3.826834e-01 -3.282279e-16
    outer loop
      vertex   1.489728e+01 3.548125e+02 1.000000e+01
      vertex   1.504061e+01 3.544664e+02 5.000000e+00
      vertex   1.489728e+01 3.548125e+02 5.000000e+00
    endloop
  endfacet
  facet normal 9.914449e-01 1.305262e-01 -3.522320e-16
    outer loop
      vertex   1.489728e+01 3.548125e+02 1.000000e+01
      vertex   1.489728e+01 3.548125e+02 5.000000e+00
      vertex   1.484839e+01 3.551838e+02 1.000000e+01
    endloop
  endfacet
  facet normal 9.914449e-01 1.305262e-01 0.000000e+00
    outer loop
      vertex   1.484839e+01 3.551838e+02 1.000000e+01
      vertex   1.489728e+01 3.548125e+02 5.000000e+00
      vertex   1.484839e+01 3.551838e+02 5.000000e+00
    endloop
  endfacet
  facet normal 9.914449e-01 -1.305262e-01 0.000000e+00
    outer loop
      vertex   1.484839e+01 3.551838e+02 1.000000e+01
      vertex   1.484839e+01 3.551838e+02 5.000000e+00
      vertex   1.489728e+01 3.555552e+02 1.000000e+01
    endloop
  endfacet
  facet normal 9.914449e-01 -1.305262e-01 -3.522320e-16
    outer loop
      vertex   1.489728e+01 3.555552e+02 1.000000e+01
      vertex   1.484839e+01 3.551838e+02 5.000000e+00
      vertex   1.489728e+01 3.555552e+02 5.000000e+00
    endloop
  endfacet
  facet normal 9.238795e-01 -3.826834e-01 -3.282279e-16
    outer loop
      vertex   1.489728e+01 3.555552e+02 1.000000e+01
      vertex   1.489728e+01 3.555552e+02 5.000000e+00
      vertex   1.504061e+01 3.559012e+02 1.000000e+01
    endloop
  endfacet
  facet normal 9.238795e-01 -3.826834e-01 -9.846838e-16
    outer loop
      vertex   1.504061e+01 3.559012e+02 1.000000e+01
      vertex   1.489728e+01 3.555552e+02 5.000000e+00
      vertex   1.504061e+01 3.559012e+02 5.000000e+00
    endloop
  endfacet
  facet normal 7.933533e-01 -6.087614e-01 -8.455672e-16
    outer loop
      vertex   1.504061e+01 3.559012e+02 1.000000e+01
      vertex   1.504061e+01 3.559012e+02 5.000000e+00
      vertex   1.526863e+01 3.561984e+02 1.000000e+01
    endloop
  endfacet
  facet normal 7.933533e-01 -6.087614e-01 1.127423e-15
    outer loop
      vertex   1.526863e+01 3.561984e+02 1.000000e+01
      vertex   1.504061e+01 3.559012e+02 5.000000e+00
      vertex   1.526863e+01 3.561984e+02 5.000000e+00
    endloop
  endfacet
  facet normal 6.087614e-01 -7.933533e-01 8.651020e-16
    outer loop
      vertex   1.526863e+01 3.561984e+02 1.000000e+01
      vertex   1.526863e+01 3.561984e+02 5.000000e+00
      vertex   1.556578e+01 3.564264e+02 1.000000e+01
    endloop
  endfacet
  facet normal 6.087614e-01 -7.933533e-01 8.651020e-16
    outer loop
      vertex   1.556578e+01 3.564264e+02 1.000000e+01
      vertex   1.526863e+01 3.561984e+02 5.000000e+00
      vertex   1.556578e+01 3.564264e+02 5.000000e+00
    endloop
  endfacet
  facet normal 3.826834e-01 -9.238795e-01 5.438259e-16
    outer loop
      vertex   1.556578e+01 3.564264e+02 1.000000e+01
      vertex   1.556578e+01 3.564264e+02 5.000000e+00
      vertex   1.591183e+01 3.565697e+02 1.000000e+01
    endloop
  endfacet
  facet normal 3.826834e-01 -9.238795e-01 2.719129e-16
    outer loop
      vertex   1.591183e+01 3.565697e+02 1.000000e+01
      vertex   1.556578e+01 3.564264e+02 5.000000e+00
      vertex   1.591183e+01 3.565697e+02 5.000000e+00
    endloop
  endfacet
  facet normal 1.305262e-01 -9.914449e-01 9.274444e-17
    outer loop
      vertex   1.591183e+01 3.565697e+02 1.000000e+01
      vertex   1.591183e+01 3.565697e+02 5.000000e+00
      vertex   1.628318e+01 3.566186e+02 1.000000e+01
    endloop
  endfacet
  facet normal 1.305262e-01 -9.914449e-01 0.000000e+00
    outer loop
      vertex   1.628318e+01 3.566186e+02 1.000000e+01
      vertex   1.591183e+01 3.565697e+02 5.000000e+00
      vertex   1.628318e+01 3.566186e+02 5.000000e+00
    endloop
  endfacet
  facet normal -1.305262e-01 -9.914449e-01 -0.000000e+00
    outer loop
      vertex   1.628318e+01 3.566186e+02 1.000000e+01
      vertex   1.628318e+01 3.566186e+02 5.000000e+00
      vertex   1.665453e+01 3.565697e+02 1.000000e+01
    endloop
  endfacet
  facet normal -1.305262e-01 -9.914449e-01 9.274444e-17
    outer loop
      vertex   1.665453e+01 3.565697e+02 1.000000e+01
      vertex   1.628318e+01 3.566186e+02 5.000000e+00
      vertex   1.665453e+01 3.565697e+02 5.000000e+00
    endloop
  endfacet
  facet normal -3.826834e-01 -9.238795e-01 2.719129e-16
    outer loop
      vertex   1.665453e+01 3.565697e+02 1.000000e+01
      vertex   1.665453e+01 3.565697e+02 5.000000e+00
      vertex   1.700058e+01 3.564264e+02 1.000000e+01
    endloop
  endfacet
  facet normal -3.826834e-01 -9.238795e-01 5.438259e-16
    outer loop
      vertex   1.700058e+01 3.564264e+02 1.000000e+01
      vertex   1.665453e+01 3.565697e+02 5.000000e+00
      vertex   1.700058e+01 3.564264e+02 5.000000e+00
    endloop
  endfacet
  facet normal -6.087614e-01 -7.933533e-01 8.651020e-16
    outer loop
      vertex   1.700058e+01 3.564264e+02 1.000000e+01
      vertex   1.700058e+01 3.564264e+02 5.000000e+00
      vertex   1.729773e+01 3.561984e+02 1.000000e+01
    endloop
  endfacet
  facet normal -6.087614e-01 -7.933533e-01 8.651020e-16
    outer loop
      vertex   1.729773e+01 3.561984e+02 1.000000e+01
      vertex   1.700058e+01 3.564264e+02 5.000000e+00
      vertex   1.729773e+01 3.561984e+02 5.000000e+00
    endloop
  endfacet
  facet normal -7.933533e-01 -6.087614e-01 1.127423e-15
    outer loop
      vertex   1.729773e+01 3.561984e+02 1.000000e+01
      vertex   1.729773e+01 3.561984e+02 5.000000e+00
      vertex   1.752575e+01 3.559012e+02 1.000000e+01
    endloop
  endfacet
  facet normal -7.933533e-01 -6.087614e-01 -1.127423e-15
    outer loop
      vertex   1.752575e+01 3.559012e+02 1.000000e+01
      vertex   1.729773e+01 3.561984e+02 5.000000e+00
      vertex   1.752575e+01 3.559012e+02 5.000000e+00
    endloop
  endfacet
  facet normal -9.238795e-01 -3.826834e-01 -1.312912e-15
    outer loop
      vertex   1.752575e+01 3.559012e+02 1.000000e+01
      vertex   1.752575e+01 3.559012e+02 5.000000e+00
      vertex   1.766909e+01 3.555552e+02 1.000000e+01
    endloop
  endfacet
  facet normal -9.238795e-01 -3.826834e-01 -6.564559e-16
    outer loop
      vertex   1.766909e+01 3.555552e+02 1.000000e+01
      vertex   1.752575e+01 3.559012e+02 5.000000e+00
      vertex   1.766909e+01 3.555552e+02 5.000000e+00
    endloop
  endfacet
  facet normal 9.914449e-01 -1.305262e-01 0.000000e+00
    outer loop
      vertex   1.821503e+01 3.546662e+02 1.000000e+01
      vertex   1.821503e+01 3.546662e+02 5.000000e+00
      vertex   1.828318e+01 3.551838e+02 1.000000e+01
    endloop
  endfacet
  facet normal 9.914449e-01 -1.305262e-01 0.000000e+00
    outer loop
      vertex   1.828318e+01 3.551838e+02 1.000000e+01
      vertex   1.821503e+01 3.546662e+02 5.000000e+00
      vertex   1.828318e+01 3.551838e+02 5.000000e+00
    endloop
  endfacet
  facet normal 9.914449e-01 1.305262e-01 0.000000e+00
    outer loop
      vertex   1.828318e+01 3.551838e+02 1.000000e+01
      vertex   1.828318e+01 3.551838e+02 5.000000e+00
      vertex   1.821503e+01 3.557015e+02 1.000000e+01
    endloop
  endfacet
  facet normal 9.914449e-01 1.305262e-01 0.000000e+00
    outer loop
      vertex   1.821503e+01 3.557015e+02 1.000000e+01
      vertex   1.828318e+01 3.551838e+02 5.000000e+00
      vertex   1.821503e+01 3.557015e+02 5.000000e+00
    endloop
  endfacet
  facet normal 9.238795e-01 3.826834e-01 0.000000e+00
    outer loop
      vertex   1.821503e+01 3.557015e+02 1.000000e+01
      vertex   1.821503e+01 3.557015e+02 5.000000e+00
      vertex   1.801523e+01 3.561838e+02 1.000000e+01
    endloop
  endfacet
  facet normal 9.238795e-01 3.826834e-01 0.000000e+00
    outer loop
      vertex   1.801523e+01 3.561838e+02 1.000000e+01
      vertex   1.821503e+01 3.557015e+02 5.000000e+00
      vertex   1.801523e+01 3.561838e+02 5.000000e+00
    endloop
  endfacet
  facet normal 7.933533e-01 6.087614e-01 0.000000e+00
    outer loop
      vertex   1.801523e+01 3.561838e+02 1.000000e+01
      vertex   1.801523e+01 3.561838e+02 5.000000e+00
      vertex   1.769739e+01 3.565981e+02 1.000000e+01
    endloop
  endfacet
  facet normal 7.933533e-01 6.087614e-01 0.000000e+00
    outer loop
      vertex   1.769739e+01 3.565981e+02 1.000000e+01
      vertex   1.801523e+01 3.561838e+02 5.000000e+00
      vertex   1.769739e+01 3.565981e+02 5.000000e+00
    endloop
  endfacet
  facet normal 6.087614e-01 7.933533e-01 0.000000e+00
    outer loop
      vertex   1.769739e+01 3.565981e+02 1.000000e+01
      vertex   1.769739e+01 3.565981e+02 5.000000e+00
      vertex   1.728318e+01 3.569159e+02 1.000000e+01
    endloop
  endfacet
  facet normal 6.087614e-01 7.933533e-01 -4.325510e-16
    outer loop
      vertex   1.728318e+01 3.569159e+02 1.000000e+01
      vertex   1.769739e+01 3.565981e+02 5.000000e+00
      vertex   1.728318e+01 3.569159e+02 5.000000e+00
    endloop
  endfacet
  facet normal 3.826834e-01 9.238795e-01 -2.719129e-16
    outer loop
      vertex   1.728318e+01 3.569159e+02 1.000000e+01
      vertex   1.728318e+01 3.569159e+02 5.000000e+00
      vertex   1.680082e+01 3.571157e+02 1.000000e+01
    endloop
  endfacet
  facet normal 3.826834e-01 9.238795e-01 0.000000e+00
    outer loop
      vertex   1.680082e+01 3.571157e+02 1.000000e+01
      vertex   1.728318e+01 3.569159e+02 5.000000e+00
      vertex   1.680082e+01 3.571157e+02 5.000000e+00
    endloop
  endfacet
  facet normal 1.305262e-01 9.914449e-01 0.000000e+00
    outer loop
      vertex   1.680082e+01 3.571157e+02 1.000000e+01
      vertex   1.680082e+01 3.571157e+02 5.000000e+00
      vertex   1.628318e+01 3.571838e+02 1.000000e+01
    endloop
  endfacet
  facet normal 1.305262e-01 9.914449e-01 0.000000e+00
    outer loop
      vertex   1.628318e+01 3.571838e+02 1.000000e+01
      vertex   1.680082e+01 3.571157e+02 5.000000e+00
      vertex   1.628318e+01 3.571838e+02 5.000000e+00
    endloop
  endfacet
  facet normal -1.305262e-01 9.914449e-01 0.000000e+00
    outer loop
      vertex   1.628318e+01 3.571838e+02 1.000000e+01
      vertex   1.628318e+01 3.571838e+02 5.000000e+00
      vertex   1.576554e+01 3.571157e+02 1.000000e+01
    endloop
  endfacet
  facet normal -1.305262e-01 9.914449e-01 4.637222e-17
    outer loop
      vertex   1.576554e+01 3.571157e+02 1.000000e+01
      vertex   1.628318e+01 3.571838e+02 5.000000e+00
      vertex   1.576554e+01 3.571157e+02 5.000000e+00
    endloop
  endfacet
  facet normal -3.826834e-01 9.238795e-01 1.359565e-16
    outer loop
      vertex   1.576554e+01 3.571157e+02 1.000000e+01
      vertex   1.576554e+01 3.571157e+02 5.000000e+00
      vertex   1.528318e+01 3.569159e+02 1.000000e+01
    endloop
  endfacet
  facet normal -3.826834e-01 9.238795e-01 1.359565e-16
    outer loop
      vertex   1.528318e+01 3.569159e+02 1.000000e+01
      vertex   1.576554e+01 3.571157e+02 5.000000e+00
      vertex   1.528318e+01 3.569159e+02 5.000000e+00
    endloop
  endfacet
  facet normal -6.087614e-01 7.933533e-01 2.162755e-16
    outer loop
      vertex   1.528318e+01 3.569159e+02 1.000000e+01
      vertex   1.528318e+01 3.569159e+02 5.000000e+00
      vertex   1.486897e+01 3.565981e+02 1.000000e+01
    endloop
  endfacet
  facet normal -6.087614e-01 7.933533e-01 0.000000e+00
    outer loop
      vertex   1.486897e+01 3.565981e+02 1.000000e+01
      vertex   1.528318e+01 3.569159e+02 5.000000e+00
      vertex   1.486897e+01 3.565981e+02 5.000000e+00
    endloop
  endfacet
  facet normal -7.933533e-01 6.087614e-01 0.000000e+00
    outer loop
      vertex   1.486897e+01 3.565981e+02 1.000000e+01
      vertex   1.486897e+01 3.565981e+02 5.000000e+00
      vertex   1.455113e+01 3.561838e+02 1.000000e+01
    endloop
  endfacet
  facet normal -7.933533e-01 6.087614e-01 0.000000e+00
    outer loop
      vertex   1.455113e+01 3.561838e+02 1.000000e+01
      vertex   1.486897e+01 3.565981e+02 5.000000e+00
      vertex   1.455113e+01 3.561838e+02 5.000000e+00
    endloop
  endfacet
  facet normal -9.238795e-01 3.826834e-01 0.000000e+00
    outer loop
      vertex   1.455113e+01 3.561838e+02 1.000000e+01
      vertex   1.455113e+01 3.561838e+02 5.000000e+00
      vertex   1.435133e+01 3.557015e+02 1.000000e+01
    endloop
  endfacet
  facet normal -9.238795e-01 3.826834e-01 0.000000e+00
    outer loop
      vertex   1.435133e+01 3.557015e+02 1.000000e+01
      vertex   1.455113e+01 3.561838e+02 5.000000e+00
      vertex   1.435133e+01 3.557015e+02 5.000000e+00
    endloop
  endfacet
  facet normal -9.914449e-01 1.305262e-01 0.000000e+00
    outer loop
      vertex   1.435133e+01 3.557015e+02 1.000000e+01
      vertex   1.435133e+01 3.557015e+02 5.000000e+00
      vertex   1.428318e+01 3.551838e+02 1.000000e+01
    endloop
  endfacet
  facet normal -9.914449e-01 1.305262e-01 0.000000e+00
    outer loop
      vertex   1.428318e+01 3.551838e+02 1.000000e+01
      vertex   1.435133e+01 3.557015e+02 5.000000e+00
      vertex   1.428318e+01 3.551838e+02 5.000000e+00
    endloop
  endfacet
  facet normal -9.914449e-01 -1.305262e-01 -0.000000e+00
    outer loop
      vertex   1.428318e+01 3.551838e+02 1.000000e+01
      vertex   1.428318e+01 3.551838e+02 5.000000e+00
      vertex   1.435133e+01 3.546662e+02 1.000000e+01
    endloop
  endfacet
  facet normal -9.914449e-01 -1.305262e-01 -0.000000e+00
    outer loop
      vertex   1.435133e+01 3.546662e+02 1.000000e+01
      vertex   1.428318e+01 3.551838e+02 5.000000e+00
      vertex   1.435133e+01 3.546662e+02 5.000000e+00
    endloop
  endfacet
  facet normal -9.238795e-01 -3.826834e-01 -0.000000e+00
    outer loop
      vertex   1.435133e+01 3.546662e+02 1.000000e+01
      vertex   1.435133e+01 3.546662e+02 5.000000e+00
      vertex   1.455113e+01 3.541838e+02 1.000000e+01
    endloop
  endfacet
  facet normal -9.238795e-01 -3.826834e-01 -0.000000e+00
    outer loop
      vertex   1.455113e+01 3.541838e+02 1.000000e+01
      vertex   1.435133e+01 3.546662e+02 5.000000e+00
      vertex   1.455113e+01 3.541838e+02 5.000000e+00
    endloop
  endfacet
  facet normal -7.933533e-01 -6.087614e-01 -0.000000e+00
    outer loop
      vertex   1.455113e+01 3.541838e+02 1.000000e+01
      vertex   1.455113e+01 3.541838e+02 5.000000e+00
      vertex   1.486897e+01 3.537696e+02 1.000000e+01
    endloop
  endfacet
  facet normal -7.933533e-01 -6.087614e-01 -0.000000e+00
    outer loop
      vertex   1.486897e+01 3.537696e+02 1.000000e+01
      vertex   1.455113e+01 3.541838e+02 5.000000e+00
      vertex   1.486897e+01 3.537696e+02 5.000000e+00
    endloop
  endfacet
  facet normal -6.087614e-01 -7.933533e-01 -0.000000e+00
    outer loop
      vertex   1.486897e+01 3.537696e+02 1.000000e+01
      vertex   1.486897e+01 3.537696e+02 5.000000e+00
      vertex   1.528318e+01 3.534518e+02 1.000000e+01
    endloop
  endfacet
  facet normal -6.087614e-01 -7.933533e-01 -2.162755e-16
    outer loop
      vertex   1.528318e+01 3.534518e+02 1.000000e+01
      vertex   1.486897e+01 3.537696e+02 5.000000e+00
      vertex   1.528318e+01 3.534518e+02 5.000000e+00
    endloop
  endfacet
  facet normal -3.826834e-01 -9.238795e-01 -1.359565e-16
    outer loop
      vertex   1.528318e+01 3.534518e+02 1.000000e+01
      vertex   1.528318e+01 3.534518e+02 5.000000e+00
      vertex   1.576554e+01 3.532520e+02 1.000000e+01
    endloop
  endfacet
  facet normal -3.826834e-01 -9.238795e-01 -1.359565e-16
    outer loop
      vertex   1.576554e+01 3.532520e+02 1.000000e+01
      vertex   1.528318e+01 3.534518e+02 5.000000e+00
      vertex   1.576554e+01 3.532520e+02 5.000000e+00
    endloop
  endfacet
  facet normal -1.305262e-01 -9.914449e-01 -4.637222e-17
    outer loop
      vertex   1.576554e+01 3.532520e+02 1.000000e+01
      vertex   1.576554e+01 3.532520e+02 5.000000e+00
      vertex   1.628318e+01 3.531838e+02 1.000000e+01
    endloop
  endfacet
  facet normal -1.305262e-01 -9.914449e-01 -0.000000e+00
    outer loop
      vertex   1.628318e+01 3.531838e+02 1.000000e+01
      vertex   1.576554e+01 3.532520e+02 5.000000e+00
      vertex   1.628318e+01 3.531838e+02 5.000000e+00
    endloop
  endfacet
  facet normal 1.305262e-01 -9.914449e-01 0.000000e+00
    outer loop
      vertex   1.628318e+01 3.531838e+02 1.000000e+01
      vertex   1.628318e+01 3.531838e+02 5.000000e+00
      vertex   1.680082e+01 3.532520e+02 1.000000e+01
    endloop
  endfacet
  facet normal 1.305262e-01 -9.914449e-01 0.000000e+00
    outer loop
      vertex   1.680082e+01 3.532520e+02 1.000000e+01
      vertex   1.628318e+01 3.531838e+02 5.000000e+00
      vertex   1.680082e+01 3.532520e+02 5.000000e+00
    endloop
  endfacet
  facet normal 3.826834e-01 -9.238795e-01 0.000000e+00
    outer loop
      vertex   1.680082e+01 3.532520e+02 1.000000e+01
      vertex   1.680082e+01 3.532520e+02 5.000000e+00
      vertex   1.728318e+01 3.534518e+02 1.000000e+01
    endloop
  endfacet
  facet normal 3.826834e-01 -9.238795e-01 2.719129e-16
    outer loop
      vertex   1.728318e+01 3.534518e+02 1.000000e+01
      vertex   1.680082e+01 3.532520e+02 5.000000e+00
      vertex   1.728318e+01 3.534518e+02 5.000000e+00
    endloop
  endfacet
  facet normal 6.087614e-01 -7.933533e-01 4.325510e-16
    outer loop
      vertex   1.728318e+01 3.534518e+02 1.000000e+01
      vertex   1.728318e+01 3.534518e+02 5.000000e+00
      vertex   1.769739e+01 3.537696e+02 1.000000e+01
    endloop
  endfacet
  facet normal 6.087614e-01 -7.933533e-01 0.000000e+00
    outer loop
      vertex   1.769739e+01 3.537696e+02 1.000000e+01
      vertex   1.728318e+01 3.534518e+02 5.000000e+00
      vertex   1.769739e+01 3.537696e+02 5.000000e+00
    endloop
  endfacet
  facet normal 7.933533e-01 -6.087614e-01 0.000000e+00
    outer loop
      vertex   1.769739e+01 3.537696e+02 1.000000e+01
      vertex   1.769739e+01 3.537696e+02 5.000000e+00
      vertex   1.801523e+01 3.541838e+02 1.000000e+01
    endloop
  endfacet
  facet normal 7.933533e-01 -6.087614e-01 0.000000e+00
    outer loop
      vertex   1.801523e+01 3.541838e+02 1.000000e+01
      vertex   1.769739e+01 3.537696e+02 5.000000e+00
      vertex   1.801523e+01 3.541838e+02 5.000000e+00
    endloop
  endfacet
  facet normal 9.238795e-01 -3.826834e-01 0.000000e+00
    outer loop
      vertex   1.801523e+01 3.541838e+02 1.000000e+01
      vertex   1.801523e+01 3.541838e+02 5.000000e+00
      vertex   1.821503e+01 3.546662e+02 1.000000e+01
    endloop
  endfacet
  facet normal 9.238795e-01 -3.826834e-01 0.000000e+00
    outer loop
      vertex   1.821503e+01 3.546662e+02 1.000000e+01
      vertex   1.801523e+01 3.541838e+02 5.000000e+00
      vertex   1.821503e+01 3.546662e+02 5.000000e+00
    endloop
  endfacet
  facet normal 0.000000e+00 0.000000e+00 1.000000e+00
    outer loop
      vertex   1.766909e+01 3.555552e+02 1.000000e+01
      vertex   1.771797e+01 3.551838e+02 1.000000e+01
      vertex   1.828318e+01 3.551838e+02 1.000000e+01
    endloop
  endfacet
  facet normal 0.000000e+00 0.000000e+00 1.000000e+00
    outer loop
      vertex   1.828318e+01 3.551838e+02 1.000000e+01
      vertex   1.771797e+01 3.551838e+02 1.000000e+01
      vertex   1.766909e+01 3.548125e+02 1.000000e+01
    endloop
  endfacet
  facet normal 0.000000e+00 0.000000e+00 1.000000e+00
    outer loop
      vertex   1.828318e+01 3.551838e+02 1.000000e+01
      vertex   1.766909e+01 3.548125e+02 1.000000e+01
      vertex   1.821503e+01 3.546662e+02 1.000000e+01
    endloop
  endfacet
  facet normal 0.000000e+00 0.000000e+00 1.000000e+00
    outer loop
      vertex   1.821503e+01 3.546662e+02 1.000000e+01
      vertex   1.766909e+01 3.548125e+02 1.000000e+01
      vertex   1.752575e+01 3.544664e+02 1.000000e+01
    endloop
  endfacet
  facet normal 0.000000e+00 0.000000e+00 1.000000e+00
    outer loop
      vertex   1.821503e+01 3.546662e+02 1.000000e+01
      vertex   1.752575e+01 3.544664e+02 1.000000e+01
      vertex   1.801523e+01 3.541838e+02 1.000000e+01
    endloop
  endfacet
  facet normal 0.000000e+00 0.000000e+00 1.000000e+00
    outer loop
      vertex   1.801523e+01 3.541838e+02 1.000000e+01
      vertex   1.752575e+01 3.544664e+02 1.000000e+01
      vertex   1.729773e+01 3.541693e+02 1.000000e+01
    endloop
  endfacet
  facet normal 0.000000e+00 0.000000e+00 1.000000e+00
    outer loop
      vertex   1.801523e+01 3.541838e+02 1.000000e+01
      vertex   1.729773e+01 3.541693e+02 1.000000e+01
      vertex   1.769739e+01 3.537696e+02 1.000000e+01
    endloop
  endfacet
  facet normal 0.000000e+00 0.000000e+00 1.000000e+00
    outer loop
      vertex   1.769739e+01 3.537696e+02 1.000000e+01
      vertex   1.729773e+01 3.541693e+02 1.000000e+01
      vertex   1.700058e+01 3.539413e+02 1.000000e+01
    endloop
  endfacet
  facet normal 0.000000e+00 0.000000e+00 1.000000e+00
    outer loop
      vertex   1.769739e+01 3.537696e+02 1.000000e+01
      vertex   1.700058e+01 3.539413e+02 1.000000e+01
      vertex   1.728318e+01 3.534518e+02 1.000000e+01
    endloop
  endfacet
  facet normal 0.000000e+00 0.000000e+00 1.000000e+00
    outer loop
      vertex   1.728318e+01 3.534518e+02 1.000000e+01
      vertex   1.700058e+01 3.539413e+02 1.000000e+01
      vertex   1.665453e+01 3.537979e+02 1.000000e+01
    endloop
  endfacet
  facet normal 0.000000e+00 0.000000e+00 1.000000e+00
    outer loop
      vertex   1.728318e+01 3.534518e+02 1.000000e+01
      vertex   1.665453e+01 3.537979e+02 1.000000e+01
      vertex   1.680082e+01 3.532520e+02 1.000000e+01
    endloop
  endfacet
  facet normal 0.000000e+00 0.000000e+00 1.000000e+00
    outer loop
      vertex   1.680082e+01 3.532520e+02 1.000000e+01
      vertex   1.665453e+01 3.537979e+02 1.000000e+01
      vertex   1.628318e+01 3.537491e+02 1.000000e+01
    endloop
  endfacet
  facet normal 0.000000e+00 0.000000e+00 1.000000e+00
    outer loop
      vertex   1.680082e+01 3.532520e+02 1.000000e+01
      vertex   1.628318e+01 3.537491e+02 1.000000e+01
      vertex   1.628318e+01 3.531838e+02 1.000000e+01
    endloop
  endfacet
  facet normal 0.000000e+00 -0.000000e+00 1.000000e+00
    outer loop
      vertex   1.628318e+01 3.531838e+02 1.000000e+01
      vertex   1.628318e+01 3.537491e+02 1.000000e+01
      vertex   1.576554e+01 3.532520e+02 1.000000e+01
    endloop
  endfacet
  facet normal 0.000000e+00 0.000000e+00 1.000000e+00
    outer loop
      vertex   1.576554e+01 3.532520e+02 1.000000e+01
      vertex   1.628318e+01 3.537491e+02 1.000000e+01
      vertex   1.591183e+01 3.537979e+02 1.000000e+01
    endloop
  endfacet
  facet normal 0.000000e+00 -0.000000e+00 1.000000e+00
    outer loop
      vertex   1.576554e+01 3.532520e+02 1.000000e+01
      vertex   1.591183e+01 3.537979e+02 1.000000e+01
      vertex   1.528318e+01 3.534518e+02 1.000000e+01
    endloop
  endfacet
  facet normal 0.000000e+00 0.000000e+00 1.000000e+00
    outer loop
      vertex   1.528318e+01 3.534518e+02 1.000000e+01
      vertex   1.591183e+01 3.537979e+02 1.000000e+01
      vertex   1.556578e+01 3.539413e+02 1.000000e+01
    endloop
  endfacet
  facet normal 0.000000e+00 -0.000000e+00 1.000000e+00
    outer loop
      vertex   1.528318e+01 3.534518e+02 1.000000e+01
      vertex   1.556578e+01 3.539413e+02 1.000000e+01
      vertex   1.486897e+01 3.537696e+02 1.000000e+01
    endloop
  endfacet
  facet normal 0.000000e+00 0.000000e+00 1.000000e+00
    outer loop
      vertex   1.486897e+01 3.537696e+02 1.000000e+01
      vertex   1.556578e+01 3.539413e+02 1.000000e+01
      vertex   1.526863e+01 3.541693e+02 1.000000e+01
    endloop
  endfacet
  facet normal 0.000000e+00 -0.000000e+00 1.000000e+00
    outer loop
      vertex   1.486897e+01 3.537696e+02 1.000000e+01
      vertex   1.526863e+01 3.541693e+02 1.000000e+01
      vertex   1.455113e+01 3.541838e+02 1.000000e+01
    endloop
  endfacet
  facet normal -0.000000e+00 0.000000e+00 1.000000e+00
    outer loop
      vertex   1.455113e+01 3.541838e+02 1.000000e+01
      vertex   1.526863e+01 3.541693e+02 1.000000e+01
      vertex   1.504061e+01 3.544664e+02 1.000000e+01
    endloop
  endfacet
  facet normal 0.000000e+00 -0.000000e+00 1.000000e+00
    outer loop
      vertex   1.455113e+01 3.541838e+02 1.000000e+01
      vertex   1.504061e+01 3.544664e+02 1.000000e+01
      vertex   1.435133e+01 3.546662e+02 1.000000e+01
    endloop
  endfacet
  facet normal -0.000000e+00 0.000000e+00 1.000000e+00
    outer loop
      vertex   1.435133e+01 3.546662e+02 1.000000e+01
      vertex   1.504061e+01 3.544664e+02 1.000000e+01
      vertex   1.489728e+01 3.548125e+02 1.000000e+01
    endloop
  endfacet
  facet normal 0.000000e+00 -0.000000e+00 1.000000e+00
    outer loop
      vertex   1.435133e+01 3.546662e+02 1.000000e+01
      vertex   1.489728e+01 3.548125e+02 1.000000e+01
      vertex   1.428318e+01 3.551838e+02 1.000000e+01
    endloop
  endfacet
  facet normal -0.000000e+00 0.000000e+00 1.000000e+00
    outer loop
      vertex   1.428318e+01 3.551838e+02 1.000000e+01
      vertex   1.489728e+01 3.548125e+02 1.000000e+01
      vertex   1.484839e+01 3.551838e+02 1.000000e+01
    endloop
  endfacet
  facet normal 0.000000e+00 0.000000e+00 1.000000e+00
    outer loop
      vertex   1.428318e+01 3.551838e+02 1.000000e+01
      vertex   1.484839e+01 3.551838e+02 1.000000e+01
      vertex   1.435133e+01 3.557015e+02 1.000000e+01
    endloop
  endfacet
  facet normal 0.000000e+00 0.000000e+00 1.000000e+00
    outer loop
      vertex   1.435133e+01 3.557015e+02 1.000000e+01
      vertex   1.484839e+01 3.551838e+02 1.000000e+01
      vertex   1.489728e+01 3.555552e+02 1.000000e+01
    endloop
  endfacet
  facet normal -0.000000e+00 0.000000e+00 1.000000e+00
    outer loop
      vertex   1.435133e+01 3.557015e+02 1.000000e+01
      vertex   1.489728e+01 3.555552e+02 1.000000e+01
      vertex   1.504061e+01 3.559012e+02 1.000000e+01
    endloop
  endfacet
  facet normal 0.000000e+00 0.000000e+00 1.000000e+00
    outer loop
      vertex   1.435133e+01 3.557015e+02 1.000000e+01
      vertex   1.504061e+01 3.559012e+02 1.000000e+01
      vertex   1.455113e+01 3.561838e+02 1.000000e+01
    endloop
  endfacet
  facet normal -0.000000e+00 0.000000e+00 1.000000e+00
    outer loop
      vertex   1.455113e+01 3.561838e+02 1.000000e+01
      vertex   1.504061e+01 3.559012e+02 1.000000e+01
      vertex   1.526863e+01 3.561984e+02 1.000000e+01
    endloop
  endfacet
  facet normal 0.000000e+00 0.000000e+00 1.000000e+00
    outer loop
      vertex   1.455113e+01 3.561838e+02 1.000000e+01
      vertex   1.526863e+01 3.561984e+02 1.000000e+01
      vertex   1.486897e+01 3.565981e+02 1.000000e+01
    endloop
  endfacet
  facet normal 0.000000e+00 0.000000e+00 1.000000e+00
    outer loop
      vertex   1.486897e+01 3.565981e+02 1.000000e+01
      vertex   1.526863e+01 3.561984e+02 1.000000e+01
      vertex   1.556578e+01 3.564264e+02 1.000000e+01
    endloop
  endfacet
  facet normal -0.000000e+00 0.000000e+00 1.000000e+00
    outer loop
      vertex   1.486897e+01 3.565981e+02 1.000000e+01
      vertex   1.556578e+01 3.564264e+02 1.000000e+01
      vertex   1.528318e+01 3.569159e+02 1.000000e+01
    endloop
  endfacet
  facet normal 0.000000e+00 0.000000e+00 1.000000e+00
    outer loop
      vertex   1.528318e+01 3.569159e+02 1.000000e+01
      vertex   1.556578e+01 3.564264e+02 1.000000e+01
      vertex   1.591183e+01 3.565697e+02 1.000000e+01
    endloop
  endfacet
  facet normal -0.000000e+00 0.000000e+00 1.000000e+00
    outer loop
      vertex   1.528318e+01 3.569159e+02 1.000000e+01
      vertex   1.591183e+01 3.565697e+02 1.000000e+01
      vertex   1.576554e+01 3.571157e+02 1.000000e+01
    endloop
  endfacet
  facet normal 0.000000e+00 0.000000e+00 1.000000e+00
    outer loop
      vertex   1.576554e+01 3.571157e+02 1.000000e+01
      vertex   1.591183e+01 3.565697e+02 1.000000e+01
      vertex   1.628318e+01 3.566186e+02 1.000000e+01
    endloop
  endfacet
  facet normal -0.000000e+00 0.000000e+00 1.000000e+00
    outer loop
      vertex   1.576554e+01 3.571157e+02 1.000000e+01
      vertex   1.628318e+01 3.566186e+02 1.000000e+01
      vertex   1.628318e+01 3.571838e+02 1.000000e+01
    endloop
  endfacet
  facet normal 0.000000e+00 0.000000e+00 1.000000e+00
    outer loop
      vertex   1.628318e+01 3.571838e+02 1.000000e+01
      vertex   1.628318e+01 3.566186e+02 1.000000e+01
      vertex   1.680082e+01 3.571157e+02 1.000000e+01
    endloop
  endfacet
  facet normal 0.000000e+00 0.000000e+00 1.000000e+00
    outer loop
      vertex   1.680082e+01 3.571157e+02 1.000000e+01
      vertex   1.628318e+01 3.566186e+02 1.000000e+01
      vertex   1.665453e+01 3.565697e+02 1.000000e+01
    endloop
  endfacet
  facet normal 0.000000e+00 0.000000e+00 1.000000e+00
    outer loop
      vertex   1.680082e+01 3.571157e+02 1.000000e+01
      vertex   1.665453e+01 3.565697e+02 1.000000e+01
      vertex   1.728318e+01 3.569159e+02 1.000000e+01
    endloop
  endfacet
  facet normal 0.000000e+00 0.000000e+00 1.000000e+00
    outer loop
      vertex   1.728318e+01 3.569159e+02 1.000000e+01
      vertex   1.665453e+01 3.565697e+02 1.000000e+01
      vertex   1.700058e+01 3.564264e+02 1.000000e+01
    endloop
  endfacet
  facet normal 0.000000e+00 0.000000e+00 1.000000e+00
    outer loop
      vertex   1.728318e+01 3.569159e+02 1.000000e+01
      vertex   1.700058e+01 3.564264e+02 1.000000e+01
      vertex   1.769739e+01 3.565981e+02 1.000000e+01
    endloop
  endfacet
  facet normal 0.000000e+00 0.000000e+00 1.000000e+00
    outer loop
      vertex   1.769739e+01 3.565981e+02 1.000000e+01
      vertex   1.700058e+01 3.564264e+02 1.000000e+01
      vertex   1.729773e+01 3.561984e+02 1.000000e+01
    endloop
  endfacet
  facet normal 0.000000e+00 0.000000e+00 1.000000e+00
    outer loop
      vertex   1.769739e+01 3.565981e+02 1.000000e+01
      vertex   1.729773e+01 3.561984e+02 1.000000e+01
      vertex   1.801523e+01 3.561838e+02 1.000000e+01
    endloop
  endfacet
  facet normal 0.000000e+00 0.000000e+00 1.000000e+00
    outer loop
      vertex   1.801523e+01 3.561838e+02 1.000000e+01
      vertex   1.729773e+01 3.561984e+02 1.000000e+01
      vertex   1.752575e+01 3.559012e+02 1.000000e+01
    endloop
  endfacet
  facet normal 0.000000e+00 0.000000e+00 1.000000e+00
    outer loop
      vertex   1.801523e+01 3.561838e+02 1.000000e+01
      vertex   1.752575e+01 3.559012e+02 1.000000e+01
      vertex   1.821503e+01 3.557015e+02 1.000000e+01
    endloop
  endfacet
  facet normal 0.000000e+00 0.000000e+00 1.000000e+00
    outer loop
      vertex   1.821503e+01 3.557015e+02 1.000000e+01
      vertex   1.752575e+01 3.559012e+02 1.000000e+01
      vertex   1.766909e+01 3.555552e+02 1.000000e+01
    endloop
  endfacet
  facet normal 0.000000e+00 0.000000e+00 1.000000e+00
    outer loop
      vertex   1.821503e+01 3.557015e+02 1.000000e+01
      vertex   1.766909e+01 3.555552e+02 1.000000e+01
      vertex   1.828318e+01 3.551838e+02 1.000000e+01
    endloop
  endfacet
  facet normal -9.914449e-01 1.305262e-01 0.000000e+00
    outer loop
      vertex   1.785910e+01 3.044269e+02 0.000000e+00
      vertex   1.785910e+01 3.044269e+02 5.000000e+00
      vertex   1.790761e+01 3.047953e+02 0.000000e+00
    endloop
  endfacet
  facet normal -9.914449e-01 1.305262e-01 0.000000e+00
    outer loop
      vertex   1.790761e+01 3.047953e+02 0.000000e+00
      vertex   1.785910e+01 3.044269e+02 5.000000e+00
      vertex   1.790761e+01 3.047953e+02 5.000000e+00
    endloop
  endfacet
  facet normal -9.914449e-01 -1.305262e-01 0.000000e+00
    outer loop
      vertex   1.790761e+01 3.047953e+02 0.000000e+00
      vertex   1.790761e+01 3.047953e+02 5.000000e+00
      vertex   1.785910e+01 3.051637e+02 0.000000e+00
    endloop
  endfacet
  facet normal -9.914449e-01 -1.305262e-01 7.044639e-16
    outer loop
      vertex   1.785910e+01 3.051637e+02 0.000000e+00
      vertex   1.790761e+01 3.047953e+02 5.000000e+00
      vertex   1.785910e+01 3.051637e+02 5.000000e+00
    endloop
  endfacet
  facet normal -9.238795e-01 -3.826834e-01 6.564559e-16
    outer loop
      vertex   1.785910e+01 3.051637e+02 0.000000e+00
      vertex   1.785910e+01 3.051637e+02 5.000000e+00
      vertex   1.771690e+01 3.055070e+02 0.000000e+00
    endloop
  endfacet
  facet normal -9.238795e-01 -3.826834e-01 0.000000e+00
    outer loop
      vertex   1.771690e+01 3.055070e+02 0.000000e+00
      vertex   1.785910e+01 3.051637e+02 5.000000e+00
      vertex   1.771690e+01 3.055070e+02 5.000000e+00
    endloop
  endfacet
  facet normal -7.933533e-01 -6.087614e-01 0.000000e+00
    outer loop
      vertex   1.771690e+01 3.055070e+02 0.000000e+00
      vertex   1.771690e+01 3.055070e+02 5.000000e+00
      vertex   1.749069e+01 3.058019e+02 0.000000e+00
    endloop
  endfacet
  facet normal -7.933533e-01 -6.087614e-01 -1.127423e-15
    outer loop
      vertex   1.749069e+01 3.058019e+02 0.000000e+00
      vertex   1.771690e+01 3.055070e+02 5.000000e+00
      vertex   1.749069e+01 3.058019e+02 5.000000e+00
    endloop
  endfacet
  facet normal -6.087614e-01 -7.933533e-01 -8.651020e-16
    outer loop
      vertex   1.749069e+01 3.058019e+02 0.000000e+00
      vertex   1.749069e+01 3.058019e+02 5.000000e+00
      vertex   1.719588e+01 3.060281e+02 0.000000e+00
    endloop
  endfacet
  facet normal -6.087614e-01 -7.933533e-01 4.325510e-16
    outer loop
      vertex   1.719588e+01 3.060281e+02 0.000000e+00
      vertex   1.749069e+01 3.058019e+02 5.000000e+00
      vertex   1.719588e+01 3.060281e+02 5.000000e+00
    endloop
  endfacet
  facet normal -3.826834e-01 -9.238795e-01 2.719129e-16
    outer loop
      vertex   1.719588e+01 3.060281e+02 0.000000e+00
      vertex   1.719588e+01 3.060281e+02 5.000000e+00
      vertex   1.685258e+01 3.061703e+02 0.000000e+00
    endloop
  endfacet
  facet normal -3.826834e-01 -9.238795e-01 -2.719129e-16
    outer loop
      vertex   1.685258e+01 3.061703e+02 0.000000e+00
      vertex   1.719588e+01 3.060281e+02 5.000000e+00
      vertex   1.685258e+01 3.061703e+02 5.000000e+00
    endloop
  endfacet
  facet normal -1.305262e-01 -9.914449e-01 -9.274444e-17
    outer loop
      vertex   1.685258e+01 3.061703e+02 0.000000e+00
      vertex   1.685258e+01 3.061703e+02 5.000000e+00
      vertex   1.648416e+01 3.062188e+02 0.000000e+00
    endloop
  endfacet
  facet normal -1.305262e-01 -9.914449e-01 0.000000e+00
    outer loop
      vertex   1.648416e+01 3.062188e+02 0.000000e+00
      vertex   1.685258e+01 3.061703e+02 5.000000e+00
      vertex   1.648416e+01 3.062188e+02 5.000000e+00
    endloop
  endfacet
  facet normal 1.305262e-01 -9.914449e-01 0.000000e+00
    outer loop
      vertex   1.648416e+01 3.062188e+02 0.000000e+00
      vertex   1.648416e+01 3.062188e+02 5.000000e+00
      vertex   1.611575e+01 3.061703e+02 0.000000e+00
    endloop
  endfacet
  facet normal 1.305262e-01 -9.914449e-01 -9.274444e-17
    outer loop
      vertex   1.611575e+01 3.061703e+02 0.000000e+00
      vertex   1.648416e+01 3.062188e+02 5.000000e+00
      vertex   1.611575e+01 3.061703e+02 5.000000e+00
    endloop
  endfacet
  facet normal 3.826834e-01 -9.238795e-01 -2.719129e-16
    outer loop
      vertex   1.611575e+01 3.061703e+02 0.000000e+00
      vertex   1.611575e+01 3.061703e+02 5.000000e+00
      vertex   1.577244e+01 3.060281e+02 0.000000e+00
    endloop
  endfacet
  facet normal 3.826834e-01 -9.238795e-01 4.078694e-16
    outer loop
      vertex   1.577244e+01 3.060281e+02 0.000000e+00
      vertex   1.611575e+01 3.061703e+02 5.000000e+00
      vertex   1.577244e+01 3.060281e+02 5.000000e+00
    endloop
  endfacet
  facet normal 6.087614e-01 -7.933533e-01 6.488265e-16
    outer loop
      vertex   1.577244e+01 3.060281e+02 0.000000e+00
      vertex   1.577244e+01 3.060281e+02 5.000000e+00
      vertex   1.547764e+01 3.058019e+02 0.000000e+00
    endloop
  endfacet
  facet normal 6.087614e-01 -7.933533e-01 8.651020e-16
    outer loop
      vertex   1.547764e+01 3.058019e+02 0.000000e+00
      vertex   1.577244e+01 3.060281e+02 5.000000e+00
      vertex   1.547764e+01 3.058019e+02 5.000000e+00
    endloop
  endfacet
  facet normal 7.933533e-01 -6.087614e-01 1.127423e-15
    outer loop
      vertex   1.547764e+01 3.058019e+02 0.000000e+00
      vertex   1.547764e+01 3.058019e+02 5.000000e+00
      vertex   1.525143e+01 3.055070e+02 0.000000e+00
    endloop
  endfacet
  facet normal 7.933533e-01 -6.087614e-01 5.637115e-16
    outer loop
      vertex   1.525143e+01 3.055070e+02 0.000000e+00
      vertex   1.547764e+01 3.058019e+02 5.000000e+00
      vertex   1.525143e+01 3.055070e+02 5.000000e+00
    endloop
  endfacet
  facet normal 9.238795e-01 -3.826834e-01 6.564559e-16
    outer loop
      vertex   1.525143e+01 3.055070e+02 0.000000e+00
      vertex   1.525143e+01 3.055070e+02 5.000000e+00
      vertex   1.510922e+01 3.051637e+02 0.000000e+00
    endloop
  endfacet
  facet normal 9.238795e-01 -3.826834e-01 0.000000e+00
    outer loop
      vertex   1.510922e+01 3.051637e+02 0.000000e+00
      vertex   1.525143e+01 3.055070e+02 5.000000e+00
      vertex   1.510922e+01 3.051637e+02 5.000000e+00
    endloop
  endfacet
  facet normal 9.914449e-01 -1.305262e-01 0.000000e+00
    outer loop
      vertex   1.510922e+01 3.051637e+02 0.000000e+00
      vertex   1.510922e+01 3.051637e+02 5.000000e+00
      vertex   1.506072e+01 3.047953e+02 0.000000e+00
    endloop
  endfacet
  facet normal 9.914449e-01 -1.305262e-01 0.000000e+00
    outer loop
      vertex   1.506072e+01 3.047953e+02 0.000000e+00
      vertex   1.510922e+01 3.051637e+02 5.000000e+00
      vertex   1.506072e+01 3.047953e+02 5.000000e+00
    endloop
  endfacet
  facet normal 9.914449e-01 1.305262e-01 -0.000000e+00
    outer loop
      vertex   1.506072e+01 3.047953e+02 0.000000e+00
      vertex   1.506072e+01 3.047953e+02 5.000000e+00
      vertex   1.510922e+01 3.044269e+02 0.000000e+00
    endloop
  endfacet
  facet normal 9.914449e-01 1.305262e-01 -0.000000e+00
    outer loop
      vertex   1.510922e+01 3.044269e+02 0.000000e+00
      vertex   1.506072e+01 3.047953e+02 5.000000e+00
      vertex   1.510922e+01 3.044269e+02 5.000000e+00
    endloop
  endfacet
  facet normal 9.238795e-01 3.826834e-01 -0.000000e+00
    outer loop
      vertex   1.510922e+01 3.044269e+02 0.000000e+00
      vertex   1.510922e+01 3.044269e+02 5.000000e+00
      vertex   1.525143e+01 3.040836e+02 0.000000e+00
    endloop
  endfacet
  facet normal 9.238795e-01 3.826834e-01 6.564559e-16
    outer loop
      vertex   1.525143e+01 3.040836e+02 0.000000e+00
      vertex   1.510922e+01 3.044269e+02 5.000000e+00
      vertex   1.525143e+01 3.040836e+02 5.000000e+00
    endloop
  endfacet
  facet normal 7.933533e-01 6.087614e-01 5.637115e-16
    outer loop
      vertex   1.525143e+01 3.040836e+02 0.000000e+00
      vertex   1.525143e+01 3.040836e+02 5.000000e+00
      vertex   1.547764e+01 3.037888e+02 0.000000e+00
    endloop
  endfacet
  facet normal 7.933533e-01 6.087614e-01 -1.691134e-15
    outer loop
      vertex   1.547764e+01 3.037888e+02 0.000000e+00
      vertex   1.525143e+01 3.040836e+02 5.000000e+00
      vertex   1.547764e+01 3.037888e+02 5.000000e+00
    endloop
  endfacet
  facet normal 6.087614e-01 7.933533e-01 -1.297653e-15
    outer loop
      vertex   1.547764e+01 3.037888e+02 0.000000e+00
      vertex   1.547764e+01 3.037888e+02 5.000000e+00
      vertex   1.577244e+01 3.035626e+02 0.000000e+00
    endloop
  endfacet
  facet normal 6.087614e-01 7.933533e-01 6.488265e-16
    outer loop
      vertex   1.577244e+01 3.035626e+02 0.000000e+00
      vertex   1.547764e+01 3.037888e+02 5.000000e+00
      vertex   1.577244e+01 3.035626e+02 5.000000e+00
    endloop
  endfacet
  facet normal 3.826834e-01 9.238795e-01 4.078694e-16
    outer loop
      vertex   1.577244e+01 3.035626e+02 0.000000e+00
      vertex   1.577244e+01 3.035626e+02 5.000000e+00
      vertex   1.611575e+01 3.034204e+02 0.000000e+00
    endloop
  endfacet
  facet normal 3.826834e-01 9.238795e-01 -2.719129e-16
    outer loop
      vertex   1.611575e+01 3.034204e+02 0.000000e+00
      vertex   1.577244e+01 3.035626e+02 5.000000e+00
      vertex   1.611575e+01 3.034204e+02 5.000000e+00
    endloop
  endfacet
  facet normal 1.305262e-01 9.914449e-01 -9.274444e-17
    outer loop
      vertex   1.611575e+01 3.034204e+02 0.000000e+00
      vertex   1.611575e+01 3.034204e+02 5.000000e+00
      vertex   1.648416e+01 3.033719e+02 0.000000e+00
    endloop
  endfacet
  facet normal 1.305262e-01 9.914449e-01 -0.000000e+00
    outer loop
      vertex   1.648416e+01 3.033719e+02 0.000000e+00
      vertex   1.611575e+01 3.034204e+02 5.000000e+00
      vertex   1.648416e+01 3.033719e+02 5.000000e+00
    endloop
  endfacet
  facet normal -1.305262e-01 9.914449e-01 0.000000e+00
    outer loop
      vertex   1.648416e+01 3.033719e+02 0.000000e+00
      vertex   1.648416e+01 3.033719e+02 5.000000e+00
      vertex   1.685258e+01 3.034204e+02 0.000000e+00
    endloop
  endfacet
  facet normal -1.305262e-01 9.914449e-01 -9.274444e-17
    outer loop
      vertex   1.685258e+01 3.034204e+02 0.000000e+00
      vertex   1.648416e+01 3.033719e+02 5.000000e+00
      vertex   1.685258e+01 3.034204e+02 5.000000e+00
    endloop
  endfacet
  facet normal -3.826834e-01 9.238795e-01 -2.719129e-16
    outer loop
      vertex   1.685258e+01 3.034204e+02 0.000000e+00
      vertex   1.685258e+01 3.034204e+02 5.000000e+00
      vertex   1.719588e+01 3.035626e+02 0.000000e+00
    endloop
  endfacet
  facet normal -3.826834e-01 9.238795e-01 2.719129e-16
    outer loop
      vertex   1.719588e+01 3.035626e+02 0.000000e+00
      vertex   1.685258e+01 3.034204e+02 5.000000e+00
      vertex   1.719588e+01 3.035626e+02 5.000000e+00
    endloop
  endfacet
  facet normal -6.087614e-01 7.933533e-01 4.325510e-16
    outer loop
      vertex   1.719588e+01 3.035626e+02 0.000000e+00
      vertex   1.719588e+01 3.035626e+02 5.000000e+00
      vertex   1.749069e+01 3.037888e+02 0.000000e+00
    endloop
  endfacet
  facet normal -6.087614e-01 7.933533e-01 -8.651020e-16
    outer loop
      vertex   1.749069e+01 3.037888e+02 0.000000e+00
      vertex   1.719588e+01 3.035626e+02 5.000000e+00
      vertex   1.749069e+01 3.037888e+02 5.000000e+00
    endloop
  endfacet
  facet normal -7.933533e-01 6.087614e-01 -1.127423e-15
    outer loop
      vertex   1.749069e+01 3.037888e+02 0.000000e+00
      vertex   1.749069e+01 3.037888e+02 5.000000e+00
      vertex   1.771690e+01 3.040836e+02 0.000000e+00
    endloop
  endfacet
  facet normal -7.933533e-01 6.087614e-01 0.000000e+00
    outer loop
      vertex   1.771690e+01 3.040836e+02 0.000000e+00
      vertex   1.749069e+01 3.037888e+02 5.000000e+00
      vertex   1.771690e+01 3.040836e+02 5.000000e+00
    endloop
  endfacet
  facet normal -9.238795e-01 3.826834e-01 0.000000e+00
    outer loop
      vertex   1.771690e+01 3.040836e+02 0.000000e+00
      vertex   1.771690e+01 3.040836e+02 5.000000e+00
      vertex   1.785910e+01 3.044269e+02 0.000000e+00
    endloop
  endfacet
  facet normal -9.238795e-01 3.826834e-01 0.000000e+00
    outer loop
      vertex   1.785910e+01 3.044269e+02 0.000000e+00
      vertex   1.771690e+01 3.040836e+02 5.000000e+00
      vertex   1.785910e+01 3.044269e+02 5.000000e+00
    endloop
  endfacet
  facet normal -9.914449e-01 -1.305262e-01 -7.044639e-16
    outer loop
      vertex   1.785910e+01 3.051637e+02 1.000000e+01
      vertex   1.785910e+01 3.051637e+02 5.000000e+00
      vertex   1.790761e+01 3.047953e+02 1.000000e+01
    endloop
  endfacet
  facet normal -9.914449e-01 -1.305262e-01 -0.000000e+00
    outer loop
      vertex   1.790761e+01 3.047953e+02 1.000000e+01
      vertex   1.785910e+01 3.051637e+02 5.000000e+00
      vertex   1.790761e+01 3.047953e+02 5.000000e+00
    endloop
  endfacet
  facet normal -9.914449e-01 1.305262e-01 0.000000e+00
    outer loop
      vertex   1.790761e+01 3.047953e+02 1.000000e+01
      vertex   1.790761e+01 3.047953e+02 5.000000e+00
      vertex   1.785910e+01 3.044269e+02 1.000000e+01
    endloop
  endfacet
  facet normal -9.914449e-01 1.305262e-01 0.000000e+00
    outer loop
      vertex   1.785910e+01 3.044269e+02 1.000000e+01
      vertex   1.790761e+01 3.047953e+02 5.000000e+00
      vertex   1.785910e+01 3.044269e+02 5.000000e+00
    endloop
  endfacet
  facet normal -9.238795e-01 3.826834e-01 0.000000e+00
    outer loop
      vertex   1.785910e+01 3.044269e+02 1.000000e+01
      vertex   1.785910e+01 3.044269e+02 5.000000e+00
      vertex   1.771690e+01 3.040836e+02 1.000000e+01
    endloop
  endfacet
  facet normal -9.238795e-01 3.826834e-01 0.000000e+00
    outer loop
      vertex   1.771690e+01 3.040836e+02 1.000000e+01
      vertex   1.785910e+01 3.044269e+02 5.000000e+00
      vertex   1.771690e+01 3.040836e+02 5.000000e+00
    endloop
  endfacet
  facet normal -7.933533e-01 6.087614e-01 0.000000e+00
    outer loop
      vertex   1.771690e+01 3.040836e+02 1.000000e+01
      vertex   1.771690e+01 3.040836e+02 5.000000e+00
      vertex   1.749069e+01 3.037888e+02 1.000000e+01
    endloop
  endfacet
  facet normal -7.933533e-01 6.087614e-01 1.127423e-15
    outer loop
      vertex   1.749069e+01 3.037888e+02 1.000000e+01
      vertex   1.771690e+01 3.040836e+02 5.000000e+00
      vertex   1.749069e+01 3.037888e+02 5.000000e+00
    endloop
  endfacet
  facet normal -6.087614e-01 7.933533e-01 8.651020e-16
    outer loop
      vertex   1.749069e+01 3.037888e+02 1.000000e+01
      vertex   1.749069e+01 3.037888e+02 5.000000e+00
      vertex   1.719588e+01 3.035626e+02 1.000000e+01
    endloop
  endfacet
  facet normal -6.087614e-01 7.933533e-01 -4.325510e-16
    outer loop
      vertex   1.719588e+01 3.035626e+02 1.000000e+01
      vertex   1.749069e+01 3.037888e+02 5.000000e+00
      vertex   1.719588e+01 3.035626e+02 5.000000e+00
    endloop
  endfacet
  facet normal -3.826834e-01 9.238795e-01 -2.719129e-16
    outer loop
      vertex   1.719588e+01 3.035626e+02 1.000000e+01
      vertex   1.719588e+01 3.035626e+02 5.000000e+00
      vertex   1.685258e+01 3.034204e+02 1.000000e+01
    endloop
  endfacet
  facet normal -3.826834e-01 9.238795e-01 2.719129e-16
    outer loop
      vertex   1.685258e+01 3.034204e+02 1.000000e+01
      vertex   1.719588e+01 3.035626e+02 5.000000e+00
      vertex   1.685258e+01 3.034204e+02 5.000000e+00
    endloop
  endfacet
  facet normal -1.305262e-01 9.914449e-01 9.274444e-17
    outer loop
      vertex   1.685258e+01 3.034204e+02 1.000000e+01
      vertex   1.685258e+01 3.034204e+02 5.000000e+00
      vertex   1.648416e+01 3.033719e+02 1.000000e+01
    endloop
  endfacet
  facet normal -1.305262e-01 9.914449e-01 0.000000e+00
    outer loop
      vertex   1.648416e+01 3.033719e+02 1.000000e+01
      vertex   1.685258e+01 3.034204e+02 5.000000e+00
      vertex   1.648416e+01 3.033719e+02 5.000000e+00
    endloop
  endfacet
  facet normal 1.305262e-01 9.914449e-01 0.000000e+00
    outer loop
      vertex   1.648416e+01 3.033719e+02 1.000000e+01
      vertex   1.648416e+01 3.033719e+02 5.000000e+00
      vertex   1.611575e+01 3.034204e+02 1.000000e+01
    endloop
  endfacet
  facet normal 1.305262e-01 9.914449e-01 9.274444e-17
    outer loop
      vertex   1.611575e+01 3.034204e+02 1.000000e+01
      vertex   1.648416e+01 3.033719e+02 5.000000e+00
      vertex   1.611575e+01 3.034204e+02 5.000000e+00
    endloop
  endfacet
  facet normal 3.826834e-01 9.238795e-01 2.719129e-16
    outer loop
      vertex   1.611575e+01 3.034204e+02 1.000000e+01
      vertex   1.611575e+01 3.034204e+02 5.000000e+00
      vertex   1.577244e+01 3.035626e+02 1.000000e+01
    endloop
  endfacet
  facet normal 3.826834e-01 9.238795e-01 -4.078694e-16
    outer loop
      vertex   1.577244e+01 3.035626e+02 1.000000e+01
      vertex   1.611575e+01 3.034204e+02 5.000000e+00
      vertex   1.577244e+01 3.035626e+02 5.000000e+00
    endloop
  endfacet
  facet normal 6.087614e-01 7.933533e-01 -6.488265e-16
    outer loop
      vertex   1.577244e+01 3.035626e+02 1.000000e+01
      vertex   1.577244e+01 3.035626e+02 5.000000e+00
      vertex   1.547764e+01 3.037888e+02 1.000000e+01
    endloop
  endfacet
  facet normal 6.087614e-01 7.933533e-01 1.297653e-15
    outer loop
      vertex   1.547764e+01 3.037888e+02 1.000000e+01
      vertex   1.577244e+01 3.035626e+02 5.000000e+00
      vertex   1.547764e+01 3.037888e+02 5.000000e+00
    endloop
  endfacet
  facet normal 7.933533e-01 6.087614e-01 1.691134e-15
    outer loop
      vertex   1.547764e+01 3.037888e+02 1.000000e+01
      vertex   1.547764e+01 3.037888e+02 5.000000e+00
      vertex   1.525143e+01 3.040836e+02 1.000000e+01
    endloop
  endfacet
  facet normal 7.933533e-01 6.087614e-01 -5.637115e-16
    outer loop
      vertex   1.525143e+01 3.040836e+02 1.000000e+01
      vertex   1.547764e+01 3.037888e+02 5.000000e+00
      vertex   1.525143e+01 3.040836e+02 5.000000e+00
    endloop
  endfacet
  facet normal 9.238795e-01 3.826834e-01 -6.564559e-16
    outer loop
      vertex   1.525143e+01 3.040836e+02 1.000000e+01
      vertex   1.525143e+01 3.040836e+02 5.000000e+00
      vertex   1.510922e+01 3.044269e+02 1.000000e+01
    endloop
  endfacet
  facet normal 9.238795e-01 3.826834e-01 0.000000e+00
    outer loop
      vertex   1.510922e+01 3.044269e+02 1.000000e+01
      vertex   1.525143e+01 3.040836e+02 5.000000e+00
      vertex   1.510922e+01 3.044269e+02 5.000000e+00
    endloop
  endfacet
  facet normal 9.914449e-01 1.305262e-01 0.000000e+00
    outer loop
      vertex   1.510922e+01 3.044269e+02 1.000000e+01
      vertex   1.510922e+01 3.044269e+02 5.000000e+00
      vertex   1.506072e+01 3.047953e+02 1.000000e+01
    endloop
  endfacet
  facet normal 9.914449e-01 1.305262e-01 0.000000e+00
    outer loop
      vertex   1.506072e+01 3.047953e+02 1.000000e+01
      vertex   1.510922e+01 3.044269e+02 5.000000e+00
      vertex   1.506072e+01 3.047953e+02 5.000000e+00
    endloop
  endfacet
  facet normal 9.914449e-01 -1.305262e-01 0.000000e+00
    outer loop
      vertex   1.506072e+01 3.047953e+02 1.000000e+01
      vertex   1.506072e+01 3.047953e+02 5.000000e+00
      vertex   1.510922e+01 3.051637e+02 1.000000e+01
    endloop
  endfacet
  facet normal 9.914449e-01 -1.305262e-01 0.000000e+00
    outer loop
      vertex   1.510922e+01 3.051637e+02 1.000000e+01
      vertex   1.506072e+01 3.047953e+02 5.000000e+00
      vertex   1.510922e+01 3.051637e+02 5.000000e+00
    endloop
  endfacet
  facet normal 9.238795e-01 -3.826834e-01 0.000000e+00
    outer loop
      vertex   1.510922e+01 3.051637e+02 1.000000e+01
      vertex   1.510922e+01 3.051637e+02 5.000000e+00
      vertex   1.525143e+01 3.055070e+02 1.000000e+01
    endloop
  endfacet
  facet normal 9.238795e-01 -3.826834e-01 -6.564559e-16
    outer loop
      vertex   1.525143e+01 3.055070e+02 1.000000e+01
      vertex   1.510922e+01 3.051637e+02 5.000000e+00
      vertex   1.525143e+01 3.055070e+02 5.000000e+00
    endloop
  endfacet
  facet normal 7.933533e-01 -6.087614e-01 -5.637115e-16
    outer loop
      vertex   1.525143e+01 3.055070e+02 1.000000e+01
      vertex   1.525143e+01 3.055070e+02 5.000000e+00
      vertex   1.547764e+01 3.058019e+02 1.000000e+01
    endloop
  endfacet
  facet normal 7.933533e-01 -6.087614e-01 -1.127423e-15
    outer loop
      vertex   1.547764e+01 3.058019e+02 1.000000e+01
      vertex   1.525143e+01 3.055070e+02 5.000000e+00
      vertex   1.547764e+01 3.058019e+02 5.000000e+00
    endloop
  endfacet
  facet normal 6.087614e-01 -7.933533e-01 -8.651020e-16
    outer loop
      vertex   1.547764e+01 3.058019e+02 1.000000e+01
      vertex   1.547764e+01 3.058019e+02 5.000000e+00
      vertex   1.577244e+01 3.060281e+02 1.000000e+01
    endloop
  endfacet
  facet normal 6.087614e-01 -7.933533e-01 -6.488265e-16
    outer loop
      vertex   1.577244e+01 3.060281e+02 1.000000e+01
      vertex   1.547764e+01 3.058019e+02 5.000000e+00
      vertex   1.577244e+01 3.060281e+02 5.000000e+00
    endloop
  endfacet
  facet normal 3.826834e-01 -9.238795e-01 -4.078694e-16
    outer loop
      vertex   1.577244e+01 3.060281e+02 1.000000e+01
      vertex   1.577244e+01 3.060281e+02 5.000000e+00
      vertex   1.611575e+01 3.061703e+02 1.000000e+01
    endloop
  endfacet
  facet normal 3.826834e-01 -9.238795e-01 2.719129e-16
    outer loop
      vertex   1.611575e+01 3.061703e+02 1.000000e+01
      vertex   1.577244e+01 3.060281e+02 5.000000e+00
      vertex   1.611575e+01 3.061703e+02 5.000000e+00
    endloop
  endfacet
  facet normal 1.305262e-01 -9.914449e-01 9.274444e-17
    outer loop
      vertex   1.611575e+01 3.061703e+02 1.000000e+01
      vertex   1.611575e+01 3.061703e+02 5.000000e+00
      vertex   1.648416e+01 3.062188e+02 1.000000e+01
    endloop
  endfacet
  facet normal 1.305262e-01 -9.914449e-01 0.000000e+00
    outer loop
      vertex   1.648416e+01 3.062188e+02 1.000000e+01
      vertex   1.611575e+01 3.061703e+02 5.000000e+00
      vertex   1.648416e+01 3.062188e+02 5.000000e+00
    endloop
  endfacet
  facet normal -1.305262e-01 -9.914449e-01 -0.000000e+00
    outer loop
      vertex   1.648416e+01 3.062188e+02 1.000000e+01
      vertex   1.648416e+01 3.062188e+02 5.000000e+00
      vertex   1.685258e+01 3.061703e+02 1.000000e+01
    endloop
  endfacet
  facet normal -1.305262e-01 -9.914449e-01 9.274444e-17
    outer loop
      vertex   1.685258e+01 3.061703e+02 1.000000e+01
      vertex   1.648416e+01 3.062188e+02 5.000000e+00
      vertex   1.685258e+01 3.061703e+02 5.000000e+00
    endloop
  endfacet
  facet normal -3.826834e-01 -9.238795e-01 2.719129e-16
    outer loop
      vertex   1.685258e+01 3.061703e+02 1.000000e+01
      vertex   1.685258e+01 3.061703e+02 5.000000e+00
      vertex   1.719588e+01 3.060281e+02 1.000000e+01
    endloop
  endfacet
  facet normal -3.826834e-01 -9.238795e-01 -2.719129e-16
    outer loop
      vertex   1.719588e+01 3.060281e+02 1.000000e+01
      vertex   1.685258e+01 3.061703e+02 5.000000e+00
      vertex   1.719588e+01 3.060281e+02 5.000000e+00
    endloop
  endfacet
  facet normal -6.087614e-01 -7.933533e-01 -4.325510e-16
    outer loop
      vertex   1.719588e+01 3.060281e+02 1.000000e+01
      vertex   1.719588e+01 3.060281e+02 5.000000e+00
      vertex   1.749069e+01 3.058019e+02 1.000000e+01
    endloop
  endfacet
  facet normal -6.087614e-01 -7.933533e-01 8.651020e-16
    outer loop
      vertex   1.749069e+01 3.058019e+02 1.000000e+01
      vertex   1.719588e+01 3.060281e+02 5.000000e+00
      vertex   1.749069e+01 3.058019e+02 5.000000e+00
    endloop
  endfacet
  facet normal -7.933533e-01 -6.087614e-01 1.127423e-15
    outer loop
      vertex   1.749069e+01 3.058019e+02 1.000000e+01
      vertex   1.749069e+01 3.058019e+02 5.000000e+00
      vertex   1.771690e+01 3.055070e+02 1.000000e+01
    endloop
  endfacet
  facet normal -7.933533e-01 -6.087614e-01 -0.000000e+00
    outer loop
      vertex   1.771690e+01 3.055070e+02 1.000000e+01
      vertex   1.749069e+01 3.058019e+02 5.000000e+00
      vertex   1.771690e+01 3.055070e+02 5.000000e+00
    endloop
  endfacet
  facet normal -9.238795e-01 -3.826834e-01 -0.000000e+00
    outer loop
      vertex   1.771690e+01 3.055070e+02 1.000000e+01
      vertex   1.771690e+01 3.055070e+02 5.000000e+00
      vertex   1.785910e+01 3.051637e+02 1.000000e+01
    endloop
  endfacet
  facet normal -9.238795e-01 -3.826834e-01 -6.564559e-16
    outer loop
      vertex   1.785910e+01 3.051637e+02 1.000000e+01
      vertex   1.771690e+01 3.055070e+02 5.000000e+00
      vertex   1.785910e+01 3.051637e+02 5.000000e+00
    endloop
  endfacet
  facet normal 9.914449e-01 -1.305262e-01 0.000000e+00
    outer loop
      vertex   1.841602e+01 3.042777e+02 1.000000e+01
      vertex   1.841602e+01 3.042777e+02 5.000000e+00
      vertex   1.848416e+01 3.047953e+02 1.000000e+01
    endloop
  endfacet
  facet normal 9.914449e-01 -1.305262e-01 0.000000e+00
    outer loop
      vertex   1.848416e+01 3.047953e+02 1.000000e+01
      vertex   1.841602e+01 3.042777e+02 5.000000e+00
      vertex   1.848416e+01 3.047953e+02 5.000000e+00
    endloop
  endfacet
  facet normal 9.914449e-01 1.305262e-01 0.000000e+00
    outer loop
      vertex   1.848416e+01 3.047953e+02 1.000000e+01
      vertex   1.848416e+01 3.047953e+02 5.000000e+00
      vertex   1.841602e+01 3.053130e+02 1.000000e+01
    endloop
  endfacet
  facet normal 9.914449e-01 1.305262e-01 0.000000e+00
    outer loop
      vertex   1.841602e+01 3.053130e+02 1.000000e+01
      vertex   1.848416e+01 3.047953e+02 5.000000e+00
      vertex   1.841602e+01 3.053130e+02 5.000000e+00
    endloop
  endfacet
  facet normal 9.238795e-01 3.826834e-01 0.000000e+00
    outer loop
      vertex   1.841602e+01 3.053130e+02 1.000000e+01
      vertex   1.841602e+01 3.053130e+02 5.000000e+00
      vertex   1.821621e+01 3.057953e+02 1.000000e+01
    endloop
  endfacet
  facet normal 9.238795e-01 3.826834e-01 0.000000e+00
    outer loop
      vertex   1.821621e+01 3.057953e+02 1.000000e+01
      vertex   1.841602e+01 3.053130e+02 5.000000e+00
      vertex   1.821621e+01 3.057953e+02 5.000000e+00
    endloop
  endfacet
  facet normal 7.933533e-01 6.087614e-01 0.000000e+00
    outer loop
      vertex   1.821621e+01 3.057953e+02 1.000000e+01
      vertex   1.821621e+01 3.057953e+02 5.000000e+00
      vertex   1.789838e+01 3.062095e+02 1.000000e+01
    endloop
  endfacet
  facet normal 7.933533e-01 6.087614e-01 0.000000e+00
    outer loop
      vertex   1.789838e+01 3.062095e+02 1.000000e+01
      vertex   1.821621e+01 3.057953e+02 5.000000e+00
      vertex   1.789838e+01 3.062095e+02 5.000000e+00
    endloop
  endfacet
  facet normal 6.087614e-01 7.933533e-01 0.000000e+00
    outer loop
      vertex   1.789838e+01 3.062095e+02 1.000000e+01
      vertex   1.789838e+01 3.062095e+02 5.000000e+00
      vertex   1.748416e+01 3.065274e+02 1.000000e+01
    endloop
  endfacet
  facet normal 6.087614e-01 7.933533e-01 0.000000e+00
    outer loop
      vertex   1.748416e+01 3.065274e+02 1.000000e+01
      vertex   1.789838e+01 3.062095e+02 5.000000e+00
      vertex   1.748416e+01 3.065274e+02 5.000000e+00
    endloop
  endfacet
  facet normal 3.826834e-01 9.238795e-01 0.000000e+00
    outer loop
      vertex   1.748416e+01 3.065274e+02 1.000000e+01
      vertex   1.748416e+01 3.065274e+02 5.000000e+00
      vertex   1.700180e+01 3.067272e+02 1.000000e+01
    endloop
  endfacet
  facet normal 3.826834e-01 9.238795e-01 0.000000e+00
    outer loop
      vertex   1.700180e+01 3.067272e+02 1.000000e+01
      vertex   1.748416e+01 3.065274e+02 5.000000e+00
      vertex   1.700180e+01 3.067272e+02 5.000000e+00
    endloop
  endfacet
  facet normal 1.305262e-01 9.914449e-01 0.000000e+00
    outer loop
      vertex   1.700180e+01 3.067272e+02 1.000000e+01
      vertex   1.700180e+01 3.067272e+02 5.000000e+00
      vertex   1.648416e+01 3.067953e+02 1.000000e+01
    endloop
  endfacet
  facet normal 1.305262e-01 9.914449e-01 0.000000e+00
    outer loop
      vertex   1.648416e+01 3.067953e+02 1.000000e+01
      vertex   1.700180e+01 3.067272e+02 5.000000e+00
      vertex   1.648416e+01 3.067953e+02 5.000000e+00
    endloop
  endfacet
  facet normal -1.305262e-01 9.914449e-01 0.000000e+00
    outer loop
      vertex   1.648416e+01 3.067953e+02 1.000000e+01
      vertex   1.648416e+01 3.067953e+02 5.000000e+00
      vertex   1.596653e+01 3.067272e+02 1.000000e+01
    endloop
  endfacet
  facet normal -1.305262e-01 9.914449e-01 9.274444e-17
    outer loop
      vertex   1.596653e+01 3.067272e+02 1.000000e+01
      vertex   1.648416e+01 3.067953e+02 5.000000e+00
      vertex   1.596653e+01 3.067272e+02 5.000000e+00
    endloop
  endfacet
  facet normal -3.826834e-01 9.238795e-01 2.719129e-16
    outer loop
      vertex   1.596653e+01 3.067272e+02 1.000000e+01
      vertex   1.596653e+01 3.067272e+02 5.000000e+00
      vertex   1.548416e+01 3.065274e+02 1.000000e+01
    endloop
  endfacet
  facet normal -3.826834e-01 9.238795e-01 1.359565e-16
    outer loop
      vertex   1.548416e+01 3.065274e+02 1.000000e+01
      vertex   1.596653e+01 3.067272e+02 5.000000e+00
      vertex   1.548416e+01 3.065274e+02 5.000000e+00
    endloop
  endfacet
  facet normal -6.087614e-01 7.933533e-01 2.162755e-16
    outer loop
      vertex   1.548416e+01 3.065274e+02 1.000000e+01
      vertex   1.548416e+01 3.065274e+02 5.000000e+00
      vertex   1.506995e+01 3.062095e+02 1.000000e+01
    endloop
  endfacet
  facet normal -6.087614e-01 7.933533e-01 0.000000e+00
    outer loop
      vertex   1.506995e+01 3.062095e+02 1.000000e+01
      vertex   1.548416e+01 3.065274e+02 5.000000e+00
      vertex   1.506995e+01 3.062095e+02 5.000000e+00
    endloop
  endfacet
  facet normal -7.933533e-01 6.087614e-01 0.000000e+00
    outer loop
      vertex   1.506995e+01 3.062095e+02 1.000000e+01
      vertex   1.506995e+01 3.062095e+02 5.000000e+00
      vertex   1.475211e+01 3.057953e+02 1.000000e+01
    endloop
  endfacet
  facet normal -7.933533e-01 6.087614e-01 0.000000e+00
    outer loop
      vertex   1.475211e+01 3.057953e+02 1.000000e+01
      vertex   1.506995e+01 3.062095e+02 5.000000e+00
      vertex   1.475211e+01 3.057953e+02 5.000000e+00
    endloop
  endfacet
  facet normal -9.238795e-01 3.826834e-01 0.000000e+00
    outer loop
      vertex   1.475211e+01 3.057953e+02 1.000000e+01
      vertex   1.475211e+01 3.057953e+02 5.000000e+00
      vertex   1.455231e+01 3.053130e+02 1.000000e+01
    endloop
  endfacet
  facet normal -9.238795e-01 3.826834e-01 0.000000e+00
    outer loop
      vertex   1.455231e+01 3.053130e+02 1.000000e+01
      vertex   1.475211e+01 3.057953e+02 5.000000e+00
      vertex   1.455231e+01 3.053130e+02 5.000000e+00
    endloop
  endfacet
  facet normal -9.914449e-01 1.305262e-01 0.000000e+00
    outer loop
      vertex   1.455231e+01 3.053130e+02 1.000000e+01
      vertex   1.455231e+01 3.053130e+02 5.000000e+00
      vertex   1.448416e+01 3.047953e+02 1.000000e+01
    endloop
  endfacet
  facet normal -9.914449e-01 1.305262e-01 0.000000e+00
    outer loop
      vertex   1.448416e+01 3.047953e+02 1.000000e+01
      vertex   1.455231e+01 3.053130e+02 5.000000e+00
      vertex   1.448416e+01 3.047953e+02 5.000000e+00
    endloop
  endfacet
  facet normal -9.914449e-01 -1.305262e-01 -0.000000e+00
    outer loop
      vertex   1.448416e+01 3.047953e+02 1.000000e+01
      vertex   1.448416e+01 3.047953e+02 5.000000e+00
      vertex   1.455231e+01 3.042777e+02 1.000000e+01
    endloop
  endfacet
  facet normal -9.914449e-01 -1.305262e-01 -0.000000e+00
    outer loop
      vertex   1.455231e+01 3.042777e+02 1.000000e+01
      vertex   1.448416e+01 3.047953e+02 5.000000e+00
      vertex   1.455231e+01 3.042777e+02 5.000000e+00
    endloop
  endfacet
  facet normal -9.238795e-01 -3.826834e-01 -0.000000e+00
    outer loop
      vertex   1.455231e+01 3.042777e+02 1.000000e+01
      vertex   1.455231e+01 3.042777e+02 5.000000e+00
      vertex   1.475211e+01 3.037953e+02 1.000000e+01
    endloop
  endfacet
  facet normal -9.238795e-01 -3.826834e-01 -0.000000e+00
    outer loop
      vertex   1.475211e+01 3.037953e+02 1.000000e+01
      vertex   1.455231e+01 3.042777e+02 5.000000e+00
      vertex   1.475211e+01 3.037953e+02 5.000000e+00
    endloop
  endfacet
  facet normal -7.933533e-01 -6.087614e-01 -0.000000e+00
    outer loop
      vertex   1.475211e+01 3.037953e+02 1.000000e+01
      vertex   1.475211e+01 3.037953e+02 5.000000e+00
      vertex   1.506995e+01 3.033811e+02 1.000000e+01
    endloop
  endfacet
  facet normal -7.933533e-01 -6.087614e-01 -0.000000e+00
    outer loop
      vertex   1.506995e+01 3.033811e+02 1.000000e+01
      vertex   1.475211e+01 3.037953e+02 5.000000e+00
      vertex   1.506995e+01 3.033811e+02 5.000000e+00
    endloop
  endfacet
  facet normal -6.087614e-01 -7.933533e-01 -0.000000e+00
    outer loop
      vertex   1.506995e+01 3.033811e+02 1.000000e+01
      vertex   1.506995e+01 3.033811e+02 5.000000e+00
      vertex   1.548416e+01 3.030633e+02 1.000000e+01
    endloop
  endfacet
  facet normal -6.087614e-01 -7.933533e-01 -2.162755e-16
    outer loop
      vertex   1.548416e+01 3.030633e+02 1.000000e+01
      vertex   1.506995e+01 3.033811e+02 5.000000e+00
      vertex   1.548416e+01 3.030633e+02 5.000000e+00
    endloop
  endfacet
  facet normal -3.826834e-01 -9.238795e-01 -1.359565e-16
    outer loop
      vertex   1.548416e+01 3.030633e+02 1.000000e+01
      vertex   1.548416e+01 3.030633e+02 5.000000e+00
      vertex   1.596653e+01 3.028635e+02 1.000000e+01
    endloop
  endfacet
  facet normal -3.826834e-01 -9.238795e-01 -2.719129e-16
    outer loop
      vertex   1.596653e+01 3.028635e+02 1.000000e+01
      vertex   1.548416e+01 3.030633e+02 5.000000e+00
      vertex   1.596653e+01 3.028635e+02 5.000000e+00
    endloop
  endfacet
  facet normal -1.305262e-01 -9.914449e-01 -9.274444e-17
    outer loop
      vertex   1.596653e+01 3.028635e+02 1.000000e+01
      vertex   1.596653e+01 3.028635e+02 5.000000e+00
      vertex   1.648416e+01 3.027953e+02 1.000000e+01
    endloop
  endfacet
  facet normal -1.305262e-01 -9.914449e-01 -0.000000e+00
    outer loop
      vertex   1.648416e+01 3.027953e+02 1.000000e+01
      vertex   1.596653e+01 3.028635e+02 5.000000e+00
      vertex   1.648416e+01 3.027953e+02 5.000000e+00
    endloop
  endfacet
  facet normal 1.305262e-01 -9.914449e-01 0.000000e+00
    outer loop
      vertex   1.648416e+01 3.027953e+02 1.000000e+01
      vertex   1.648416e+01 3.027953e+02 5.000000e+00
      vertex   1.700180e+01 3.028635e+02 1.000000e+01
    endloop
  endfacet
  facet normal 1.305262e-01 -9.914449e-01 0.000000e+00
    outer loop
      vertex   1.700180e+01 3.028635e+02 1.000000e+01
      vertex   1.648416e+01 3.027953e+02 5.000000e+00
      vertex   1.700180e+01 3.028635e+02 5.000000e+00
    endloop
  endfacet
  facet normal 3.826834e-01 -9.238795e-01 0.000000e+00
    outer loop
      vertex   1.700180e+01 3.028635e+02 1.000000e+01
      vertex   1.700180e+01 3.028635e+02 5.000000e+00
      vertex   1.748416e+01 3.030633e+02 1.000000e+01
    endloop
  endfacet
  facet normal 3.826834e-01 -9.238795e-01 0.000000e+00
    outer loop
      vertex   1.748416e+01 3.030633e+02 1.000000e+01
      vertex   1.700180e+01 3.028635e+02 5.000000e+00
      vertex   1.748416e+01 3.030633e+02 5.000000e+00
    endloop
  endfacet
  facet normal 6.087614e-01 -7.933533e-01 0.000000e+00
    outer loop
      vertex   1.748416e+01 3.030633e+02 1.000000e+01
      vertex   1.748416e+01 3.030633e+02 5.000000e+00
      vertex   1.789838e+01 3.033811e+02 1.000000e+01
    endloop
  endfacet
  facet normal 6.087614e-01 -7.933533e-01 0.000000e+00
    outer loop
      vertex   1.789838e+01 3.033811e+02 1.000000e+01
      vertex   1.748416e+01 3.030633e+02 5.000000e+00
      vertex   1.789838e+01 3.033811e+02 5.000000e+00
    endloop
  endfacet
  facet normal 7.933533e-01 -6.087614e-01 0.000000e+00
    outer loop
      vertex   1.789838e+01 3.033811e+02 1.000000e+01
      vertex   1.789838e+01 3.033811e+02 5.000000e+00
      vertex   1.821621e+01 3.037953e+02 1.000000e+01
    endloop
  endfacet
  facet normal 7.933533e-01 -6.087614e-01 0.000000e+00
    outer loop
      vertex   1.821621e+01 3.037953e+02 1.000000e+01
      vertex   1.789838e+01 3.033811e+02 5.000000e+00
      vertex   1.821621e+01 3.037953e+02 5.000000e+00
    endloop
  endfacet
  facet normal 9.238795e-01 -3.826834e-01 0.000000e+00
    outer loop
      vertex   1.821621e+01 3.037953e+02 1.000000e+01
      vertex   1.821621e+01 3.037953e+02 5.000000e+00
      vertex   1.841602e+01 3.042777e+02 1.000000e+01
    endloop
  endfacet
  facet normal 9.238795e-01 -3.826834e-01 0.000000e+00
    outer loop
      vertex   1.841602e+01 3.042777e+02 1.000000e+01
      vertex   1.821621e+01 3.037953e+02 5.000000e+00
      vertex   1.841602e+01 3.042777e+02 5.000000e+00
    endloop
  endfacet
  facet normal 0.000000e+00 0.000000e+00 1.000000e+00
    outer loop
      vertex   1.785910e+01 3.051637e+02 1.000000e+01
      vertex   1.790761e+01 3.047953e+02 1.000000e+01
      vertex   1.848416e+01 3.047953e+02 1.000000e+01
    endloop
  endfacet
  facet normal 0.000000e+00 0.000000e+00 1.000000e+00
    outer loop
      vertex   1.848416e+01 3.047953e+02 1.000000e+01
      vertex   1.790761e+01 3.047953e+02 1.000000e+01
      vertex   1.785910e+01 3.044269e+02 1.000000e+01
    endloop
  endfacet
  facet normal 0.000000e+00 0.000000e+00 1.000000e+00
    outer loop
      vertex   1.848416e+01 3.047953e+02 1.000000e+01
      vertex   1.785910e+01 3.044269e+02 1.000000e+01
      vertex   1.841602e+01 3.042777e+02 1.000000e+01
    endloop
  endfacet
  facet normal 0.000000e+00 0.000000e+00 1.000000e+00
    outer loop
      vertex   1.841602e+01 3.042777e+02 1.000000e+01
      vertex   1.785910e+01 3.044269e+02 1.000000e+01
      vertex   1.771690e+01 3.040836e+02 1.000000e+01
    endloop
  endfacet
  facet normal 0.000000e+00 0.000000e+00 1.000000e+00
    outer loop
      vertex   1.841602e+01 3.042777e+02 1.000000e+01
      vertex   1.771690e+01 3.040836e+02 1.000000e+01
      vertex   1.821621e+01 3.037953e+02 1.000000e+01
    endloop
  endfacet
  facet normal 0.000000e+00 0.000000e+00 1.000000e+00
    outer loop
      vertex   1.821621e+01 3.037953e+02 1.000000e+01
      vertex   1.771690e+01 3.040836e+02 1.000000e+01
      vertex   1.749069e+01 3.037888e+02 1.000000e+01
    endloop
  endfacet
  facet normal 0.000000e+00 0.000000e+00 1.000000e+00
    outer loop
      vertex   1.821621e+01 3.037953e+02 1.000000e+01
      vertex   1.749069e+01 3.037888e+02 1.000000e+01
      vertex   1.789838e+01 3.033811e+02 1.000000e+01
    endloop
  endfacet
  facet normal 0.000000e+00 0.000000e+00 1.000000e+00
    outer loop
      vertex   1.789838e+01 3.033811e+02 1.000000e+01
      vertex   1.749069e+01 3.037888e+02 1.000000e+01
      vertex   1.719588e+01 3.035626e+02 1.000000e+01
    endloop
  endfacet
  facet normal 0.000000e+00 0.000000e+00 1.000000e+00
    outer loop
      vertex   1.789838e+01 3.033811e+02 1.000000e+01
      vertex   1.719588e+01 3.035626e+02 1.000000e+01
      vertex   1.748416e+01 3.030633e+02 1.000000e+01
    endloop
  endfacet
  facet normal 0.000000e+00 0.000000e+00 1.000000e+00
    outer loop
      vertex   1.748416e+01 3.030633e+02 1.000000e+01
      vertex   1.719588e+01 3.035626e+02 1.000000e+01
      vertex   1.685258e+01 3.034204e+02 1.000000e+01
    endloop
  endfacet
  facet normal 0.000000e+00 0.000000e+00 1.000000e+00
    outer loop
      vertex   1.748416e+01 3.030633e+02 1.000000e+01
      vertex   1.685258e+01 3.034204e+02 1.000000e+01
      vertex   1.700180e+01 3.028635e+02 1.000000e+01
    endloop
  endfacet
  facet normal 0.000000e+00 0.000000e+00 1.000000e+00
    outer loop
      vertex   1.700180e+01 3.028635e+02 1.000000e+01
      vertex   1.685258e+01 3.034204e+02 1.000000e+01
      vertex   1.648416e+01 3.033719e+02 1.000000e+01
    endloop
  endfacet
  facet normal 0.000000e+00 0.000000e+00 1.000000e+00
    outer loop
      vertex   1.700180e+01 3.028635e+02 1.000000e+01
      vertex   1.648416e+01 3.033719e+02 1.000000e+01
      vertex   1.648416e+01 3.027953e+02 1.000000e+01
    endloop
  endfacet
  facet normal 0.000000e+00 -0.000000e+00 1.000000e+00
    outer loop
      vertex   1.648416e+01 3.027953e+02 1.000000e+01
      vertex   1.648416e+01 3.033719e+02 1.000000e+01
      vertex   1.596653e+01 3.028635e+02 1.000000e+01
    endloop
  endfacet
  facet normal 0.000000e+00 0.000000e+00 1.000000e+00
    outer loop
      vertex   1.596653e+01 3.028635e+02 1.000000e+01
      vertex   1.648416e+01 3.033719e+02 1.000000e+01
      vertex   1.611575e+01 3.034204e+02 1.000000e+01
    endloop
  endfacet
  facet normal 0.000000e+00 -0.000000e+00 1.000000e+00
    outer loop
      vertex   1.596653e+01 3.028635e+02 1.000000e+01
      vertex   1.611575e+01 3.034204e+02 1.000000e+01
      vertex   1.548416e+01 3.030633e+02 1.000000e+01
    endloop
  endfacet
  facet normal 0.000000e+00 0.000000e+00 1.000000e+00
    outer loop
      vertex   1.548416e+01 3.030633e+02 1.000000e+01
      vertex   1.611575e+01 3.034204e+02 1.000000e+01
      vertex   1.577244e+01 3.035626e+02 1.000000e+01
    endloop
  endfacet
  facet normal 0.000000e+00 -0.000000e+00 1.000000e+00
    outer loop
      vertex   1.548416e+01 3.030633e+02 1.000000e+01
      vertex   1.577244e+01 3.035626e+02 1.000000e+01
      vertex   1.506995e+01 3.033811e+02 1.000000e+01
    endloop
  endfacet
  facet normal 0.000000e+00 0.000000e+00 1.000000e+00
    outer loop
      vertex   1.506995e+01 3.033811e+02 1.000000e+01
      vertex   1.577244e+01 3.035626e+02 1.000000e+01
      vertex   1.547764e+01 3.037888e+02 1.000000e+01
    endloop
  endfacet
  facet normal 0.000000e+00 -0.000000e+00 1.000000e+00
    outer loop
      vertex   1.506995e+01 3.033811e+02 1.000000e+01
      vertex   1.547764e+01 3.037888e+02 1.000000e+01
      vertex   1.475211e+01 3.037953e+02 1.000000e+01
    endloop
  endfacet
  facet normal -0.000000e+00 0.000000e+00 1.000000e+00
    outer loop
      vertex   1.475211e+01 3.037953e+02 1.000000e+01
      vertex   1.547764e+01 3.037888e+02 1.000000e+01
      vertex   1.525143e+01 3.040836e+02 1.000000e+01
    endloop
  endfacet
  facet normal 0.000000e+00 -0.000000e+00 1.000000e+00
    outer loop
      vertex   1.475211e+01 3.037953e+02 1.000000e+01
      vertex   1.525143e+01 3.040836e+02 1.000000e+01
      vertex   1.455231e+01 3.042777e+02 1.000000e+01
    endloop
  endfacet
  facet normal -0.000000e+00 0.000000e+00 1.000000e+00
    outer loop
      vertex   1.455231e+01 3.042777e+02 1.000000e+01
      vertex   1.525143e+01 3.040836e+02 1.000000e+01
      vertex   1.510922e+01 3.044269e+02 1.000000e+01
    endloop
  endfacet
  facet normal 0.000000e+00 -0.000000e+00 1.000000e+00
    outer loop
      vertex   1.455231e+01 3.042777e+02 1.000000e+01
      vertex   1.510922e+01 3.044269e+02 1.000000e+01
      vertex   1.448416e+01 3.047953e+02 1.000000e+01
    endloop
  endfacet
  facet normal -0.000000e+00 0.000000e+00 1.000000e+00
    outer loop
      vertex   1.448416e+01 3.047953e+02 1.000000e+01
      vertex   1.510922e+01 3.044269e+02 1.000000e+01
      vertex   1.506072e+01 3.047953e+02 1.000000e+01
    endloop
  endfacet
  facet normal 0.000000e+00 0.000000e+00 1.000000e+00
    outer loop
      vertex   1.448416e+01 3.047953e+02 1.000000e+01
      vertex   1.506072e+01 3.047953e+02 1.000000e+01
      vertex   1.455231e+01 3.053130e+02 1.000000e+01
    endloop
  endfacet
  facet normal 0.000000e+00 0.000000e+00 1.000000e+00
    outer loop
      vertex   1.455231e+01 3.053130e+02 1.000000e+01
      vertex   1.506072e+01 3.047953e+02 1.000000e+01
      vertex   1.510922e+01 3.051637e+02 1.000000e+01
    endloop
  endfacet
  facet normal -0.000000e+00 0.000000e+00 1.000000e+00
    outer loop
      vertex   1.455231e+01 3.053130e+02 1.000000e+01
      vertex   1.510922e+01 3.051637e+02 1.000000e+01
      vertex   1.525143e+01 3.055070e+02 1.000000e+01
    endloop
  endfacet
  facet normal 0.000000e+00 0.000000e+00 1.000000e+00
    outer loop
      vertex   1.455231e+01 3.053130e+02 1.000000e+01
      vertex   1.525143e+01 3.055070e+02 1.000000e+01
      vertex   1.475211e+01 3.057953e+02 1.000000e+01
    endloop
  endfacet
  facet normal -0.000000e+00 0.000000e+00 1.000000e+00
    outer loop
      vertex   1.475211e+01 3.057953e+02 1.000000e+01
      vertex   1.525143e+01 3.055070e+02 1.000000e+01
      vertex   1.547764e+01 3.058019e+02 1.000000e+01
    endloop
  endfacet
  facet normal 0.000000e+00 0.000000e+00 1.000000e+00
    outer loop
      vertex   1.475211e+01 3.057953e+02 1.000000e+01
      vertex   1.547764e+01 3.058019e+02 1.000000e+01
      vertex   1.506995e+01 3.062095e+02 1.000000e+01
    endloop
  endfacet
  facet normal 0.000000e+00 0.000000e+00 1.000000e+00
    outer loop
      vertex   1.506995e+01 3.062095e+02 1.000000e+01
      vertex   1.547764e+01 3.058019e+02 1.000000e+01
      vertex   1.577244e+01 3.060281e+02 1.000000e+01
    endloop
  endfacet
  facet normal -0.000000e+00 0.000000e+00 1.000000e+00
    outer loop
      vertex   1.506995e+01 3.062095e+02 1.000000e+01
      vertex   1.577244e+01 3.060281e+02 1.000000e+01
      vertex   1.548416e+01 3.065274e+02 1.000000e+01
    endloop
  endfacet
  facet normal 0.000000e+00 0.000000e+00 1.000000e+00
    outer loop
      vertex   1.548416e+01 3.065274e+02 1.000000e+01
      vertex   1.577244e+01 3.060281e+02 1.000000e+01
      vertex   1.611575e+01 3.061703e+02 1.000000e+01
    endloop
  endfacet
  facet normal -0.000000e+00 0.000000e+00 1.000000e+00
    outer loop
      vertex   1.548416e+01 3.065274e+02 1.000000e+01
      vertex   1.611575e+01 3.061703e+02 1.000000e+01
      vertex   1.596653e+01 3.067272e+02 1.000000e+01
    endloop
  endfacet
  facet normal 0.000000e+00 0.000000e+00 1.000000e+00
    outer loop
      vertex   1.596653e+01 3.067272e+02 1.000000e+01
      vertex   1.611575e+01 3.061703e+02 1.000000e+01
      vertex   1.648416e+01 3.062188e+02 1.000000e+01
    endloop
  endfacet
  facet normal -0.000000e+00 0.000000e+00 1.000000e+00
    outer loop
      vertex   1.596653e+01 3.067272e+02 1.000000e+01
      vertex   1.648416e+01 3.062188e+02 1.000000e+01
      vertex   1.648416e+01 3.067953e+02 1.000000e+01
    endloop
  endfacet
  facet normal 0.000000e+00 0.000000e+00 1.000000e+00
    outer loop
      vertex   1.648416e+01 3.067953e+02 1.000000e+01
      vertex   1.648416e+01 3.062188e+02 1.000000e+01
      vertex   1.700180e+01 3.067272e+02 1.000000e+01
    endloop
  endfacet
  facet normal 0.000000e+00 0.000000e+00 1.000000e+00
    outer loop
      vertex   1.700180e+01 3.067272e+02 1.000000e+01
      vertex   1.648416e+01 3.062188e+02 1.000000e+01
      vertex   1.685258e+01 3.061703e+02 1.000000e+01
    endloop
  endfacet
  facet normal 0.000000e+00 0.000000e+00 1.000000e+00
    outer loop
      vertex   1.700180e+01 3.067272e+02 1.000000e+01
      vertex   1.685258e+01 3.061703e+02 1.000000e+01
      vertex   1.748416e+01 3.065274e+02 1.000000e+01
    endloop
  endfacet
  facet normal 0.000000e+00 0.000000e+00 1.000000e+00
    outer loop
      vertex   1.748416e+01 3.065274e+02 1.000000e+01
      vertex   1.685258e+01 3.061703e+02 1.000000e+01
      vertex   1.719588e+01 3.060281e+02 1.000000e+01
    endloop
  endfacet
  facet normal 0.000000e+00 0.000000e+00 1.000000e+00
    outer loop
      vertex   1.748416e+01 3.065274e+02 1.000000e+01
      vertex   1.719588e+01 3.060281e+02 1.000000e+01
      vertex   1.789838e+01 3.062095e+02 1.000000e+01
    endloop
  endfacet
  facet normal 0.000000e+00 0.000000e+00 1.000000e+00
    outer loop
      vertex   1.789838e+01 3.062095e+02 1.000000e+01
      vertex   1.719588e+01 3.060281e+02 1.000000e+01
      vertex   1.749069e+01 3.058019e+02 1.000000e+01
    endloop
  endfacet
  facet normal 0.000000e+00 0.000000e+00 1.000000e+00
    outer loop
      vertex   1.789838e+01 3.062095e+02 1.000000e+01
      vertex   1.749069e+01 3.058019e+02 1.000000e+01
      vertex   1.821621e+01 3.057953e+02 1.000000e+01
    endloop
  endfacet
  facet normal 0.000000e+00 0.000000e+00 1.000000e+00
    outer loop
      vertex   1.821621e+01 3.057953e+02 1.000000e+01
      vertex   1.749069e+01 3.058019e+02 1.000000e+01
      vertex   1.771690e+01 3.055070e+02 1.000000e+01
    endloop
  endfacet
  facet normal 0.000000e+00 0.000000e+00 1.000000e+00
    outer loop
      vertex   1.821621e+01 3.057953e+02 1.000000e+01
      vertex   1.771690e+01 3.055070e+02 1.000000e+01
      vertex   1.841602e+01 3.053130e+02 1.000000e+01
    endloop
  endfacet
  facet normal 0.000000e+00 0.000000e+00 1.000000e+00
    outer loop
      vertex   1.841602e+01 3.053130e+02 1.000000e+01
      vertex   1.771690e+01 3.055070e+02 1.000000e+01
      vertex   1.785910e+01 3.051637e+02 1.000000e+01
    endloop
  endfacet
  facet normal 0.000000e+00 0.000000e+00 1.000000e+00
    outer loop
      vertex   1.841602e+01 3.053130e+02 1.000000e+01
      vertex   1.785910e+01 3.051637e+02 1.000000e+01
      vertex   1.848416e+01 3.047953e+02 1.000000e+01
    endloop
  endfacet
  facet normal -9.914449e-01 1.305262e-01 1.408928e-15
    outer loop
      vertex   4.113919e+01 3.548984e+02 0.000000e+00
      vertex   4.113919e+01 3.548984e+02 5.000000e+00
      vertex   4.118768e+01 3.552668e+02 0.000000e+00
    endloop
  endfacet
  facet normal -9.914449e-01 1.305262e-01 0.000000e+00
    outer loop
      vertex   4.118768e+01 3.552668e+02 0.000000e+00
      vertex   4.113919e+01 3.548984e+02 5.000000e+00
      vertex   4.118768e+01 3.552668e+02 5.000000e+00
    endloop
  endfacet
  facet normal -9.914449e-01 -1.305262e-01 0.000000e+00
    outer loop
      vertex   4.118768e+01 3.552668e+02 0.000000e+00
      vertex   4.118768e+01 3.552668e+02 5.000000e+00
      vertex   4.113919e+01 3.556351e+02 0.000000e+00
    endloop
  endfacet
  facet normal -9.914449e-01 -1.305262e-01 1.408928e-15
    outer loop
      vertex   4.113919e+01 3.556351e+02 0.000000e+00
      vertex   4.118768e+01 3.552668e+02 5.000000e+00
      vertex   4.113919e+01 3.556351e+02 5.000000e+00
    endloop
  endfacet
  facet normal -9.238795e-01 -3.826834e-01 1.312912e-15
    outer loop
      vertex   4.113919e+01 3.556351e+02 0.000000e+00
      vertex   4.113919e+01 3.556351e+02 5.000000e+00
      vertex   4.099701e+01 3.559784e+02 0.000000e+00
    endloop
  endfacet
  facet normal -9.238795e-01 -3.826834e-01 2.625824e-15
    outer loop
      vertex   4.099701e+01 3.559784e+02 0.000000e+00
      vertex   4.113919e+01 3.556351e+02 5.000000e+00
      vertex   4.099701e+01 3.559784e+02 5.000000e+00
    endloop
  endfacet
  facet normal -7.933533e-01 -6.087614e-01 2.254846e-15
    outer loop
      vertex   4.099701e+01 3.559784e+02 0.000000e+00
      vertex   4.099701e+01 3.559784e+02 5.000000e+00
      vertex   4.077085e+01 3.562731e+02 0.000000e+00
    endloop
  endfacet
  facet normal -7.933533e-01 -6.087614e-01 -1.127423e-15
    outer loop
      vertex   4.077085e+01 3.562731e+02 0.000000e+00
      vertex   4.099701e+01 3.559784e+02 5.000000e+00
      vertex   4.077085e+01 3.562731e+02 5.000000e+00
    endloop
  endfacet
  facet normal -6.087614e-01 -7.933533e-01 -8.651020e-16
    outer loop
      vertex   4.077085e+01 3.562731e+02 0.000000e+00
      vertex   4.077085e+01 3.562731e+02 5.000000e+00
      vertex   4.047610e+01 3.564993e+02 0.000000e+00
    endloop
  endfacet
  facet normal -6.087614e-01 -7.933533e-01 -8.651020e-16
    outer loop
      vertex   4.047610e+01 3.564993e+02 0.000000e+00
      vertex   4.077085e+01 3.562731e+02 5.000000e+00
      vertex   4.047610e+01 3.564993e+02 5.000000e+00
    endloop
  endfacet
  facet normal -3.826834e-01 -9.238795e-01 -5.438259e-16
    outer loop
      vertex   4.047610e+01 3.564993e+02 0.000000e+00
      vertex   4.047610e+01 3.564993e+02 5.000000e+00
      vertex   4.013286e+01 3.566414e+02 0.000000e+00
    endloop
  endfacet
  facet normal -3.826834e-01 -9.238795e-01 0.000000e+00
    outer loop
      vertex   4.013286e+01 3.566414e+02 0.000000e+00
      vertex   4.047610e+01 3.564993e+02 5.000000e+00
      vertex   4.013286e+01 3.566414e+02 5.000000e+00
    endloop
  endfacet
  facet normal -1.305262e-01 -9.914449e-01 0.000000e+00
    outer loop
      vertex   4.013286e+01 3.566414e+02 0.000000e+00
      vertex   4.013286e+01 3.566414e+02 5.000000e+00
      vertex   3.976452e+01 3.566899e+02 0.000000e+00
    endloop
  endfacet
  facet normal -1.305262e-01 -9.914449e-01 0.000000e+00
    outer loop
      vertex   3.976452e+01 3.566899e+02 0.000000e+00
      vertex   4.013286e+01 3.566414e+02 5.000000e+00
      vertex   3.976452e+01 3.566899e+02 5.000000e+00
    endloop
  endfacet
  facet normal 1.305262e-01 -9.914449e-01 0.000000e+00
    outer loop
      vertex   3.976452e+01 3.566899e+02 0.000000e+00
      vertex   3.976452e+01 3.566899e+02 5.000000e+00
      vertex   3.939618e+01 3.566414e+02 0.000000e+00
    endloop
  endfacet
  facet normal 1.305262e-01 -9.914449e-01 0.000000e+00
    outer loop
      vertex   3.939618e+01 3.566414e+02 0.000000e+00
      vertex   3.976452e+01 3.566899e+02 5.000000e+00
      vertex   3.939618e+01 3.566414e+02 5.000000e+00
    endloop
  endfacet
  facet normal 3.826834e-01 -9.238795e-01 0.000000e+00
    outer loop
      vertex   3.939618e+01 3.566414e+02 0.000000e+00
      vertex   3.939618e+01 3.566414e+02 5.000000e+00
      vertex   3.905294e+01 3.564993e+02 0.000000e+00
    endloop
  endfacet
  facet normal 3.826834e-01 -9.238795e-01 -5.438259e-16
    outer loop
      vertex   3.905294e+01 3.564993e+02 0.000000e+00
      vertex   3.939618e+01 3.566414e+02 5.000000e+00
      vertex   3.905294e+01 3.564993e+02 5.000000e+00
    endloop
  endfacet
  facet normal 6.087614e-01 -7.933533e-01 -8.651020e-16
    outer loop
      vertex   3.905294e+01 3.564993e+02 0.000000e+00
      vertex   3.905294e+01 3.564993e+02 5.000000e+00
      vertex   3.875820e+01 3.562731e+02 0.000000e+00
    endloop
  endfacet
  facet normal 6.087614e-01 -7.933533e-01 -1.730204e-15
    outer loop
      vertex   3.875820e+01 3.562731e+02 0.000000e+00
      vertex   3.905294e+01 3.564993e+02 5.000000e+00
      vertex   3.875820e+01 3.562731e+02 5.000000e+00
    endloop
  endfacet
  facet normal 7.933533e-01 -6.087614e-01 -2.254846e-15
    outer loop
      vertex   3.875820e+01 3.562731e+02 0.000000e+00
      vertex   3.875820e+01 3.562731e+02 5.000000e+00
      vertex   3.853203e+01 3.559784e+02 0.000000e+00
    endloop
  endfacet
  facet normal 7.933533e-01 -6.087614e-01 1.127423e-15
    outer loop
      vertex   3.853203e+01 3.559784e+02 0.000000e+00
      vertex   3.875820e+01 3.562731e+02 5.000000e+00
      vertex   3.853203e+01 3.559784e+02 5.000000e+00
    endloop
  endfacet
  facet normal 9.238795e-01 -3.826834e-01 1.312912e-15
    outer loop
      vertex   3.853203e+01 3.559784e+02 0.000000e+00
      vertex   3.853203e+01 3.559784e+02 5.000000e+00
      vertex   3.838986e+01 3.556351e+02 0.000000e+00
    endloop
  endfacet
  facet normal 9.238795e-01 -3.826834e-01 1.312912e-15
    outer loop
      vertex   3.838986e+01 3.556351e+02 0.000000e+00
      vertex   3.853203e+01 3.559784e+02 5.000000e+00
      vertex   3.838986e+01 3.556351e+02 5.000000e+00
    endloop
  endfacet
  facet normal 9.914449e-01 -1.305262e-01 1.408928e-15
    outer loop
      vertex   3.838986e+01 3.556351e+02 0.000000e+00
      vertex   3.838986e+01 3.556351e+02 5.000000e+00
      vertex   3.834136e+01 3.552668e+02 0.000000e+00
    endloop
  endfacet
  facet normal 9.914449e-01 -1.305262e-01 0.000000e+00
    outer loop
      vertex   3.834136e+01 3.552668e+02 0.000000e+00
      vertex   3.838986e+01 3.556351e+02 5.000000e+00
      vertex   3.834136e+01 3.552668e+02 5.000000e+00
    endloop
  endfacet
  facet normal 9.914449e-01 1.305262e-01 -0.000000e+00
    outer loop
      vertex   3.834136e+01 3.552668e+02 0.000000e+00
      vertex   3.834136e+01 3.552668e+02 5.000000e+00
      vertex   3.838986e+01 3.548984e+02 0.000000e+00
    endloop
  endfacet
  facet normal 9.914449e-01 1.305262e-01 1.408928e-15
    outer loop
      vertex   3.838986e+01 3.548984e+02 0.000000e+00
      vertex   3.834136e+01 3.552668e+02 5.000000e+00
      vertex   3.838986e+01 3.548984e+02 5.000000e+00
    endloop
  endfacet
  facet normal 9.238795e-01 3.826834e-01 1.312912e-15
    outer loop
      vertex   3.838986e+01 3.548984e+02 0.000000e+00
      vertex   3.838986e+01 3.548984e+02 5.000000e+00
      vertex   3.853203e+01 3.545552e+02 0.000000e+00
    endloop
  endfacet
  facet normal 9.238795e-01 3.826834e-01 1.312912e-15
    outer loop
      vertex   3.853203e+01 3.545552e+02 0.000000e+00
      vertex   3.838986e+01 3.548984e+02 5.000000e+00
      vertex   3.853203e+01 3.545552e+02 5.000000e+00
    endloop
  endfacet
  facet normal 7.933533e-01 6.087614e-01 1.127423e-15
    outer loop
      vertex   3.853203e+01 3.545552e+02 0.000000e+00
      vertex   3.853203e+01 3.545552e+02 5.000000e+00
      vertex   3.875820e+01 3.542605e+02 0.000000e+00
    endloop
  endfacet
  facet normal 7.933533e-01 6.087614e-01 -2.254846e-15
    outer loop
      vertex   3.875820e+01 3.542605e+02 0.000000e+00
      vertex   3.853203e+01 3.545552e+02 5.000000e+00
      vertex   3.875820e+01 3.542605e+02 5.000000e+00
    endloop
  endfacet
  facet normal 6.087614e-01 7.933533e-01 -1.730204e-15
    outer loop
      vertex   3.875820e+01 3.542605e+02 0.000000e+00
      vertex   3.875820e+01 3.542605e+02 5.000000e+00
      vertex   3.905294e+01 3.540343e+02 0.000000e+00
    endloop
  endfacet
  facet normal 6.087614e-01 7.933533e-01 -8.651020e-16
    outer loop
      vertex   3.905294e+01 3.540343e+02 0.000000e+00
      vertex   3.875820e+01 3.542605e+02 5.000000e+00
      vertex   3.905294e+01 3.540343e+02 5.000000e+00
    endloop
  endfacet
  facet normal 3.826834e-01 9.238795e-01 -5.438259e-16
    outer loop
      vertex   3.905294e+01 3.540343e+02 0.000000e+00
      vertex   3.905294e+01 3.540343e+02 5.000000e+00
      vertex   3.939618e+01 3.538921e+02 0.000000e+00
    endloop
  endfacet
  facet normal 3.826834e-01 9.238795e-01 -0.000000e+00
    outer loop
      vertex   3.939618e+01 3.538921e+02 0.000000e+00
      vertex   3.905294e+01 3.540343e+02 5.000000e+00
      vertex   3.939618e+01 3.538921e+02 5.000000e+00
    endloop
  endfacet
  facet normal 1.305262e-01 9.914449e-01 -0.000000e+00
    outer loop
      vertex   3.939618e+01 3.538921e+02 0.000000e+00
      vertex   3.939618e+01 3.538921e+02 5.000000e+00
      vertex   3.976452e+01 3.538436e+02 0.000000e+00
    endloop
  endfacet
  facet normal 1.305262e-01 9.914449e-01 -0.000000e+00
    outer loop
      vertex   3.976452e+01 3.538436e+02 0.000000e+00
      vertex   3.939618e+01 3.538921e+02 5.000000e+00
      vertex   3.976452e+01 3.538436e+02 5.000000e+00
    endloop
  endfacet
  facet normal -1.305262e-01 9.914449e-01 0.000000e+00
    outer loop
      vertex   3.976452e+01 3.538436e+02 0.000000e+00
      vertex   3.976452e+01 3.538436e+02 5.000000e+00
      vertex   4.013286e+01 3.538921e+02 0.000000e+00
    endloop
  endfacet
  facet normal -1.305262e-01 9.914449e-01 0.000000e+00
    outer loop
      vertex   4.013286e+01 3.538921e+02 0.000000e+00
      vertex   3.976452e+01 3.538436e+02 5.000000e+00
      vertex   4.013286e+01 3.538921e+02 5.000000e+00
    endloop
  endfacet
  facet normal -3.826834e-01 9.238795e-01 0.000000e+00
    outer loop
      vertex   4.013286e+01 3.538921e+02 0.000000e+00
      vertex   4.013286e+01 3.538921e+02 5.000000e+00
      vertex   4.047610e+01 3.540343e+02 0.000000e+00
    endloop
  endfacet
  facet normal -3.826834e-01 9.238795e-01 -5.438259e-16
    outer loop
      vertex   4.047610e+01 3.540343e+02 0.000000e+00
      vertex   4.013286e+01 3.538921e+02 5.000000e+00
      vertex   4.047610e+01 3.540343e+02 5.000000e+00
    endloop
  endfacet
  facet normal -6.087614e-01 7.933533e-01 -8.651020e-16
    outer loop
      vertex   4.047610e+01 3.540343e+02 0.000000e+00
      vertex   4.047610e+01 3.540343e+02 5.000000e+00
      vertex   4.077085e+01 3.542605e+02 0.000000e+00
    endloop
  endfacet
  facet normal -6.087614e-01 7.933533e-01 -8.651020e-16
    outer loop
      vertex   4.077085e+01 3.542605e+02 0.000000e+00
      vertex   4.047610e+01 3.540343e+02 5.000000e+00
      vertex   4.077085e+01 3.542605e+02 5.000000e+00
    endloop
  endfacet
  facet normal -7.933533e-01 6.087614e-01 -1.127423e-15
    outer loop
      vertex   4.077085e+01 3.542605e+02 0.000000e+00
      vertex   4.077085e+01 3.542605e+02 5.000000e+00
      vertex   4.099701e+01 3.545552e+02 0.000000e+00
    endloop
  endfacet
  facet normal -7.933533e-01 6.087614e-01 2.254846e-15
    outer loop
      vertex   4.099701e+01 3.545552e+02 0.000000e+00
      vertex   4.077085e+01 3.542605e+02 5.000000e+00
      vertex   4.099701e+01 3.545552e+02 5.000000e+00
    endloop
  endfacet
  facet normal -9.238795e-01 3.826834e-01 2.625824e-15
    outer loop
      vertex   4.099701e+01 3.545552e+02 0.000000e+00
      vertex   4.099701e+01 3.545552e+02 5.000000e+00
      vertex   4.113919e+01 3.548984e+02 0.000000e+00
    endloop
  endfacet
  facet normal -9.238795e-01 3.826834e-01 1.312912e-15
    outer loop
      vertex   4.113919e+01 3.548984e+02 0.000000e+00
      vertex   4.099701e+01 3.545552e+02 5.000000e+00
      vertex   4.113919e+01 3.548984e+02 5.000000e+00
    endloop
  endfacet
  facet normal -9.914449e-01 -1.305262e-01 -1.408928e-15
    outer loop
      vertex   4.113919e+01 3.556351e+02 1.000000e+01
      vertex   4.113919e+01 3.556351e+02 5.000000e+00
      vertex   4.118768e+01 3.552668e+02 1.000000e+01
    endloop
  endfacet
  facet normal -9.914449e-01 -1.305262e-01 -0.000000e+00
    outer loop
      vertex   4.118768e+01 3.552668e+02 1.000000e+01
      vertex   4.113919e+01 3.556351e+02 5.000000e+00
      vertex   4.118768e+01 3.552668e+02 5.000000e+00
    endloop
  endfacet
  facet normal -9.914449e-01 1.305262e-01 0.000000e+00
    outer loop
      vertex   4.118768e+01 3.552668e+02 1.000000e+01
      vertex   4.118768e+01 3.552668e+02 5.000000e+00
      vertex   4.113919e+01 3.548984e+02 1.000000e+01
    endloop
  endfacet
  facet normal -9.914449e-01 1.305262e-01 -1.408928e-15
    outer loop
      vertex   4.113919e+01 3.548984e+02 1.000000e+01
      vertex   4.118768e+01 3.552668e+02 5.000000e+00
      vertex   4.113919e+01 3.548984e+02 5.000000e+00
    endloop
  endfacet
  facet normal -9.238795e-01 3.826834e-01 -1.312912e-15
    outer loop
      vertex   4.113919e+01 3.548984e+02 1.000000e+01
      vertex   4.113919e+01 3.548984e+02 5.000000e+00
      vertex   4.099701e+01 3.545552e+02 1.000000e+01
    endloop
  endfacet
  facet normal -9.238795e-01 3.826834e-01 -2.625824e-15
    outer loop
      vertex   4.099701e+01 3.545552e+02 1.000000e+01
      vertex   4.113919e+01 3.548984e+02 5.000000e+00
      vertex   4.099701e+01 3.545552e+02 5.000000e+00
    endloop
  endfacet
  facet normal -7.933533e-01 6.087614e-01 -2.254846e-15
    outer loop
      vertex   4.099701e+01 3.545552e+02 1.000000e+01
      vertex   4.099701e+01 3.545552e+02 5.000000e+00
      vertex   4.077085e+01 3.542605e+02 1.000000e+01
    endloop
  endfacet
  facet normal -7.933533e-01 6.087614e-01 1.127423e-15
    outer loop
      vertex   4.077085e+01 3.542605e+02 1.000000e+01
      vertex   4.099701e+01 3.545552e+02 5.000000e+00
      vertex   4.077085e+01 3.542605e+02 5.000000e+00
    endloop
  endfacet
  facet normal -6.087614e-01 7.933533e-01 8.651020e-16
    outer loop
      vertex   4.077085e+01 3.542605e+02 1.000000e+01
      vertex   4.077085e+01 3.542605e+02 5.000000e+00
      vertex   4.047610e+01 3.540343e+02 1.000000e+01
    endloop
  endfacet
  facet normal -6.087614e-01 7.933533e-01 8.651020e-16
    outer loop
      vertex   4.047610e+01 3.540343e+02 1.000000e+01
      vertex   4.077085e+01 3.542605e+02 5.000000e+00
      vertex   4.047610e+01 3.540343e+02 5.000000e+00
    endloop
  endfacet
  facet normal -3.826834e-01 9.238795e-01 5.438259e-16
    outer loop
      vertex   4.047610e+01 3.540343e+02 1.000000e+01
      vertex   4.047610e+01 3.540343e+02 5.000000e+00
      vertex   4.013286e+01 3.538921e+02 1.000000e+01
    endloop
  endfacet
  facet normal -3.826834e-01 9.238795e-01 0.000000e+00
    outer loop
      vertex   4.013286e+01 3.538921e+02 1.000000e+01
      vertex   4.047610e+01 3.540343e+02 5.000000e+00
      vertex   4.013286e+01 3.538921e+02 5.000000e+00
    endloop
  endfacet
  facet normal -1.305262e-01 9.914449e-01 0.000000e+00
    outer loop
      vertex   4.013286e+01 3.538921e+02 1.000000e+01
      vertex   4.013286e+01 3.538921e+02 5.000000e+00
      vertex   3.976452e+01 3.538436e+02 1.000000e+01
    endloop
  endfacet
  facet normal -1.305262e-01 9.914449e-01 0.000000e+00
    outer loop
      vertex   3.976452e+01 3.538436e+02 1.000000e+01
      vertex   4.013286e+01 3.538921e+02 5.000000e+00
      vertex   3.976452e+01 3.538436e+02 5.000000e+00
    endloop
  endfacet
  facet normal 1.305262e-01 9.914449e-01 0.000000e+00
    outer loop
      vertex   3.976452e+01 3.538436e+02 1.000000e+01
      vertex   3.976452e+01 3.538436e+02 5.000000e+00
      vertex   3.939618e+01 3.538921e+02 1.000000e+01
    endloop
  endfacet
  facet normal 1.305262e-01 9.914449e-01 0.000000e+00
    outer loop
      vertex   3.939618e+01 3.538921e+02 1.000000e+01
      vertex   3.976452e+01 3.538436e+02 5.000000e+00
      vertex   3.939618e+01 3.538921e+02 5.000000e+00
    endloop
  endfacet
  facet normal 3.826834e-01 9.238795e-01 0.000000e+00
    outer loop
      vertex   3.939618e+01 3.538921e+02 1.000000e+01
      vertex   3.939618e+01 3.538921e+02 5.000000e+00
      vertex   3.905294e+01 3.540343e+02 1.000000e+01
    endloop
  endfacet
  facet normal 3.826834e-01 9.238795e-01 5.438259e-16
    outer loop
      vertex   3.905294e+01 3.540343e+02 1.000000e+01
      vertex   3.939618e+01 3.538921e+02 5.000000e+00
      vertex   3.905294e+01 3.540343e+02 5.000000e+00
    endloop
  endfacet
  facet normal 6.087614e-01 7.933533e-01 8.651020e-16
    outer loop
      vertex   3.905294e+01 3.540343e+02 1.000000e+01
      vertex   3.905294e+01 3.540343e+02 5.000000e+00
      vertex   3.875820e+01 3.542605e+02 1.000000e+01
    endloop
  endfacet
  facet normal 6.087614e-01 7.933533e-01 1.730204e-15
    outer loop
      vertex   3.875820e+01 3.542605e+02 1.000000e+01
      vertex   3.905294e+01 3.540343e+02 5.000000e+00
      vertex   3.875820e+01 3.542605e+02 5.000000e+00
    endloop
  endfacet
  facet normal 7.933533e-01 6.087614e-01 2.254846e-15
    outer loop
      vertex   3.875820e+01 3.542605e+02 1.000000e+01
      vertex   3.875820e+01 3.542605e+02 5.000000e+00
      vertex   3.853203e+01 3.545552e+02 1.000000e+01
    endloop
  endfacet
  facet normal 7.933533e-01 6.087614e-01 -1.127423e-15
    outer loop
      vertex   3.853203e+01 3.545552e+02 1.000000e+01
      vertex   3.875820e+01 3.542605e+02 5.000000e+00
      vertex   3.853203e+01 3.545552e+02 5.000000e+00
    endloop
  endfacet
  facet normal 9.238795e-01 3.826834e-01 -1.312912e-15
    outer loop
      vertex   3.853203e+01 3.545552e+02 1.000000e+01
      vertex   3.853203e+01 3.545552e+02 5.000000e+00
      vertex   3.838986e+01 3.548984e+02 1.000000e+01
    endloop
  endfacet
  facet normal 9.238795e-01 3.826834e-01 -1.312912e-15
    outer loop
      vertex   3.838986e+01 3.548984e+02 1.000000e+01
      vertex   3.853203e+01 3.545552e+02 5.000000e+00
      vertex   3.838986e+01 3.548984e+02 5.000000e+00
    endloop
  endfacet
  facet normal 9.914449e-01 1.305262e-01 -1.408928e-15
    outer loop
      vertex   3.838986e+01 3.548984e+02 1.000000e+01
      vertex   3.838986e+01 3.548984e+02 5.000000e+00
      vertex   3.834136e+01 3.552668e+02 1.000000e+01
    endloop
  endfacet
  facet normal 9.914449e-01 1.305262e-01 0.000000e+00
    outer loop
      vertex   3.834136e+01 3.552668e+02 1.000000e+01
      vertex   3.838986e+01 3.548984e+02 5.000000e+00
      vertex   3.834136e+01 3.552668e+02 5.000000e+00
    endloop
  endfacet
  facet normal 9.914449e-01 -1.305262e-01 0.000000e+00
    outer loop
      vertex   3.834136e+01 3.552668e+02 1.000000e+01
      vertex   3.834136e+01 3.552668e+02 5.000000e+00
      vertex   3.838986e+01 3.556351e+02 1.000000e+01
    endloop
  endfacet
  facet normal 9.914449e-01 -1.305262e-01 -1.408928e-15
    outer loop
      vertex   3.838986e+01 3.556351e+02 1.000000e+01
      vertex   3.834136e+01 3.552668e+02 5.000000e+00
      vertex   3.838986e+01 3.556351e+02 5.000000e+00
    endloop
  endfacet
  facet normal 9.238795e-01 -3.826834e-01 -1.312912e-15
    outer loop
      vertex   3.838986e+01 3.556351e+02 1.000000e+01
      vertex   3.838986e+01 3.556351e+02 5.000000e+00
      vertex   3.853203e+01 3.559784e+02 1.000000e+01
    endloop
  endfacet
  facet normal 9.238795e-01 -3.826834e-01 -1.312912e-15
    outer loop
      vertex   3.853203e+01 3.559784e+02 1.000000e+01
      vertex   3.838986e+01 3.556351e+02 5.000000e+00
      vertex   3.853203e+01 3.559784e+02 5.000000e+00
    endloop
  endfacet
  facet normal 7.933533e-01 -6.087614e-01 -1.127423e-15
    outer loop
      vertex   3.853203e+01 3.559784e+02 1.000000e+01
      vertex   3.853203e+01 3.559784e+02 5.000000e+00
      vertex   3.875820e+01 3.562731e+02 1.000000e+01
    endloop
  endfacet
  facet normal 7.933533e-01 -6.087614e-01 2.254846e-15
    outer loop
      vertex   3.875820e+01 3.562731e+02 1.000000e+01
      vertex   3.853203e+01 3.559784e+02 5.000000e+00
      vertex   3.875820e+01 3.562731e+02 5.000000e+00
    endloop
  endfacet
  facet normal 6.087614e-01 -7.933533e-01 1.730204e-15
    outer loop
      vertex   3.875820e+01 3.562731e+02 1.000000e+01
      vertex   3.875820e+01 3.562731e+02 5.000000e+00
      vertex   3.905294e+01 3.564993e+02 1.000000e+01
    endloop
  endfacet
  facet normal 6.087614e-01 -7.933533e-01 8.651020e-16
    outer loop
      vertex   3.905294e+01 3.564993e+02 1.000000e+01
      vertex   3.875820e+01 3.562731e+02 5.000000e+00
      vertex   3.905294e+01 3.564993e+02 5.000000e+00
    endloop
  endfacet
  facet normal 3.826834e-01 -9.238795e-01 5.438259e-16
    outer loop
      vertex   3.905294e+01 3.564993e+02 1.000000e+01
      vertex   3.905294e+01 3.564993e+02 5.000000e+00
      vertex   3.939618e+01 3.566414e+02 1.000000e+01
    endloop
  endfacet
  facet normal 3.826834e-01 -9.238795e-01 0.000000e+00
    outer loop
      vertex   3.939618e+01 3.566414e+02 1.000000e+01
      vertex   3.905294e+01 3.564993e+02 5.000000e+00
      vertex   3.939618e+01 3.566414e+02 5.000000e+00
    endloop
  endfacet
  facet normal 1.305262e-01 -9.914449e-01 0.000000e+00
    outer loop
      vertex   3.939618e+01 3.566414e+02 1.000000e+01
      vertex   3.939618e+01 3.566414e+02 5.000000e+00
      vertex   3.976452e+01 3.566899e+02 1.000000e+01
    endloop
  endfacet
  facet normal 1.305262e-01 -9.914449e-01 0.000000e+00
    outer loop
      vertex   3.976452e+01 3.566899e+02 1.000000e+01
      vertex   3.939618e+01 3.566414e+02 5.000000e+00
      vertex   3.976452e+01 3.566899e+02 5.000000e+00
    endloop
  endfacet
  facet normal -1.305262e-01 -9.914449e-01 -0.000000e+00
    outer loop
      vertex   3.976452e+01 3.566899e+02 1.000000e+01
      vertex   3.976452e+01 3.566899e+02 5.000000e+00
      vertex   4.013286e+01 3.566414e+02 1.000000e+01
    endloop
  endfacet
  facet normal -1.305262e-01 -9.914449e-01 -0.000000e+00
    outer loop
      vertex   4.013286e+01 3.566414e+02 1.000000e+01
      vertex   3.976452e+01 3.566899e+02 5.000000e+00
      vertex   4.013286e+01 3.566414e+02 5.000000e+00
    endloop
  endfacet
  facet normal -3.826834e-01 -9.238795e-01 -0.000000e+00
    outer loop
      vertex   4.013286e+01 3.566414e+02 1.000000e+01
      vertex   4.013286e+01 3.566414e+02 5.000000e+00
      vertex   4.047610e+01 3.564993e+02 1.000000e+01
    endloop
  endfacet
  facet normal -3.826834e-01 -9.238795e-01 5.438259e-16
    outer loop
      vertex   4.047610e+01 3.564993e+02 1.000000e+01
      vertex   4.013286e+01 3.566414e+02 5.000000e+00
      vertex   4.047610e+01 3.564993e+02 5.000000e+00
    endloop
  endfacet
  facet normal -6.087614e-01 -7.933533e-01 8.651020e-16
    outer loop
      vertex   4.047610e+01 3.564993e+02 1.000000e+01
      vertex   4.047610e+01 3.564993e+02 5.000000e+00
      vertex   4.077085e+01 3.562731e+02 1.000000e+01
    endloop
  endfacet
  facet normal -6.087614e-01 -7.933533e-01 8.651020e-16
    outer loop
      vertex   4.077085e+01 3.562731e+02 1.000000e+01
      vertex   4.047610e+01 3.564993e+02 5.000000e+00
      vertex   4.077085e+01 3.562731e+02 5.000000e+00
    endloop
  endfacet
  facet normal -7.933533e-01 -6.087614e-01 1.127423e-15
    outer loop
      vertex   4.077085e+01 3.562731e+02 1.000000e+01
      vertex   4.077085e+01 3.562731e+02 5.000000e+00
      vertex   4.099701e+01 3.559784e+02 1.000000e+01
    endloop
  endfacet
  facet normal -7.933533e-01 -6.087614e-01 -2.254846e-15
    outer loop
      vertex   4.099701e+01 3.559784e+02 1.000000e+01
      vertex   4.077085e+01 3.562731e+02 5.000000e+00
      vertex   4.099701e+01 3.559784e+02 5.000000e+00
    endloop
  endfacet
  facet normal -9.238795e-01 -3.826834e-01 -2.625824e-15
    outer loop
      vertex   4.099701e+01 3.559784e+02 1.000000e+01
      vertex   4.099701e+01 3.559784e+02 5.000000e+00
      vertex   4.113919e+01 3.556351e+02 1.000000e+01
    endloop
  endfacet
  facet normal -9.238795e-01 -3.826834e-01 -1.312912e-15
    outer loop
      vertex   4.113919e+01 3.556351e+02 1.000000e+01
      vertex   4.099701e+01 3.559784e+02 5.000000e+00
      vertex   4.113919e+01 3.556351e+02 5.000000e+00
    endloop
  endfacet
  facet normal 9.914449e-01 -1.305262e-01 2.817856e-15
    outer loop
      vertex   4.169637e+01 3.547491e+02 1.000000e+01
      vertex   4.169637e+01 3.547491e+02 5.000000e+00
      vertex   4.176452e+01 3.552668e+02 1.000000e+01
    endloop
  endfacet
  facet normal 9.914449e-01 -1.305262e-01 0.000000e+00
    outer loop
      vertex   4.176452e+01 3.552668e+02 1.000000e+01
      vertex   4.169637e+01 3.547491e+02 5.000000e+00
      vertex   4.176452e+01 3.552668e+02 5.000000e+00
    endloop
  endfacet
  facet normal 9.914449e-01 1.305262e-01 0.000000e+00
    outer loop
      vertex   4.176452e+01 3.552668e+02 1.000000e+01
      vertex   4.176452e+01 3.552668e+02 5.000000e+00
      vertex   4.169637e+01 3.557844e+02 1.000000e+01
    endloop
  endfacet
  facet normal 9.914449e-01 1.305262e-01 -2.817856e-15
    outer loop
      vertex   4.169637e+01 3.557844e+02 1.000000e+01
      vertex   4.176452e+01 3.552668e+02 5.000000e+00
      vertex   4.169637e+01 3.557844e+02 5.000000e+00
    endloop
  endfacet
  facet normal 9.238795e-01 3.826834e-01 -2.625824e-15
    outer loop
      vertex   4.169637e+01 3.557844e+02 1.000000e+01
      vertex   4.169637e+01 3.557844e+02 5.000000e+00
      vertex   4.149657e+01 3.562668e+02 1.000000e+01
    endloop
  endfacet
  facet normal 9.238795e-01 3.826834e-01 0.000000e+00
    outer loop
      vertex   4.149657e+01 3.562668e+02 1.000000e+01
      vertex   4.169637e+01 3.557844e+02 5.000000e+00
      vertex   4.149657e+01 3.562668e+02 5.000000e+00
    endloop
  endfacet
  facet normal 7.933533e-01 6.087614e-01 0.000000e+00
    outer loop
      vertex   4.149657e+01 3.562668e+02 1.000000e+01
      vertex   4.149657e+01 3.562668e+02 5.000000e+00
      vertex   4.117874e+01 3.566810e+02 1.000000e+01
    endloop
  endfacet
  facet normal 7.933533e-01 6.087614e-01 0.000000e+00
    outer loop
      vertex   4.117874e+01 3.566810e+02 1.000000e+01
      vertex   4.149657e+01 3.562668e+02 5.000000e+00
      vertex   4.117874e+01 3.566810e+02 5.000000e+00
    endloop
  endfacet
  facet normal 6.087614e-01 7.933533e-01 0.000000e+00
    outer loop
      vertex   4.117874e+01 3.566810e+02 1.000000e+01
      vertex   4.117874e+01 3.566810e+02 5.000000e+00
      vertex   4.076452e+01 3.569988e+02 1.000000e+01
    endloop
  endfacet
  facet normal 6.087614e-01 7.933533e-01 -8.651020e-16
    outer loop
      vertex   4.076452e+01 3.569988e+02 1.000000e+01
      vertex   4.117874e+01 3.566810e+02 5.000000e+00
      vertex   4.076452e+01 3.569988e+02 5.000000e+00
    endloop
  endfacet
  facet normal 3.826834e-01 9.238795e-01 -5.438259e-16
    outer loop
      vertex   4.076452e+01 3.569988e+02 1.000000e+01
      vertex   4.076452e+01 3.569988e+02 5.000000e+00
      vertex   4.028216e+01 3.571986e+02 1.000000e+01
    endloop
  endfacet
  facet normal 3.826834e-01 9.238795e-01 0.000000e+00
    outer loop
      vertex   4.028216e+01 3.571986e+02 1.000000e+01
      vertex   4.076452e+01 3.569988e+02 5.000000e+00
      vertex   4.028216e+01 3.571986e+02 5.000000e+00
    endloop
  endfacet
  facet normal 1.305262e-01 9.914449e-01 0.000000e+00
    outer loop
      vertex   4.028216e+01 3.571986e+02 1.000000e+01
      vertex   4.028216e+01 3.571986e+02 5.000000e+00
      vertex   3.976452e+01 3.572668e+02 1.000000e+01
    endloop
  endfacet
  facet normal 1.305262e-01 9.914449e-01 0.000000e+00
    outer loop
      vertex   3.976452e+01 3.572668e+02 1.000000e+01
      vertex   4.028216e+01 3.571986e+02 5.000000e+00
      vertex   3.976452e+01 3.572668e+02 5.000000e+00
    endloop
  endfacet
  facet normal -1.305262e-01 9.914449e-01 0.000000e+00
    outer loop
      vertex   3.976452e+01 3.572668e+02 1.000000e+01
      vertex   3.976452e+01 3.572668e+02 5.000000e+00
      vertex   3.924689e+01 3.571986e+02 1.000000e+01
    endloop
  endfacet
  facet normal -1.305262e-01 9.914449e-01 0.000000e+00
    outer loop
      vertex   3.924689e+01 3.571986e+02 1.000000e+01
      vertex   3.976452e+01 3.572668e+02 5.000000e+00
      vertex   3.924689e+01 3.571986e+02 5.000000e+00
    endloop
  endfacet
  facet normal -3.826834e-01 9.238795e-01 0.000000e+00
    outer loop
      vertex   3.924689e+01 3.571986e+02 1.000000e+01
      vertex   3.924689e+01 3.571986e+02 5.000000e+00
      vertex   3.876452e+01 3.569988e+02 1.000000e+01
    endloop
  endfacet
  facet normal -3.826834e-01 9.238795e-01 0.000000e+00
    outer loop
      vertex   3.876452e+01 3.569988e+02 1.000000e+01
      vertex   3.924689e+01 3.571986e+02 5.000000e+00
      vertex   3.876452e+01 3.569988e+02 5.000000e+00
    endloop
  endfacet
  facet normal -6.087614e-01 7.933533e-01 0.000000e+00
    outer loop
      vertex   3.876452e+01 3.569988e+02 1.000000e+01
      vertex   3.876452e+01 3.569988e+02 5.000000e+00
      vertex   3.835031e+01 3.566810e+02 1.000000e+01
    endloop
  endfacet
  facet normal -6.087614e-01 7.933533e-01 0.000000e+00
    outer loop
      vertex   3.835031e+01 3.566810e+02 1.000000e+01
      vertex   3.876452e+01 3.569988e+02 5.000000e+00
      vertex   3.835031e+01 3.566810e+02 5.000000e+00
    endloop
  endfacet
  facet normal -7.933533e-01 6.087614e-01 0.000000e+00
    outer loop
      vertex   3.835031e+01 3.566810e+02 1.000000e+01
      vertex   3.835031e+01 3.566810e+02 5.000000e+00
      vertex   3.803247e+01 3.562668e+02 1.000000e+01
    endloop
  endfacet
  facet normal -7.933533e-01 6.087614e-01 0.000000e+00
    outer loop
      vertex   3.803247e+01 3.562668e+02 1.000000e+01
      vertex   3.835031e+01 3.566810e+02 5.000000e+00
      vertex   3.803247e+01 3.562668e+02 5.000000e+00
    endloop
  endfacet
  facet normal -9.238795e-01 3.826834e-01 0.000000e+00
    outer loop
      vertex   3.803247e+01 3.562668e+02 1.000000e+01
      vertex   3.803247e+01 3.562668e+02 5.000000e+00
      vertex   3.783267e+01 3.557844e+02 1.000000e+01
    endloop
  endfacet
  facet normal -9.238795e-01 3.826834e-01 0.000000e+00
    outer loop
      vertex   3.783267e+01 3.557844e+02 1.000000e+01
      vertex   3.803247e+01 3.562668e+02 5.000000e+00
      vertex   3.783267e+01 3.557844e+02 5.000000e+00
    endloop
  endfacet
  facet normal -9.914449e-01 1.305262e-01 0.000000e+00
    outer loop
      vertex   3.783267e+01 3.557844e+02 1.000000e+01
      vertex   3.783267e+01 3.557844e+02 5.000000e+00
      vertex   3.776452e+01 3.552668e+02 1.000000e+01
    endloop
  endfacet
  facet normal -9.914449e-01 1.305262e-01 0.000000e+00
    outer loop
      vertex   3.776452e+01 3.552668e+02 1.000000e+01
      vertex   3.783267e+01 3.557844e+02 5.000000e+00
      vertex   3.776452e+01 3.552668e+02 5.000000e+00
    endloop
  endfacet
  facet normal -9.914449e-01 -1.305262e-01 -0.000000e+00
    outer loop
      vertex   3.776452e+01 3.552668e+02 1.000000e+01
      vertex   3.776452e+01 3.552668e+02 5.000000e+00
      vertex   3.783267e+01 3.547491e+02 1.000000e+01
    endloop
  endfacet
  facet normal -9.914449e-01 -1.305262e-01 -0.000000e+00
    outer loop
      vertex   3.783267e+01 3.547491e+02 1.000000e+01
      vertex   3.776452e+01 3.552668e+02 5.000000e+00
      vertex   3.783267e+01 3.547491e+02 5.000000e+00
    endloop
  endfacet
  facet normal -9.238795e-01 -3.826834e-01 -0.000000e+00
    outer loop
      vertex   3.783267e+01 3.547491e+02 1.000000e+01
      vertex   3.783267e+01 3.547491e+02 5.000000e+00
      vertex   3.803247e+01 3.542668e+02 1.000000e+01
    endloop
  endfacet
  facet normal -9.238795e-01 -3.826834e-01 -0.000000e+00
    outer loop
      vertex   3.803247e+01 3.542668e+02 1.000000e+01
      vertex   3.783267e+01 3.547491e+02 5.000000e+00
      vertex   3.803247e+01 3.542668e+02 5.000000e+00
    endloop
  endfacet
  facet normal -7.933533e-01 -6.087614e-01 -0.000000e+00
    outer loop
      vertex   3.803247e+01 3.542668e+02 1.000000e+01
      vertex   3.803247e+01 3.542668e+02 5.000000e+00
      vertex   3.835031e+01 3.538526e+02 1.000000e+01
    endloop
  endfacet
  facet normal -7.933533e-01 -6.087614e-01 -0.000000e+00
    outer loop
      vertex   3.835031e+01 3.538526e+02 1.000000e+01
      vertex   3.803247e+01 3.542668e+02 5.000000e+00
      vertex   3.835031e+01 3.538526e+02 5.000000e+00
    endloop
  endfacet
  facet normal -6.087614e-01 -7.933533e-01 -0.000000e+00
    outer loop
      vertex   3.835031e+01 3.538526e+02 1.000000e+01
      vertex   3.835031e+01 3.538526e+02 5.000000e+00
      vertex   3.876452e+01 3.535347e+02 1.000000e+01
    endloop
  endfacet
  facet normal -6.087614e-01 -7.933533e-01 -0.000000e+00
    outer loop
      vertex   3.876452e+01 3.535347e+02 1.000000e+01
      vertex   3.835031e+01 3.538526e+02 5.000000e+00
      vertex   3.876452e+01 3.535347e+02 5.000000e+00
    endloop
  endfacet
  facet normal -3.826834e-01 -9.238795e-01 -0.000000e+00
    outer loop
      vertex   3.876452e+01 3.535347e+02 1.000000e+01
      vertex   3.876452e+01 3.535347e+02 5.000000e+00
      vertex   3.924689e+01 3.533349e+02 1.000000e+01
    endloop
  endfacet
  facet normal -3.826834e-01 -9.238795e-01 -0.000000e+00
    outer loop
      vertex   3.924689e+01 3.533349e+02 1.000000e+01
      vertex   3.876452e+01 3.535347e+02 5.000000e+00
      vertex   3.924689e+01 3.533349e+02 5.000000e+00
    endloop
  endfacet
  facet normal -1.305262e-01 -9.914449e-01 -0.000000e+00
    outer loop
      vertex   3.924689e+01 3.533349e+02 1.000000e+01
      vertex   3.924689e+01 3.533349e+02 5.000000e+00
      vertex   3.976452e+01 3.532668e+02 1.000000e+01
    endloop
  endfacet
  facet normal -1.305262e-01 -9.914449e-01 -0.000000e+00
    outer loop
      vertex   3.976452e+01 3.532668e+02 1.000000e+01
      vertex   3.924689e+01 3.533349e+02 5.000000e+00
      vertex   3.976452e+01 3.532668e+02 5.000000e+00
    endloop
  endfacet
  facet normal 1.305262e-01 -9.914449e-01 0.000000e+00
    outer loop
      vertex   3.976452e+01 3.532668e+02 1.000000e+01
      vertex   3.976452e+01 3.532668e+02 5.000000e+00
      vertex   4.028216e+01 3.533349e+02 1.000000e+01
    endloop
  endfacet
  facet normal 1.305262e-01 -9.914449e-01 0.000000e+00
    outer loop
      vertex   4.028216e+01 3.533349e+02 1.000000e+01
      vertex   3.976452e+01 3.532668e+02 5.000000e+00
      vertex   4.028216e+01 3.533349e+02 5.000000e+00
    endloop
  endfacet
  facet normal 3.826834e-01 -9.238795e-01 0.000000e+00
    outer loop
      vertex   4.028216e+01 3.533349e+02 1.000000e+01
      vertex   4.028216e+01 3.533349e+02 5.000000e+00
      vertex   4.076452e+01 3.535347e+02 1.000000e+01
    endloop
  endfacet
  facet normal 3.826834e-01 -9.238795e-01 5.438259e-16
    outer loop
      vertex   4.076452e+01 3.535347e+02 1.000000e+01
      vertex   4.028216e+01 3.533349e+02 5.000000e+00
      vertex   4.076452e+01 3.535347e+02 5.000000e+00
    endloop
  endfacet
  facet normal 6.087614e-01 -7.933533e-01 8.651020e-16
    outer loop
      vertex   4.076452e+01 3.535347e+02 1.000000e+01
      vertex   4.076452e+01 3.535347e+02 5.000000e+00
      vertex   4.117874e+01 3.538526e+02 1.000000e+01
    endloop
  endfacet
  facet normal 6.087614e-01 -7.933533e-01 0.000000e+00
    outer loop
      vertex   4.117874e+01 3.538526e+02 1.000000e+01
      vertex   4.076452e+01 3.535347e+02 5.000000e+00
      vertex   4.117874e+01 3.538526e+02 5.000000e+00
    endloop
  endfacet
  facet normal 7.933533e-01 -6.087614e-01 0.000000e+00
    outer loop
      vertex   4.117874e+01 3.538526e+02 1.000000e+01
      vertex   4.117874e+01 3.538526e+02 5.000000e+00
      vertex   4.149657e+01 3.542668e+02 1.000000e+01
    endloop
  endfacet
  facet normal 7.933533e-01 -6.087614e-01 0.000000e+00
    outer loop
      vertex   4.149657e+01 3.542668e+02 1.000000e+01
      vertex   4.117874e+01 3.538526e+02 5.000000e+00
      vertex   4.149657e+01 3.542668e+02 5.000000e+00
    endloop
  endfacet
  facet normal 9.238795e-01 -3.826834e-01 0.000000e+00
    outer loop
      vertex   4.149657e+01 3.542668e+02 1.000000e+01
      vertex   4.149657e+01 3.542668e+02 5.000000e+00
      vertex   4.169637e+01 3.547491e+02 1.000000e+01
    endloop
  endfacet
  facet normal 9.238795e-01 -3.826834e-01 2.625824e-15
    outer loop
      vertex   4.169637e+01 3.547491e+02 1.000000e+01
      vertex   4.149657e+01 3.542668e+02 5.000000e+00
      vertex   4.169637e+01 3.547491e+02 5.000000e+00
    endloop
  endfacet
  facet normal 0.000000e+00 0.000000e+00 1.000000e+00
    outer loop
      vertex   4.113919e+01 3.556351e+02 1.000000e+01
      vertex   4.118768e+01 3.552668e+02 1.000000e+01
      vertex   4.176452e+01 3.552668e+02 1.000000e+01
    endloop
  endfacet
  facet normal 0.000000e+00 0.000000e+00 1.000000e+00
    outer loop
      vertex   4.176452e+01 3.552668e+02 1.000000e+01
      vertex   4.118768e+01 3.552668e+02 1.000000e+01
      vertex   4.113919e+01 3.548984e+02 1.000000e+01
    endloop
  endfacet
  facet normal 0.000000e+00 0.000000e+00 1.000000e+00
    outer loop
      vertex   4.176452e+01 3.552668e+02 1.000000e+01
      vertex   4.113919e+01 3.548984e+02 1.000000e+01
      vertex   4.169637e+01 3.547491e+02 1.000000e+01
    endloop
  endfacet
  facet normal 0.000000e+00 0.000000e+00 1.000000e+00
    outer loop
      vertex   4.169637e+01 3.547491e+02 1.000000e+01
      vertex   4.113919e+01 3.548984e+02 1.000000e+01
      vertex   4.099701e+01 3.545552e+02 1.000000e+01
    endloop
  endfacet
  facet normal 0.000000e+00 0.000000e+00 1.000000e+00
    outer loop
      vertex   4.169637e+01 3.547491e+02 1.000000e+01
      vertex   4.099701e+01 3.545552e+02 1.000000e+01
      vertex   4.149657e+01 3.542668e+02 1.000000e+01
    endloop
  endfacet
  facet normal 0.000000e+00 0.000000e+00 1.000000e+00
    outer loop
      vertex   4.149657e+01 3.542668e+02 1.000000e+01
      vertex   4.099701e+01 3.545552e+02 1.000000e+01
      vertex   4.077085e+01 3.542605e+02 1.000000e+01
    endloop
  endfacet
  facet normal 0.000000e+00 0.000000e+00 1.000000e+00
    outer loop
      vertex   4.149657e+01 3.542668e+02 1.000000e+01
      vertex   4.077085e+01 3.542605e+02 1.000000e+01
      vertex   4.117874e+01 3.538526e+02 1.000000e+01
    endloop
  endfacet
  facet normal 0.000000e+00 0.000000e+00 1.000000e+00
    outer loop
      vertex   4.117874e+01 3.538526e+02 1.000000e+01
      vertex   4.077085e+01 3.542605e+02 1.000000e+01
      vertex   4.047610e+01 3.540343e+02 1.000000e+01
    endloop
  endfacet
  facet normal 0.000000e+00 0.000000e+00 1.000000e+00
    outer loop
      vertex   4.117874e+01 3.538526e+02 1.000000e+01
      vertex   4.047610e+01 3.540343e+02 1.000000e+01
      vertex   4.076452e+01 3.535347e+02 1.000000e+01
    endloop
  endfacet
  facet normal 0.000000e+00 0.000000e+00 1.000000e+00
    outer loop
      vertex   4.076452e+01 3.535347e+02 1.000000e+01
      vertex   4.047610e+01 3.540343e+02 1.000000e+01
      vertex   4.013286e+01 3.538921e+02 1.000000e+01
    endloop
  endfacet
  facet normal 0.000000e+00 0.000000e+00 1.000000e+00
    outer loop
      vertex   4.076452e+01 3.535347e+02 1.000000e+01
      vertex   4.013286e+01 3.538921e+02 1.000000e+01
      vertex   4.028216e+01 3.533349e+02 1.000000e+01
    endloop
  endfacet
  facet normal 0.000000e+00 0.000000e+00 1.000000e+00
    outer loop
      vertex   4.028216e+01 3.533349e+02 1.000000e+01
      vertex   4.013286e+01 3.538921e+02 1.000000e+01
      vertex   3.976452e+01 3.538436e+02 1.000000e+01
    endloop
  endfacet
  facet normal 0.000000e+00 0.000000e+00 1.000000e+00
    outer loop
      vertex   4.028216e+01 3.533349e+02 1.000000e+01
      vertex   3.976452e+01 3.538436e+02 1.000000e+01
      vertex   3.976452e+01 3.532668e+02 1.000000e+01
    endloop
  endfacet
  facet normal 0.000000e+00 -0.000000e+00 1.000000e+00
    outer loop
      vertex   3.976452e+01 3.532668e+02 1.000000e+01
      vertex   3.976452e+01 3.538436e+02 1.000000e+01
      vertex   3.924689e+01 3.533349e+02 1.000000e+01
    endloop
  endfacet
  facet normal 0.000000e+00 0.000000e+00 1.000000e+00
    outer loop
      vertex   3.924689e+01 3.533349e+02 1.000000e+01
      vertex   3.976452e+01 3.538436e+02 1.000000e+01
      vertex   3.939618e+01 3.538921e+02 1.000000e+01
    endloop
  endfacet
  facet normal 0.000000e+00 -0.000000e+00 1.000000e+00
    outer loop
      vertex   3.924689e+01 3.533349e+02 1.000000e+01
      vertex   3.939618e+01 3.538921e+02 1.000000e+01
      vertex   3.876452e+01 3.535347e+02 1.000000e+01
    endloop
  endfacet
  facet normal 0.000000e+00 0.000000e+00 1.000000e+00
    outer loop
      vertex   3.876452e+01 3.535347e+02 1.000000e+01
      vertex   3.939618e+01 3.538921e+02 1.000000e+01
      vertex   3.905294e+01 3.540343e+02 1.000000e+01
    endloop
  endfacet
  facet normal 0.000000e+00 -0.000000e+00 1.000000e+00
    outer loop
      vertex   3.876452e+01 3.535347e+02 1.000000e+01
      vertex   3.905294e+01 3.540343e+02 1.000000e+01
      vertex   3.835031e+01 3.538526e+02 1.000000e+01
    endloop
  endfacet
  facet normal 0.000000e+00 0.000000e+00 1.000000e+00
    outer loop
      vertex   3.835031e+01 3.538526e+02 1.000000e+01
      vertex   3.905294e+01 3.540343e+02 1.000000e+01
      vertex   3.875820e+01 3.542605e+02 1.000000e+01
    endloop
  endfacet
  facet normal 0.000000e+00 -0.000000e+00 1.000000e+00
    outer loop
      vertex   3.835031e+01 3.538526e+02 1.000000e+01
      vertex   3.875820e+01 3.542605e+02 1.000000e+01
      vertex   3.803247e+01 3.542668e+02 1.000000e+01
    endloop
  endfacet
  facet normal -0.000000e+00 0.000000e+00 1.000000e+00
    outer loop
      vertex   3.803247e+01 3.542668e+02 1.000000e+01
      vertex   3.875820e+01 3.542605e+02 1.000000e+01
      vertex   3.853203e+01 3.545552e+02 1.000000e+01
    endloop
  endfacet
  facet normal 0.000000e+00 -0.000000e+00 1.000000e+00
    outer loop
      vertex   3.803247e+01 3.542668e+02 1.000000e+01
      vertex   3.853203e+01 3.545552e+02 1.000000e+01
      vertex   3.783267e+01 3.547491e+02 1.000000e+01
    endloop
  endfacet
  facet normal -0.000000e+00 0.000000e+00 1.000000e+00
    outer loop
      vertex   3.783267e+01 3.547491e+02 1.000000e+01
      vertex   3.853203e+01 3.545552e+02 1.000000e+01
      vertex   3.838986e+01 3.548984e+02 1.000000e+01
    endloop
  endfacet
  facet normal 0.000000e+00 -0.000000e+00 1.000000e+00
    outer loop
      vertex   3.783267e+01 3.547491e+02 1.000000e+01
      vertex   3.838986e+01 3.548984e+02 1.000000e+01
      vertex   3.776452e+01 3.552668e+02 1.000000e+01
    endloop
  endfacet
  facet normal -0.000000e+00 0.000000e+00 1.000000e+00
    outer loop
      vertex   3.776452e+01 3.552668e+02 1.000000e+01
      vertex   3.838986e+01 3.548984e+02 1.000000e+01
      vertex   3.834136e+01 3.552668e+02 1.000000e+01
    endloop
  endfacet
  facet normal 0.000000e+00 0.000000e+00 1.000000e+00
    outer loop
      vertex   3.776452e+01 3.552668e+02 1.000000e+01
      vertex   3.834136e+01 3.552668e+02 1.000000e+01
      vertex   3.783267e+01 3.557844e+02 1.000000e+01
    endloop
  endfacet
  facet normal 0.000000e+00 0.000000e+00 1.000000e+00
    outer loop
      vertex   3.783267e+01 3.557844e+02 1.000000e+01
      vertex   3.834136e+01 3.552668e+02 1.000000e+01
      vertex   3.838986e+01 3.556351e+02 1.000000e+01
    endloop
  endfacet
  facet normal -0.000000e+00 0.000000e+00 1.000000e+00
    outer loop
      vertex   3.783267e+01 3.557844e+02 1.000000e+01
      vertex   3.838986e+01 3.556351e+02 1.000000e+01
      vertex   3.853203e+01 3.559784e+02 1.000000e+01
    endloop
  endfacet
  facet normal 0.000000e+00 0.000000e+00 1.000000e+00
    outer loop
      vertex   3.783267e+01 3.557844e+02 1.000000e+01
      vertex   3.853203e+01 3.559784e+02 1.000000e+01
      vertex   3.803247e+01 3.562668e+02 1.000000e+01
    endloop
  endfacet
  facet normal -0.000000e+00 0.000000e+00 1.000000e+00
    outer loop
      vertex   3.803247e+01 3.562668e+02 1.000000e+01
      vertex   3.853203e+01 3.559784e+02 1.000000e+01
      vertex   3.875820e+01 3.562731e+02 1.000000e+01
    endloop
  endfacet
  facet normal 0.000000e+00 0.000000e+00 1.000000e+00
    outer loop
      vertex   3.803247e+01 3.562668e+02 1.000000e+01
      vertex   3.875820e+01 3.562731e+02 1.000000e+01
      vertex   3.835031e+01 3.566810e+02 1.000000e+01
    endloop
  endfacet
  facet normal 0.000000e+00 0.000000e+00 1.000000e+00
    outer loop
      vertex   3.835031e+01 3.566810e+02 1.000000e+01
      vertex   3.875820e+01 3.562731e+02 1.000000e+01
      vertex   3.905294e+01 3.564993e+02 1.000000e+01
    endloop
  endfacet
  facet normal -0.000000e+00 0.000000e+00 1.000000e+00
    outer loop
      vertex   3.835031e+01 3.566810e+02 1.000000e+01
      vertex   3.905294e+01 3.564993e+02 1.000000e+01
      vertex   3.876452e+01 3.569988e+02 1.000000e+01
    endloop
  endfacet
  facet normal 0.000000e+00 0.000000e+00 1.000000e+00
    outer loop
      vertex   3.876452e+01 3.569988e+02 1.000000e+01
      vertex   3.905294e+01 3.564993e+02 1.000000e+01
      vertex   3.939618e+01 3.566414e+02 1.000000e+01
    endloop
  endfacet
  facet normal -0.000000e+00 0.000000e+00 1.000000e+00
    outer loop
      vertex   3.876452e+01 3.569988e+02 1.000000e+01
      vertex   3.939618e+01 3.566414e+02 1.000000e+01
      vertex   3.924689e+01 3.571986e+02 1.000000e+01
    endloop
  endfacet
  facet normal 0.000000e+00 0.000000e+00 1.000000e+00
    outer loop
      vertex   3.924689e+01 3.571986e+02 1.000000e+01
      vertex   3.939618e+01 3.566414e+02 1.000000e+01
      vertex   3.976452e+01 3.566899e+02 1.000000e+01
    endloop
  endfacet
  facet normal -0.000000e+00 0.000000e+00 1.000000e+00
    outer loop
      vertex   3.924689e+01 3.571986e+02 1.000000e+01
      vertex   3.976452e+01 3.566899e+02 1.000000e+01
      vertex   3.976452e+01 3.572668e+02 1.000000e+01
    endloop
  endfacet
  facet normal 0.000000e+00 0.000000e+00 1.000000e+00
    outer loop
      vertex   3.976452e+01 3.572668e+02 1.000000e+01
      vertex   3.976452e+01 3.566899e+02 1.000000e+01
      vertex   4.028216e+01 3.571986e+02 1.000000e+01
    endloop
  endfacet
  facet normal 0.000000e+00 0.000000e+00 1.000000e+00
    outer loop
      vertex   4.028216e+01 3.571986e+02 1.000000e+01
      vertex   3.976452e+01 3.566899e+02 1.000000e+01
      vertex   4.013286e+01 3.566414e+02 1.000000e+01
    endloop
  endfacet
  facet normal 0.000000e+00 0.000000e+00 1.000000e+00
    outer loop
      vertex   4.028216e+01 3.571986e+02 1.000000e+01
      vertex   4.013286e+01 3.566414e+02 1.000000e+01
      vertex   4.076452e+01 3.569988e+02 1.000000e+01
    endloop
  endfacet
  facet normal 0.000000e+00 0.000000e+00 1.000000e+00
    outer loop
      vertex   4.076452e+01 3.569988e+02 1.000000e+01
      vertex   4.013286e+01 3.566414e+02 1.000000e+01
      vertex   4.047610e+01 3.564993e+02 1.000000e+01
    endloop
  endfacet
  facet normal 0.000000e+00 0.000000e+00 1.000000e+00
    outer loop
      vertex   4.076452e+01 3.569988e+02 1.000000e+01
      vertex   4.047610e+01 3.564993e+02 1.000000e+01
      vertex   4.117874e+01 3.566810e+02 1.000000e+01
    endloop
  endfacet
  facet normal 0.000000e+00 0.000000e+00 1.000000e+00
    outer loop
      vertex   4.117874e+01 3.566810e+02 1.000000e+01
      vertex   4.047610e+01 3.564993e+02 1.000000e+01
      vertex   4.077085e+01 3.562731e+02 1.000000e+01
    endloop
  endfacet
  facet normal 0.000000e+00 0.000000e+00 1.000000e+00
    outer loop
      vertex   4.117874e+01 3.566810e+02 1.000000e+01
      vertex   4.077085e+01 3.562731e+02 1.000000e+01
      vertex   4.149657e+01 3.562668e+02 1.000000e+01
    endloop
  endfacet
  facet normal 0.000000e+00 0.000000e+00 1.000000e+00
    outer loop
      vertex   4.149657e+01 3.562668e+02 1.000000e+01
      vertex   4.077085e+01 3.562731e+02 1.000000e+01
      vertex   4.099701e+01 3.559784e+02 1.000000e+01
    endloop
  endfacet
  facet normal 0.000000e+00 0.000000e+00 1.000000e+00
    outer loop
      vertex   4.149657e+01 3.562668e+02 1.000000e+01
      vertex   4.099701e+01 3.559784e+02 1.000000e+01
      vertex   4.169637e+01 3.557844e+02 1.000000e+01
    endloop
  endfacet
  facet normal 0.000000e+00 0.000000e+00 1.000000e+00
    outer loop
      vertex   4.169637e+01 3.557844e+02 1.000000e+01
      vertex   4.099701e+01 3.559784e+02 1.000000e+01
      vertex   4.113919e+01 3.556351e+02 1.000000e+01
    endloop
  endfacet
  facet normal 0.000000e+00 0.000000e+00 1.000000e+00
    outer loop
      vertex   4.169637e+01 3.557844e+02 1.000000e+01
      vertex   4.113919e+01 3.556351e+02 1.000000e+01
      vertex   4.176452e+01 3.552668e+02 1.000000e+01
    endloop
  endfacet
  facet normal -9.914449e-01 1.305262e-01 0.000000e+00
    outer loop
      vertex   4.132707e+01 3.045110e+02 0.000000e+00
      vertex   4.132707e+01 3.045110e+02 5.000000e+00
      vertex   4.137569e+01 3.048803e+02 0.000000e+00
    endloop
  endfacet
  facet normal -9.914449e-01 1.305262e-01 0.000000e+00
    outer loop
      vertex   4.137569e+01 3.048803e+02 0.000000e+00
      vertex   4.132707e+01 3.045110e+02 5.000000e+00
      vertex   4.137569e+01 3.048803e+02 5.000000e+00
    endloop
  endfacet
  facet normal -9.914449e-01 -1.305262e-01 0.000000e+00
    outer loop
      vertex   4.137569e+01 3.048803e+02 0.000000e+00
      vertex   4.137569e+01 3.048803e+02 5.000000e+00
      vertex   4.132707e+01 3.052495e+02 0.000000e+00
    endloop
  endfacet
  facet normal -9.914449e-01 -1.305262e-01 0.000000e+00
    outer loop
      vertex   4.132707e+01 3.052495e+02 0.000000e+00
      vertex   4.137569e+01 3.048803e+02 5.000000e+00
      vertex   4.132707e+01 3.052495e+02 5.000000e+00
    endloop
  endfacet
  facet normal -9.238795e-01 -3.826834e-01 0.000000e+00
    outer loop
      vertex   4.132707e+01 3.052495e+02 0.000000e+00
      vertex   4.132707e+01 3.052495e+02 5.000000e+00
      vertex   4.118455e+01 3.055936e+02 0.000000e+00
    endloop
  endfacet
  facet normal -9.238795e-01 -3.826834e-01 -1.312912e-15
    outer loop
      vertex   4.118455e+01 3.055936e+02 0.000000e+00
      vertex   4.132707e+01 3.052495e+02 5.000000e+00
      vertex   4.118455e+01 3.055936e+02 5.000000e+00
    endloop
  endfacet
  facet normal -7.933533e-01 -6.087614e-01 -1.127423e-15
    outer loop
      vertex   4.118455e+01 3.055936e+02 0.000000e+00
      vertex   4.118455e+01 3.055936e+02 5.000000e+00
      vertex   4.095782e+01 3.058891e+02 0.000000e+00
    endloop
  endfacet
  facet normal -7.933533e-01 -6.087614e-01 1.127423e-15
    outer loop
      vertex   4.095782e+01 3.058891e+02 0.000000e+00
      vertex   4.118455e+01 3.055936e+02 5.000000e+00
      vertex   4.095782e+01 3.058891e+02 5.000000e+00
    endloop
  endfacet
  facet normal -6.087614e-01 -7.933533e-01 8.651020e-16
    outer loop
      vertex   4.095782e+01 3.058891e+02 0.000000e+00
      vertex   4.095782e+01 3.058891e+02 5.000000e+00
      vertex   4.066235e+01 3.061158e+02 0.000000e+00
    endloop
  endfacet
  facet normal -6.087614e-01 -7.933533e-01 -8.651020e-16
    outer loop
      vertex   4.066235e+01 3.061158e+02 0.000000e+00
      vertex   4.095782e+01 3.058891e+02 5.000000e+00
      vertex   4.066235e+01 3.061158e+02 5.000000e+00
    endloop
  endfacet
  facet normal -3.826834e-01 -9.238795e-01 -5.438259e-16
    outer loop
      vertex   4.066235e+01 3.061158e+02 0.000000e+00
      vertex   4.066235e+01 3.061158e+02 5.000000e+00
      vertex   4.031826e+01 3.062584e+02 0.000000e+00
    endloop
  endfacet
  facet normal -3.826834e-01 -9.238795e-01 0.000000e+00
    outer loop
      vertex   4.031826e+01 3.062584e+02 0.000000e+00
      vertex   4.066235e+01 3.061158e+02 5.000000e+00
      vertex   4.031826e+01 3.062584e+02 5.000000e+00
    endloop
  endfacet
  facet normal -1.305262e-01 -9.914449e-01 0.000000e+00
    outer loop
      vertex   4.031826e+01 3.062584e+02 0.000000e+00
      vertex   4.031826e+01 3.062584e+02 5.000000e+00
      vertex   3.994901e+01 3.063070e+02 0.000000e+00
    endloop
  endfacet
  facet normal -1.305262e-01 -9.914449e-01 0.000000e+00
    outer loop
      vertex   3.994901e+01 3.063070e+02 0.000000e+00
      vertex   4.031826e+01 3.062584e+02 5.000000e+00
      vertex   3.994901e+01 3.063070e+02 5.000000e+00
    endloop
  endfacet
  facet normal 1.305262e-01 -9.914449e-01 0.000000e+00
    outer loop
      vertex   3.994901e+01 3.063070e+02 0.000000e+00
      vertex   3.994901e+01 3.063070e+02 5.000000e+00
      vertex   3.957976e+01 3.062584e+02 0.000000e+00
    endloop
  endfacet
  facet normal 1.305262e-01 -9.914449e-01 0.000000e+00
    outer loop
      vertex   3.957976e+01 3.062584e+02 0.000000e+00
      vertex   3.994901e+01 3.063070e+02 5.000000e+00
      vertex   3.957976e+01 3.062584e+02 5.000000e+00
    endloop
  endfacet
  facet normal 3.826834e-01 -9.238795e-01 0.000000e+00
    outer loop
      vertex   3.957976e+01 3.062584e+02 0.000000e+00
      vertex   3.957976e+01 3.062584e+02 5.000000e+00
      vertex   3.923567e+01 3.061158e+02 0.000000e+00
    endloop
  endfacet
  facet normal 3.826834e-01 -9.238795e-01 -5.438259e-16
    outer loop
      vertex   3.923567e+01 3.061158e+02 0.000000e+00
      vertex   3.957976e+01 3.062584e+02 5.000000e+00
      vertex   3.923567e+01 3.061158e+02 5.000000e+00
    endloop
  endfacet
  facet normal 6.087614e-01 -7.933533e-01 -8.651020e-16
    outer loop
      vertex   3.923567e+01 3.061158e+02 0.000000e+00
      vertex   3.923567e+01 3.061158e+02 5.000000e+00
      vertex   3.894019e+01 3.058891e+02 0.000000e+00
    endloop
  endfacet
  facet normal 6.087614e-01 -7.933533e-01 8.651020e-16
    outer loop
      vertex   3.894019e+01 3.058891e+02 0.000000e+00
      vertex   3.923567e+01 3.061158e+02 5.000000e+00
      vertex   3.894019e+01 3.058891e+02 5.000000e+00
    endloop
  endfacet
  facet normal 7.933533e-01 -6.087614e-01 1.127423e-15
    outer loop
      vertex   3.894019e+01 3.058891e+02 0.000000e+00
      vertex   3.894019e+01 3.058891e+02 5.000000e+00
      vertex   3.871347e+01 3.055936e+02 0.000000e+00
    endloop
  endfacet
  facet normal 7.933533e-01 -6.087614e-01 1.127423e-15
    outer loop
      vertex   3.871347e+01 3.055936e+02 0.000000e+00
      vertex   3.894019e+01 3.058891e+02 5.000000e+00
      vertex   3.871347e+01 3.055936e+02 5.000000e+00
    endloop
  endfacet
  facet normal 9.238795e-01 -3.826834e-01 1.312912e-15
    outer loop
      vertex   3.871347e+01 3.055936e+02 0.000000e+00
      vertex   3.871347e+01 3.055936e+02 5.000000e+00
      vertex   3.857094e+01 3.052495e+02 0.000000e+00
    endloop
  endfacet
  facet normal 9.238795e-01 -3.826834e-01 0.000000e+00
    outer loop
      vertex   3.857094e+01 3.052495e+02 0.000000e+00
      vertex   3.871347e+01 3.055936e+02 5.000000e+00
      vertex   3.857094e+01 3.052495e+02 5.000000e+00
    endloop
  endfacet
  facet normal 9.914449e-01 -1.305262e-01 0.000000e+00
    outer loop
      vertex   3.857094e+01 3.052495e+02 0.000000e+00
      vertex   3.857094e+01 3.052495e+02 5.000000e+00
      vertex   3.852233e+01 3.048803e+02 0.000000e+00
    endloop
  endfacet
  facet normal 9.914449e-01 -1.305262e-01 0.000000e+00
    outer loop
      vertex   3.852233e+01 3.048803e+02 0.000000e+00
      vertex   3.857094e+01 3.052495e+02 5.000000e+00
      vertex   3.852233e+01 3.048803e+02 5.000000e+00
    endloop
  endfacet
  facet normal 9.914449e-01 1.305262e-01 -0.000000e+00
    outer loop
      vertex   3.852233e+01 3.048803e+02 0.000000e+00
      vertex   3.852233e+01 3.048803e+02 5.000000e+00
      vertex   3.857094e+01 3.045110e+02 0.000000e+00
    endloop
  endfacet
  facet normal 9.914449e-01 1.305262e-01 -0.000000e+00
    outer loop
      vertex   3.857094e+01 3.045110e+02 0.000000e+00
      vertex   3.852233e+01 3.048803e+02 5.000000e+00
      vertex   3.857094e+01 3.045110e+02 5.000000e+00
    endloop
  endfacet
  facet normal 9.238795e-01 3.826834e-01 -0.000000e+00
    outer loop
      vertex   3.857094e+01 3.045110e+02 0.000000e+00
      vertex   3.857094e+01 3.045110e+02 5.000000e+00
      vertex   3.871347e+01 3.041670e+02 0.000000e+00
    endloop
  endfacet
  facet normal 9.238795e-01 3.826834e-01 -2.625824e-15
    outer loop
      vertex   3.871347e+01 3.041670e+02 0.000000e+00
      vertex   3.857094e+01 3.045110e+02 5.000000e+00
      vertex   3.871347e+01 3.041670e+02 5.000000e+00
    endloop
  endfacet
  facet normal 7.933533e-01 6.087614e-01 -2.254846e-15
    outer loop
      vertex   3.871347e+01 3.041670e+02 0.000000e+00
      vertex   3.871347e+01 3.041670e+02 5.000000e+00
      vertex   3.894019e+01 3.038715e+02 0.000000e+00
    endloop
  endfacet
  facet normal 7.933533e-01 6.087614e-01 1.127423e-15
    outer loop
      vertex   3.894019e+01 3.038715e+02 0.000000e+00
      vertex   3.871347e+01 3.041670e+02 5.000000e+00
      vertex   3.894019e+01 3.038715e+02 5.000000e+00
    endloop
  endfacet
  facet normal 6.087614e-01 7.933533e-01 8.651020e-16
    outer loop
      vertex   3.894019e+01 3.038715e+02 0.000000e+00
      vertex   3.894019e+01 3.038715e+02 5.000000e+00
      vertex   3.923567e+01 3.036448e+02 0.000000e+00
    endloop
  endfacet
  facet normal 6.087614e-01 7.933533e-01 -8.651020e-16
    outer loop
      vertex   3.923567e+01 3.036448e+02 0.000000e+00
      vertex   3.894019e+01 3.038715e+02 5.000000e+00
      vertex   3.923567e+01 3.036448e+02 5.000000e+00
    endloop
  endfacet
  facet normal 3.826834e-01 9.238795e-01 -5.438259e-16
    outer loop
      vertex   3.923567e+01 3.036448e+02 0.000000e+00
      vertex   3.923567e+01 3.036448e+02 5.000000e+00
      vertex   3.957976e+01 3.035022e+02 0.000000e+00
    endloop
  endfacet
  facet normal 3.826834e-01 9.238795e-01 -0.000000e+00
    outer loop
      vertex   3.957976e+01 3.035022e+02 0.000000e+00
      vertex   3.923567e+01 3.036448e+02 5.000000e+00
      vertex   3.957976e+01 3.035022e+02 5.000000e+00
    endloop
  endfacet
  facet normal 1.305262e-01 9.914449e-01 -0.000000e+00
    outer loop
      vertex   3.957976e+01 3.035022e+02 0.000000e+00
      vertex   3.957976e+01 3.035022e+02 5.000000e+00
      vertex   3.994901e+01 3.034536e+02 0.000000e+00
    endloop
  endfacet
  facet normal 1.305262e-01 9.914449e-01 -0.000000e+00
    outer loop
      vertex   3.994901e+01 3.034536e+02 0.000000e+00
      vertex   3.957976e+01 3.035022e+02 5.000000e+00
      vertex   3.994901e+01 3.034536e+02 5.000000e+00
    endloop
  endfacet
  facet normal -1.305262e-01 9.914449e-01 0.000000e+00
    outer loop
      vertex   3.994901e+01 3.034536e+02 0.000000e+00
      vertex   3.994901e+01 3.034536e+02 5.000000e+00
      vertex   4.031826e+01 3.035022e+02 0.000000e+00
    endloop
  endfacet
  facet normal -1.305262e-01 9.914449e-01 0.000000e+00
    outer loop
      vertex   4.031826e+01 3.035022e+02 0.000000e+00
      vertex   3.994901e+01 3.034536e+02 5.000000e+00
      vertex   4.031826e+01 3.035022e+02 5.000000e+00
    endloop
  endfacet
  facet normal -3.826834e-01 9.238795e-01 0.000000e+00
    outer loop
      vertex   4.031826e+01 3.035022e+02 0.000000e+00
      vertex   4.031826e+01 3.035022e+02 5.000000e+00
      vertex   4.066235e+01 3.036448e+02 0.000000e+00
    endloop
  endfacet
  facet normal -3.826834e-01 9.238795e-01 -5.438259e-16
    outer loop
      vertex   4.066235e+01 3.036448e+02 0.000000e+00
      vertex   4.031826e+01 3.035022e+02 5.000000e+00
      vertex   4.066235e+01 3.036448e+02 5.000000e+00
    endloop
  endfacet
  facet normal -6.087614e-01 7.933533e-01 -8.651020e-16
    outer loop
      vertex   4.066235e+01 3.036448e+02 0.000000e+00
      vertex   4.066235e+01 3.036448e+02 5.000000e+00
      vertex   4.095782e+01 3.038715e+02 0.000000e+00
    endloop
  endfacet
  facet normal -6.087614e-01 7.933533e-01 8.651020e-16
    outer loop
      vertex   4.095782e+01 3.038715e+02 0.000000e+00
      vertex   4.066235e+01 3.036448e+02 5.000000e+00
      vertex   4.095782e+01 3.038715e+02 5.000000e+00
    endloop
  endfacet
  facet normal -7.933533e-01 6.087614e-01 1.127423e-15
    outer loop
      vertex   4.095782e+01 3.038715e+02 0.000000e+00
      vertex   4.095782e+01 3.038715e+02 5.000000e+00
      vertex   4.118455e+01 3.041670e+02 0.000000e+00
    endloop
  endfacet
  facet normal -7.933533e-01 6.087614e-01 1.127423e-15
    outer loop
      vertex   4.118455e+01 3.041670e+02 0.000000e+00
      vertex   4.095782e+01 3.038715e+02 5.000000e+00
      vertex   4.118455e+01 3.041670e+02 5.000000e+00
    endloop
  endfacet
  facet normal -9.238795e-01 3.826834e-01 1.312912e-15
    outer loop
      vertex   4.118455e+01 3.041670e+02 0.000000e+00
      vertex   4.118455e+01 3.041670e+02 5.000000e+00
      vertex   4.132707e+01 3.045110e+02 0.000000e+00
    endloop
  endfacet
  facet normal -9.238795e-01 3.826834e-01 0.000000e+00
    outer loop
      vertex   4.132707e+01 3.045110e+02 0.000000e+00
      vertex   4.118455e+01 3.041670e+02 5.000000e+00
      vertex   4.132707e+01 3.045110e+02 5.000000e+00
    endloop
  endfacet
  facet normal -9.914449e-01 -1.305262e-01 -0.000000e+00
    outer loop
      vertex   4.132707e+01 3.052495e+02 1.000000e+01
      vertex   4.132707e+01 3.052495e+02 5.000000e+00
      vertex   4.137569e+01 3.048803e+02 1.000000e+01
    endloop
  endfacet
  facet normal -9.914449e-01 -1.305262e-01 -0.000000e+00
    outer loop
      vertex   4.137569e+01 3.048803e+02 1.000000e+01
      vertex   4.132707e+01 3.052495e+02 5.000000e+00
      vertex   4.137569e+01 3.048803e+02 5.000000e+00
    endloop
  endfacet
  facet normal -9.914449e-01 1.305262e-01 0.000000e+00
    outer loop
      vertex   4.137569e+01 3.048803e+02 1.000000e+01
      vertex   4.137569e+01 3.048803e+02 5.000000e+00
      vertex   4.132707e+01 3.045110e+02 1.000000e+01
    endloop
  endfacet
  facet normal -9.914449e-01 1.305262e-01 0.000000e+00
    outer loop
      vertex   4.132707e+01 3.045110e+02 1.000000e+01
      vertex   4.137569e+01 3.048803e+02 5.000000e+00
      vertex   4.132707e+01 3.045110e+02 5.000000e+00
    endloop
  endfacet
  facet normal -9.238795e-01 3.826834e-01 0.000000e+00
    outer loop
      vertex   4.132707e+01 3.045110e+02 1.000000e+01
      vertex   4.132707e+01 3.045110e+02 5.000000e+00
      vertex   4.118455e+01 3.041670e+02 1.000000e+01
    endloop
  endfacet
  facet normal -9.238795e-01 3.826834e-01 -1.312912e-15
    outer loop
      vertex   4.118455e+01 3.041670e+02 1.000000e+01
      vertex   4.132707e+01 3.045110e+02 5.000000e+00
      vertex   4.118455e+01 3.041670e+02 5.000000e+00
    endloop
  endfacet
  facet normal -7.933533e-01 6.087614e-01 -1.127423e-15
    outer loop
      vertex   4.118455e+01 3.041670e+02 1.000000e+01
      vertex   4.118455e+01 3.041670e+02 5.000000e+00
      vertex   4.095782e+01 3.038715e+02 1.000000e+01
    endloop
  endfacet
  facet normal -7.933533e-01 6.087614e-01 -1.127423e-15
    outer loop
      vertex   4.095782e+01 3.038715e+02 1.000000e+01
      vertex   4.118455e+01 3.041670e+02 5.000000e+00
      vertex   4.095782e+01 3.038715e+02 5.000000e+00
    endloop
  endfacet
  facet normal -6.087614e-01 7.933533e-01 -8.651020e-16
    outer loop
      vertex   4.095782e+01 3.038715e+02 1.000000e+01
      vertex   4.095782e+01 3.038715e+02 5.000000e+00
      vertex   4.066235e+01 3.036448e+02 1.000000e+01
    endloop
  endfacet
  facet normal -6.087614e-01 7.933533e-01 8.651020e-16
    outer loop
      vertex   4.066235e+01 3.036448e+02 1.000000e+01
      vertex   4.095782e+01 3.038715e+02 5.000000e+00
      vertex   4.066235e+01 3.036448e+02 5.000000e+00
    endloop
  endfacet
  facet normal -3.826834e-01 9.238795e-01 5.438259e-16
    outer loop
      vertex   4.066235e+01 3.036448e+02 1.000000e+01
      vertex   4.066235e+01 3.036448e+02 5.000000e+00
      vertex   4.031826e+01 3.035022e+02 1.000000e+01
    endloop
  endfacet
  facet normal -3.826834e-01 9.238795e-01 0.000000e+00
    outer loop
      vertex   4.031826e+01 3.035022e+02 1.000000e+01
      vertex   4.066235e+01 3.036448e+02 5.000000e+00
      vertex   4.031826e+01 3.035022e+02 5.000000e+00
    endloop
  endfacet
  facet normal -1.305262e-01 9.914449e-01 0.000000e+00
    outer loop
      vertex   4.031826e+01 3.035022e+02 1.000000e+01
      vertex   4.031826e+01 3.035022e+02 5.000000e+00
      vertex   3.994901e+01 3.034536e+02 1.000000e+01
    endloop
  endfacet
  facet normal -1.305262e-01 9.914449e-01 0.000000e+00
    outer loop
      vertex   3.994901e+01 3.034536e+02 1.000000e+01
      vertex   4.031826e+01 3.035022e+02 5.000000e+00
      vertex   3.994901e+01 3.034536e+02 5.000000e+00
    endloop
  endfacet
  facet normal 1.305262e-01 9.914449e-01 0.000000e+00
    outer loop
      vertex   3.994901e+01 3.034536e+02 1.000000e+01
      vertex   3.994901e+01 3.034536e+02 5.000000e+00
      vertex   3.957976e+01 3.035022e+02 1.000000e+01
    endloop
  endfacet
  facet normal 1.305262e-01 9.914449e-01 0.000000e+00
    outer loop
      vertex   3.957976e+01 3.035022e+02 1.000000e+01
      vertex   3.994901e+01 3.034536e+02 5.000000e+00
      vertex   3.957976e+01 3.035022e+02 5.000000e+00
    endloop
  endfacet
  facet normal 3.826834e-01 9.238795e-01 0.000000e+00
    outer loop
      vertex   3.957976e+01 3.035022e+02 1.000000e+01
      vertex   3.957976e+01 3.035022e+02 5.000000e+00
      vertex   3.923567e+01 3.036448e+02 1.000000e+01
    endloop
  endfacet
  facet normal 3.826834e-01 9.238795e-01 5.438259e-16
    outer loop
      vertex   3.923567e+01 3.036448e+02 1.000000e+01
      vertex   3.957976e+01 3.035022e+02 5.000000e+00
      vertex   3.923567e+01 3.036448e+02 5.000000e+00
    endloop
  endfacet
  facet normal 6.087614e-01 7.933533e-01 8.651020e-16
    outer loop
      vertex   3.923567e+01 3.036448e+02 1.000000e+01
      vertex   3.923567e+01 3.036448e+02 5.000000e+00
      vertex   3.894019e+01 3.038715e+02 1.000000e+01
    endloop
  endfacet
  facet normal 6.087614e-01 7.933533e-01 -8.651020e-16
    outer loop
      vertex   3.894019e+01 3.038715e+02 1.000000e+01
      vertex   3.923567e+01 3.036448e+02 5.000000e+00
      vertex   3.894019e+01 3.038715e+02 5.000000e+00
    endloop
  endfacet
  facet normal 7.933533e-01 6.087614e-01 -1.127423e-15
    outer loop
      vertex   3.894019e+01 3.038715e+02 1.000000e+01
      vertex   3.894019e+01 3.038715e+02 5.000000e+00
      vertex   3.871347e+01 3.041670e+02 1.000000e+01
    endloop
  endfacet
  facet normal 7.933533e-01 6.087614e-01 2.254846e-15
    outer loop
      vertex   3.871347e+01 3.041670e+02 1.000000e+01
      vertex   3.894019e+01 3.038715e+02 5.000000e+00
      vertex   3.871347e+01 3.041670e+02 5.000000e+00
    endloop
  endfacet
  facet normal 9.238795e-01 3.826834e-01 2.625824e-15
    outer loop
      vertex   3.871347e+01 3.041670e+02 1.000000e+01
      vertex   3.871347e+01 3.041670e+02 5.000000e+00
      vertex   3.857094e+01 3.045110e+02 1.000000e+01
    endloop
  endfacet
  facet normal 9.238795e-01 3.826834e-01 0.000000e+00
    outer loop
      vertex   3.857094e+01 3.045110e+02 1.000000e+01
      vertex   3.871347e+01 3.041670e+02 5.000000e+00
      vertex   3.857094e+01 3.045110e+02 5.000000e+00
    endloop
  endfacet
  facet normal 9.914449e-01 1.305262e-01 0.000000e+00
    outer loop
      vertex   3.857094e+01 3.045110e+02 1.000000e+01
      vertex   3.857094e+01 3.045110e+02 5.000000e+00
      vertex   3.852233e+01 3.048803e+02 1.000000e+01
    endloop
  endfacet
  facet normal 9.914449e-01 1.305262e-01 0.000000e+00
    outer loop
      vertex   3.852233e+01 3.048803e+02 1.000000e+01
      vertex   3.857094e+01 3.045110e+02 5.000000e+00
      vertex   3.852233e+01 3.048803e+02 5.000000e+00
    endloop
  endfacet
  facet normal 9.914449e-01 -1.305262e-01 0.000000e+00
    outer loop
      vertex   3.852233e+01 3.048803e+02 1.000000e+01
      vertex   3.852233e+01 3.048803e+02 5.000000e+00
      vertex   3.857094e+01 3.052495e+02 1.000000e+01
    endloop
  endfacet
  facet normal 9.914449e-01 -1.305262e-01 0.000000e+00
    outer loop
      vertex   3.857094e+01 3.052495e+02 1.000000e+01
      vertex   3.852233e+01 3.048803e+02 5.000000e+00
      vertex   3.857094e+01 3.052495e+02 5.000000e+00
    endloop
  endfacet
  facet normal 9.238795e-01 -3.826834e-01 0.000000e+00
    outer loop
      vertex   3.857094e+01 3.052495e+02 1.000000e+01
      vertex   3.857094e+01 3.052495e+02 5.000000e+00
      vertex   3.871347e+01 3.055936e+02 1.000000e+01
    endloop
  endfacet
  facet normal 9.238795e-01 -3.826834e-01 -1.312912e-15
    outer loop
      vertex   3.871347e+01 3.055936e+02 1.000000e+01
      vertex   3.857094e+01 3.052495e+02 5.000000e+00
      vertex   3.871347e+01 3.055936e+02 5.000000e+00
    endloop
  endfacet
  facet normal 7.933533e-01 -6.087614e-01 -1.127423e-15
    outer loop
      vertex   3.871347e+01 3.055936e+02 1.000000e+01
      vertex   3.871347e+01 3.055936e+02 5.000000e+00
      vertex   3.894019e+01 3.058891e+02 1.000000e+01
    endloop
  endfacet
  facet normal 7.933533e-01 -6.087614e-01 -1.127423e-15
    outer loop
      vertex   3.894019e+01 3.058891e+02 1.000000e+01
      vertex   3.871347e+01 3.055936e+02 5.000000e+00
      vertex   3.894019e+01 3.058891e+02 5.000000e+00
    endloop
  endfacet
  facet normal 6.087614e-01 -7.933533e-01 -8.651020e-16
    outer loop
      vertex   3.894019e+01 3.058891e+02 1.000000e+01
      vertex   3.894019e+01 3.058891e+02 5.000000e+00
      vertex   3.923567e+01 3.061158e+02 1.000000e+01
    endloop
  endfacet
  facet normal 6.087614e-01 -7.933533e-01 8.651020e-16
    outer loop
      vertex   3.923567e+01 3.061158e+02 1.000000e+01
      vertex   3.894019e+01 3.058891e+02 5.000000e+00
      vertex   3.923567e+01 3.061158e+02 5.000000e+00
    endloop
  endfacet
  facet normal 3.826834e-01 -9.238795e-01 5.438259e-16
    outer loop
      vertex   3.923567e+01 3.061158e+02 1.000000e+01
      vertex   3.923567e+01 3.061158e+02 5.000000e+00
      vertex   3.957976e+01 3.062584e+02 1.000000e+01
    endloop
  endfacet
  facet normal 3.826834e-01 -9.238795e-01 0.000000e+00
    outer loop
      vertex   3.957976e+01 3.062584e+02 1.000000e+01
      vertex   3.923567e+01 3.061158e+02 5.000000e+00
      vertex   3.957976e+01 3.062584e+02 5.000000e+00
    endloop
  endfacet
  facet normal 1.305262e-01 -9.914449e-01 0.000000e+00
    outer loop
      vertex   3.957976e+01 3.062584e+02 1.000000e+01
      vertex   3.957976e+01 3.062584e+02 5.000000e+00
      vertex   3.994901e+01 3.063070e+02 1.000000e+01
    endloop
  endfacet
  facet normal 1.305262e-01 -9.914449e-01 0.000000e+00
    outer loop
      vertex   3.994901e+01 3.063070e+02 1.000000e+01
      vertex   3.957976e+01 3.062584e+02 5.000000e+00
      vertex   3.994901e+01 3.063070e+02 5.000000e+00
    endloop
  endfacet
  facet normal -1.305262e-01 -9.914449e-01 -0.000000e+00
    outer loop
      vertex   3.994901e+01 3.063070e+02 1.000000e+01
      vertex   3.994901e+01 3.063070e+02 5.000000e+00
      vertex   4.031826e+01 3.062584e+02 1.000000e+01
    endloop
  endfacet
  facet normal -1.305262e-01 -9.914449e-01 -0.000000e+00
    outer loop
      vertex   4.031826e+01 3.062584e+02 1.000000e+01
      vertex   3.994901e+01 3.063070e+02 5.000000e+00
      vertex   4.031826e+01 3.062584e+02 5.000000e+00
    endloop
  endfacet
  facet normal -3.826834e-01 -9.238795e-01 -0.000000e+00
    outer loop
      vertex   4.031826e+01 3.062584e+02 1.000000e+01
      vertex   4.031826e+01 3.062584e+02 5.000000e+00
      vertex   4.066235e+01 3.061158e+02 1.000000e+01
    endloop
  endfacet
  facet normal -3.826834e-01 -9.238795e-01 5.438259e-16
    outer loop
      vertex   4.066235e+01 3.061158e+02 1.000000e+01
      vertex   4.031826e+01 3.062584e+02 5.000000e+00
      vertex   4.066235e+01 3.061158e+02 5.000000e+00
    endloop
  endfacet
  facet normal -6.087614e-01 -7.933533e-01 8.651020e-16
    outer loop
      vertex   4.066235e+01 3.061158e+02 1.000000e+01
      vertex   4.066235e+01 3.061158e+02 5.000000e+00
      vertex   4.095782e+01 3.058891e+02 1.000000e+01
    endloop
  endfacet
  facet normal -6.087614e-01 -7.933533e-01 -8.651020e-16
    outer loop
      vertex   4.095782e+01 3.058891e+02 1.000000e+01
      vertex   4.066235e+01 3.061158e+02 5.000000e+00
      vertex   4.095782e+01 3.058891e+02 5.000000e+00
    endloop
  endfacet
  facet normal -7.933533e-01 -6.087614e-01 -1.127423e-15
    outer loop
      vertex   4.095782e+01 3.058891e+02 1.000000e+01
      vertex   4.095782e+01 3.058891e+02 5.000000e+00
      vertex   4.118455e+01 3.055936e+02 1.000000e+01
    endloop
  endfacet
  facet normal -7.933533e-01 -6.087614e-01 1.127423e-15
    outer loop
      vertex   4.118455e+01 3.055936e+02 1.000000e+01
      vertex   4.095782e+01 3.058891e+02 5.000000e+00
      vertex   4.118455e+01 3.055936e+02 5.000000e+00
    endloop
  endfacet
  facet normal -9.238795e-01 -3.826834e-01 1.312912e-15
    outer loop
      vertex   4.118455e+01 3.055936e+02 1.000000e+01
      vertex   4.118455e+01 3.055936e+02 5.000000e+00
      vertex   4.132707e+01 3.052495e+02 1.000000e+01
    endloop
  endfacet
  facet normal -9.238795e-01 -3.826834e-01 -0.000000e+00
    outer loop
      vertex   4.132707e+01 3.052495e+02 1.000000e+01
      vertex   4.118455e+01 3.055936e+02 5.000000e+00
      vertex   4.132707e+01 3.052495e+02 5.000000e+00
    endloop
  endfacet
  facet normal 9.914449e-01 -1.305262e-01 0.000000e+00
    outer loop
      vertex   4.188086e+01 3.043627e+02 1.000000e+01
      vertex   4.188086e+01 3.043627e+02 5.000000e+00
      vertex   4.194901e+01 3.048803e+02 1.000000e+01
    endloop
  endfacet
  facet normal 9.914449e-01 -1.305262e-01 0.000000e+00
    outer loop
      vertex   4.194901e+01 3.048803e+02 1.000000e+01
      vertex   4.188086e+01 3.043627e+02 5.000000e+00
      vertex   4.194901e+01 3.048803e+02 5.000000e+00
    endloop
  endfacet
  facet normal 9.914449e-01 1.305262e-01 0.000000e+00
    outer loop
      vertex   4.194901e+01 3.048803e+02 1.000000e+01
      vertex   4.194901e+01 3.048803e+02 5.000000e+00
      vertex   4.188086e+01 3.053979e+02 1.000000e+01
    endloop
  endfacet
  facet normal 9.914449e-01 1.305262e-01 0.000000e+00
    outer loop
      vertex   4.188086e+01 3.053979e+02 1.000000e+01
      vertex   4.194901e+01 3.048803e+02 5.000000e+00
      vertex   4.188086e+01 3.053979e+02 5.000000e+00
    endloop
  endfacet
  facet normal 9.238795e-01 3.826834e-01 0.000000e+00
    outer loop
      vertex   4.188086e+01 3.053979e+02 1.000000e+01
      vertex   4.188086e+01 3.053979e+02 5.000000e+00
      vertex   4.168106e+01 3.058803e+02 1.000000e+01
    endloop
  endfacet
  facet normal 9.238795e-01 3.826834e-01 0.000000e+00
    outer loop
      vertex   4.168106e+01 3.058803e+02 1.000000e+01
      vertex   4.188086e+01 3.053979e+02 5.000000e+00
      vertex   4.168106e+01 3.058803e+02 5.000000e+00
    endloop
  endfacet
  facet normal 7.933533e-01 6.087614e-01 0.000000e+00
    outer loop
      vertex   4.168106e+01 3.058803e+02 1.000000e+01
      vertex   4.168106e+01 3.058803e+02 5.000000e+00
      vertex   4.136322e+01 3.062945e+02 1.000000e+01
    endloop
  endfacet
  facet normal 7.933533e-01 6.087614e-01 0.000000e+00
    outer loop
      vertex   4.136322e+01 3.062945e+02 1.000000e+01
      vertex   4.168106e+01 3.058803e+02 5.000000e+00
      vertex   4.136322e+01 3.062945e+02 5.000000e+00
    endloop
  endfacet
  facet normal 6.087614e-01 7.933533e-01 0.000000e+00
    outer loop
      vertex   4.136322e+01 3.062945e+02 1.000000e+01
      vertex   4.136322e+01 3.062945e+02 5.000000e+00
      vertex   4.094901e+01 3.066123e+02 1.000000e+01
    endloop
  endfacet
  facet normal 6.087614e-01 7.933533e-01 0.000000e+00
    outer loop
      vertex   4.094901e+01 3.066123e+02 1.000000e+01
      vertex   4.136322e+01 3.062945e+02 5.000000e+00
      vertex   4.094901e+01 3.066123e+02 5.000000e+00
    endloop
  endfacet
  facet normal 3.826834e-01 9.238795e-01 0.000000e+00
    outer loop
      vertex   4.094901e+01 3.066123e+02 1.000000e+01
      vertex   4.094901e+01 3.066123e+02 5.000000e+00
      vertex   4.046665e+01 3.068121e+02 1.000000e+01
    endloop
  endfacet
  facet normal 3.826834e-01 9.238795e-01 0.000000e+00
    outer loop
      vertex   4.046665e+01 3.068121e+02 1.000000e+01
      vertex   4.094901e+01 3.066123e+02 5.000000e+00
      vertex   4.046665e+01 3.068121e+02 5.000000e+00
    endloop
  endfacet
  facet normal 1.305262e-01 9.914449e-01 0.000000e+00
    outer loop
      vertex   4.046665e+01 3.068121e+02 1.000000e+01
      vertex   4.046665e+01 3.068121e+02 5.000000e+00
      vertex   3.994901e+01 3.068803e+02 1.000000e+01
    endloop
  endfacet
  facet normal 1.305262e-01 9.914449e-01 0.000000e+00
    outer loop
      vertex   3.994901e+01 3.068803e+02 1.000000e+01
      vertex   4.046665e+01 3.068121e+02 5.000000e+00
      vertex   3.994901e+01 3.068803e+02 5.000000e+00
    endloop
  endfacet
  facet normal -1.305262e-01 9.914449e-01 0.000000e+00
    outer loop
      vertex   3.994901e+01 3.068803e+02 1.000000e+01
      vertex   3.994901e+01 3.068803e+02 5.000000e+00
      vertex   3.943137e+01 3.068121e+02 1.000000e+01
    endloop
  endfacet
  facet normal -1.305262e-01 9.914449e-01 0.000000e+00
    outer loop
      vertex   3.943137e+01 3.068121e+02 1.000000e+01
      vertex   3.994901e+01 3.068803e+02 5.000000e+00
      vertex   3.943137e+01 3.068121e+02 5.000000e+00
    endloop
  endfacet
  facet normal -3.826834e-01 9.238795e-01 0.000000e+00
    outer loop
      vertex   3.943137e+01 3.068121e+02 1.000000e+01
      vertex   3.943137e+01 3.068121e+02 5.000000e+00
      vertex   3.894901e+01 3.066123e+02 1.000000e+01
    endloop
  endfacet
  facet normal -3.826834e-01 9.238795e-01 5.438259e-16
    outer loop
      vertex   3.894901e+01 3.066123e+02 1.000000e+01
      vertex   3.943137e+01 3.068121e+02 5.000000e+00
      vertex   3.894901e+01 3.066123e+02 5.000000e+00
    endloop
  endfacet
  facet normal -6.087614e-01 7.933533e-01 8.651020e-16
    outer loop
      vertex   3.894901e+01 3.066123e+02 1.000000e+01
      vertex   3.894901e+01 3.066123e+02 5.000000e+00
      vertex   3.853479e+01 3.062945e+02 1.000000e+01
    endloop
  endfacet
  facet normal -6.087614e-01 7.933533e-01 0.000000e+00
    outer loop
      vertex   3.853479e+01 3.062945e+02 1.000000e+01
      vertex   3.894901e+01 3.066123e+02 5.000000e+00
      vertex   3.853479e+01 3.062945e+02 5.000000e+00
    endloop
  endfacet
  facet normal -7.933533e-01 6.087614e-01 0.000000e+00
    outer loop
      vertex   3.853479e+01 3.062945e+02 1.000000e+01
      vertex   3.853479e+01 3.062945e+02 5.000000e+00
      vertex   3.821696e+01 3.058803e+02 1.000000e+01
    endloop
  endfacet
  facet normal -7.933533e-01 6.087614e-01 0.000000e+00
    outer loop
      vertex   3.821696e+01 3.058803e+02 1.000000e+01
      vertex   3.853479e+01 3.062945e+02 5.000000e+00
      vertex   3.821696e+01 3.058803e+02 5.000000e+00
    endloop
  endfacet
  facet normal -9.238795e-01 3.826834e-01 0.000000e+00
    outer loop
      vertex   3.821696e+01 3.058803e+02 1.000000e+01
      vertex   3.821696e+01 3.058803e+02 5.000000e+00
      vertex   3.801716e+01 3.053979e+02 1.000000e+01
    endloop
  endfacet
  facet normal -9.238795e-01 3.826834e-01 0.000000e+00
    outer loop
      vertex   3.801716e+01 3.053979e+02 1.000000e+01
      vertex   3.821696e+01 3.058803e+02 5.000000e+00
      vertex   3.801716e+01 3.053979e+02 5.000000e+00
    endloop
  endfacet
  facet normal -9.914449e-01 1.305262e-01 0.000000e+00
    outer loop
      vertex   3.801716e+01 3.053979e+02 1.000000e+01
      vertex   3.801716e+01 3.053979e+02 5.000000e+00
      vertex   3.794901e+01 3.048803e+02 1.000000e+01
    endloop
  endfacet
  facet normal -9.914449e-01 1.305262e-01 0.000000e+00
    outer loop
      vertex   3.794901e+01 3.048803e+02 1.000000e+01
      vertex   3.801716e+01 3.053979e+02 5.000000e+00
      vertex   3.794901e+01 3.048803e+02 5.000000e+00
    endloop
  endfacet
  facet normal -9.914449e-01 -1.305262e-01 -0.000000e+00
    outer loop
      vertex   3.794901e+01 3.048803e+02 1.000000e+01
      vertex   3.794901e+01 3.048803e+02 5.000000e+00
      vertex   3.801716e+01 3.043627e+02 1.000000e+01
    endloop
  endfacet
  facet normal -9.914449e-01 -1.305262e-01 -0.000000e+00
    outer loop
      vertex   3.801716e+01 3.043627e+02 1.000000e+01
      vertex   3.794901e+01 3.048803e+02 5.000000e+00
      vertex   3.801716e+01 3.043627e+02 5.000000e+00
    endloop
  endfacet
  facet normal -9.238795e-01 -3.826834e-01 -0.000000e+00
    outer loop
      vertex   3.801716e+01 3.043627e+02 1.000000e+01
      vertex   3.801716e+01 3.043627e+02 5.000000e+00
      vertex   3.821696e+01 3.038803e+02 1.000000e+01
    endloop
  endfacet
  facet normal -9.238795e-01 -3.826834e-01 -0.000000e+00
    outer loop
      vertex   3.821696e+01 3.038803e+02 1.000000e+01
      vertex   3.801716e+01 3.043627e+02 5.000000e+00
      vertex   3.821696e+01 3.038803e+02 5.000000e+00
    endloop
  endfacet
  facet normal -7.933533e-01 -6.087614e-01 -0.000000e+00
    outer loop
      vertex   3.821696e+01 3.038803e+02 1.000000e+01
      vertex   3.821696e+01 3.038803e+02 5.000000e+00
      vertex   3.853479e+01 3.034661e+02 1.000000e+01
    endloop
  endfacet
  facet normal -7.933533e-01 -6.087614e-01 -0.000000e+00
    outer loop
      vertex   3.853479e+01 3.034661e+02 1.000000e+01
      vertex   3.821696e+01 3.038803e+02 5.000000e+00
      vertex   3.853479e+01 3.034661e+02 5.000000e+00
    endloop
  endfacet
  facet normal -6.087614e-01 -7.933533e-01 -0.000000e+00
    outer loop
      vertex   3.853479e+01 3.034661e+02 1.000000e+01
      vertex   3.853479e+01 3.034661e+02 5.000000e+00
      vertex   3.894901e+01 3.031482e+02 1.000000e+01
    endloop
  endfacet
  facet normal -6.087614e-01 -7.933533e-01 -8.651020e-16
    outer loop
      vertex   3.894901e+01 3.031482e+02 1.000000e+01
      vertex   3.853479e+01 3.034661e+02 5.000000e+00
      vertex   3.894901e+01 3.031482e+02 5.000000e+00
    endloop
  endfacet
  facet normal -3.826834e-01 -9.238795e-01 -5.438259e-16
    outer loop
      vertex   3.894901e+01 3.031482e+02 1.000000e+01
      vertex   3.894901e+01 3.031482e+02 5.000000e+00
      vertex   3.943137e+01 3.029484e+02 1.000000e+01
    endloop
  endfacet
  facet normal -3.826834e-01 -9.238795e-01 -0.000000e+00
    outer loop
      vertex   3.943137e+01 3.029484e+02 1.000000e+01
      vertex   3.894901e+01 3.031482e+02 5.000000e+00
      vertex   3.943137e+01 3.029484e+02 5.000000e+00
    endloop
  endfacet
  facet normal -1.305262e-01 -9.914449e-01 -0.000000e+00
    outer loop
      vertex   3.943137e+01 3.029484e+02 1.000000e+01
      vertex   3.943137e+01 3.029484e+02 5.000000e+00
      vertex   3.994901e+01 3.028803e+02 1.000000e+01
    endloop
  endfacet
  facet normal -1.305262e-01 -9.914449e-01 -0.000000e+00
    outer loop
      vertex   3.994901e+01 3.028803e+02 1.000000e+01
      vertex   3.943137e+01 3.029484e+02 5.000000e+00
      vertex   3.994901e+01 3.028803e+02 5.000000e+00
    endloop
  endfacet
  facet normal 1.305262e-01 -9.914449e-01 0.000000e+00
    outer loop
      vertex   3.994901e+01 3.028803e+02 1.000000e+01
      vertex   3.994901e+01 3.028803e+02 5.000000e+00
      vertex   4.046665e+01 3.029484e+02 1.000000e+01
    endloop
  endfacet
  facet normal 1.305262e-01 -9.914449e-01 0.000000e+00
    outer loop
      vertex   4.046665e+01 3.029484e+02 1.000000e+01
      vertex   3.994901e+01 3.028803e+02 5.000000e+00
      vertex   4.046665e+01 3.029484e+02 5.000000e+00
    endloop
  endfacet
  facet normal 3.826834e-01 -9.238795e-01 0.000000e+00
    outer loop
      vertex   4.046665e+01 3.029484e+02 1.000000e+01
      vertex   4.046665e+01 3.029484e+02 5.000000e+00
      vertex   4.094901e+01 3.031482e+02 1.000000e+01
    endloop
  endfacet
  facet normal 3.826834e-01 -9.238795e-01 0.000000e+00
    outer loop
      vertex   4.094901e+01 3.031482e+02 1.000000e+01
      vertex   4.046665e+01 3.029484e+02 5.000000e+00
      vertex   4.094901e+01 3.031482e+02 5.000000e+00
    endloop
  endfacet
  facet normal 6.087614e-01 -7.933533e-01 0.000000e+00
    outer loop
      vertex   4.094901e+01 3.031482e+02 1.000000e+01
      vertex   4.094901e+01 3.031482e+02 5.000000e+00
      vertex   4.136322e+01 3.034661e+02 1.000000e+01
    endloop
  endfacet
  facet normal 6.087614e-01 -7.933533e-01 0.000000e+00
    outer loop
      vertex   4.136322e+01 3.034661e+02 1.000000e+01
      vertex   4.094901e+01 3.031482e+02 5.000000e+00
      vertex   4.136322e+01 3.034661e+02 5.000000e+00
    endloop
  endfacet
  facet normal 7.933533e-01 -6.087614e-01 0.000000e+00
    outer loop
      vertex   4.136322e+01 3.034661e+02 1.000000e+01
      vertex   4.136322e+01 3.034661e+02 5.000000e+00
      vertex   4.168106e+01 3.038803e+02 1.000000e+01
    endloop
  endfacet
  facet normal 7.933533e-01 -6.087614e-01 0.000000e+00
    outer loop
      vertex   4.168106e+01 3.038803e+02 1.000000e+01
      vertex   4.136322e+01 3.034661e+02 5.000000e+00
      vertex   4.168106e+01 3.038803e+02 5.000000e+00
    endloop
  endfacet
  facet normal 9.238795e-01 -3.826834e-01 0.000000e+00
    outer loop
      vertex   4.168106e+01 3.038803e+02 1.000000e+01
      vertex   4.168106e+01 3.038803e+02 5.000000e+00
      vertex   4.188086e+01 3.043627e+02 1.000000e+01
    endloop
  endfacet
  facet normal 9.238795e-01 -3.826834e-01 0.000000e+00
    outer loop
      vertex   4.188086e+01 3.043627e+02 1.000000e+01
      vertex   4.168106e+01 3.038803e+02 5.000000e+00
      vertex   4.188086e+01 3.043627e+02 5.000000e+00
    endloop
  endfacet
  facet normal 0.000000e+00 0.000000e+00 1.000000e+00
    outer loop
      vertex   4.132707e+01 3.052495e+02 1.000000e+01
      vertex   4.137569e+01 3.048803e+02 1.000000e+01
      vertex   4.194901e+01 3.048803e+02 1.000000e+01
    endloop
  endfacet
  facet normal 0.000000e+00 0.000000e+00 1.000000e+00
    outer loop
      vertex   4.194901e+01 3.048803e+02 1.000000e+01
      vertex   4.137569e+01 3.048803e+02 1.000000e+01
      vertex   4.132707e+01 3.045110e+02 1.000000e+01
    endloop
  endfacet
  facet normal 0.000000e+00 0.000000e+00 1.000000e+00
    outer loop
      vertex   4.194901e+01 3.048803e+02 1.000000e+01
      vertex   4.132707e+01 3.045110e+02 1.000000e+01
      vertex   4.188086e+01 3.043627e+02 1.000000e+01
    endloop
  endfacet
  facet normal 0.000000e+00 0.000000e+00 1.000000e+00
    outer loop
      vertex   4.188086e+01 3.043627e+02 1.000000e+01
      vertex   4.132707e+01 3.045110e+02 1.000000e+01
      vertex   4.118455e+01 3.041670e+02 1.000000e+01
    endloop
  endfacet
  facet normal 0.000000e+00 0.000000e+00 1.000000e+00
    outer loop
      vertex   4.188086e+01 3.043627e+02 1.000000e+01
      vertex   4.118455e+01 3.041670e+02 1.000000e+01
      vertex   4.168106e+01 3.038803e+02 1.000000e+01
    endloop
  endfacet
  facet normal 0.000000e+00 0.000000e+00 1.000000e+00
    outer loop
      vertex   4.168106e+01 3.038803e+02 1.000000e+01
      vertex   4.118455e+01 3.041670e+02 1.000000e+01
      vertex   4.095782e+01 3.038715e+02 1.000000e+01
    endloop
  endfacet
  facet normal 0.000000e+00 0.000000e+00 1.000000e+00
    outer loop
      vertex   4.168106e+01 3.038803e+02 1.000000e+01
      vertex   4.095782e+01 3.038715e+02 1.000000e+01
      vertex   4.136322e+01 3.034661e+02 1.000000e+01
    endloop
  endfacet
  facet normal 0.000000e+00 0.000000e+00 1.000000e+00
    outer loop
      vertex   4.136322e+01 3.034661e+02 1.000000e+01
      vertex   4.095782e+01 3.038715e+02 1.000000e+01
      vertex   4.066235e+01 3.036448e+02 1.000000e+01
    endloop
  endfacet
  facet normal 0.000000e+00 0.000000e+00 1.000000e+00
    outer loop
      vertex   4.136322e+01 3.034661e+02 1.000000e+01
      vertex   4.066235e+01 3.036448e+02 1.000000e+01
      vertex   4.094901e+01 3.031482e+02 1.000000e+01
    endloop
  endfacet
  facet normal 0.000000e+00 0.000000e+00 1.000000e+00
    outer loop
      vertex   4.094901e+01 3.031482e+02 1.000000e+01
      vertex   4.066235e+01 3.036448e+02 1.000000e+01
      vertex   4.031826e+01 3.035022e+02 1.000000e+01
    endloop
  endfacet
  facet normal 0.000000e+00 0.000000e+00 1.000000e+00
    outer loop
      vertex   4.094901e+01 3.031482e+02 1.000000e+01
      vertex   4.031826e+01 3.035022e+02 1.000000e+01
      vertex   4.046665e+01 3.029484e+02 1.000000e+01
    endloop
  endfacet
  facet normal 0.000000e+00 0.000000e+00 1.000000e+00
    outer loop
      vertex   4.046665e+01 3.029484e+02 1.000000e+01
      vertex   4.031826e+01 3.035022e+02 1.000000e+01
      vertex   3.994901e+01 3.034536e+02 1.000000e+01
    endloop
  endfacet
  facet normal 0.000000e+00 0.000000e+00 1.000000e+00
    outer loop
      vertex   4.046665e+01 3.029484e+02 1.000000e+01
      vertex   3.994901e+01 3.034536e+02 1.000000e+01
      vertex   3.994901e+01 3.028803e+02 1.000000e+01
    endloop
  endfacet
  facet normal 0.000000e+00 -0.000000e+00 1.000000e+00
    outer loop
      vertex   3.994901e+01 3.028803e+02 1.000000e+01
      vertex   3.994901e+01 3.034536e+02 1.000000e+01
      vertex   3.943137e+01 3.029484e+02 1.000000e+01
    endloop
  endfacet
  facet normal 0.000000e+00 0.000000e+00 1.000000e+00
    outer loop
      vertex   3.943137e+01 3.029484e+02 1.000000e+01
      vertex   3.994901e+01 3.034536e+02 1.000000e+01
      vertex   3.957976e+01 3.035022e+02 1.000000e+01
    endloop
  endfacet
  facet normal 0.000000e+00 -0.000000e+00 1.000000e+00
    outer loop
      vertex   3.943137e+01 3.029484e+02 1.000000e+01
      vertex   3.957976e+01 3.035022e+02 1.000000e+01
      vertex   3.894901e+01 3.031482e+02 1.000000e+01
    endloop
  endfacet
  facet normal 0.000000e+00 0.000000e+00 1.000000e+00
    outer loop
      vertex   3.894901e+01 3.031482e+02 1.000000e+01
      vertex   3.957976e+01 3.035022e+02 1.000000e+01
      vertex   3.923567e+01 3.036448e+02 1.000000e+01
    endloop
  endfacet
  facet normal 0.000000e+00 -0.000000e+00 1.000000e+00
    outer loop
      vertex   3.894901e+01 3.031482e+02 1.000000e+01
      vertex   3.923567e+01 3.036448e+02 1.000000e+01
      vertex   3.853479e+01 3.034661e+02 1.000000e+01
    endloop
  endfacet
  facet normal 0.000000e+00 0.000000e+00 1.000000e+00
    outer loop
      vertex   3.853479e+01 3.034661e+02 1.000000e+01
      vertex   3.923567e+01 3.036448e+02 1.000000e+01
      vertex   3.894019e+01 3.038715e+02 1.000000e+01
    endloop
  endfacet
  facet normal 0.000000e+00 -0.000000e+00 1.000000e+00
    outer loop
      vertex   3.853479e+01 3.034661e+02 1.000000e+01
      vertex   3.894019e+01 3.038715e+02 1.000000e+01
      vertex   3.821696e+01 3.038803e+02 1.000000e+01
    endloop
  endfacet
  facet normal -0.000000e+00 0.000000e+00 1.000000e+00
    outer loop
      vertex   3.821696e+01 3.038803e+02 1.000000e+01
      vertex   3.894019e+01 3.038715e+02 1.000000e+01
      vertex   3.871347e+01 3.041670e+02 1.000000e+01
    endloop
  endfacet
  facet normal 0.000000e+00 -0.000000e+00 1.000000e+00
    outer loop
      vertex   3.821696e+01 3.038803e+02 1.000000e+01
      vertex   3.871347e+01 3.041670e+02 1.000000e+01
      vertex   3.801716e+01 3.043627e+02 1.000000e+01
    endloop
  endfacet
  facet normal -0.000000e+00 0.000000e+00 1.000000e+00
    outer loop
      vertex   3.801716e+01 3.043627e+02 1.000000e+01
      vertex   3.871347e+01 3.041670e+02 1.000000e+01
      vertex   3.857094e+01 3.045110e+02 1.000000e+01
    endloop
  endfacet
  facet normal 0.000000e+00 -0.000000e+00 1.000000e+00
    outer loop
      vertex   3.801716e+01 3.043627e+02 1.000000e+01
      vertex   3.857094e+01 3.045110e+02 1.000000e+01
      vertex   3.794901e+01 3.048803e+02 1.000000e+01
    endloop
  endfacet
  facet normal -0.000000e+00 0.000000e+00 1.000000e+00
    outer loop
      vertex   3.794901e+01 3.048803e+02 1.000000e+01
      vertex   3.857094e+01 3.045110e+02 1.000000e+01
      vertex   3.852233e+01 3.048803e+02 1.000000e+01
    endloop
  endfacet
  facet normal 0.000000e+00 0.000000e+00 1.000000e+00
    outer loop
      vertex   3.794901e+01 3.048803e+02 1.000000e+01
      vertex   3.852233e+01 3.048803e+02 1.000000e+01
      vertex   3.801716e+01 3.053979e+02 1.000000e+01
    endloop
  endfacet
  facet normal 0.000000e+00 0.000000e+00 1.000000e+00
    outer loop
      vertex   3.801716e+01 3.053979e+02 1.000000e+01
      vertex   3.852233e+01 3.048803e+02 1.000000e+01
      vertex   3.857094e+01 3.052495e+02 1.000000e+01
    endloop
  endfacet
  facet normal -0.000000e+00 0.000000e+00 1.000000e+00
    outer loop
      vertex   3.801716e+01 3.053979e+02 1.000000e+01
      vertex   3.857094e+01 3.052495e+02 1.000000e+01
      vertex   3.871347e+01 3.055936e+02 1.000000e+01
    endloop
  endfacet
  facet normal 0.000000e+00 0.000000e+00 1.000000e+00
    outer loop
      vertex   3.801716e+01 3.053979e+02 1.000000e+01
      vertex   3.871347e+01 3.055936e+02 1.000000e+01
      vertex   3.821696e+01 3.058803e+02 1.000000e+01
    endloop
  endfacet
  facet normal -0.000000e+00 0.000000e+00 1.000000e+00
    outer loop
      vertex   3.821696e+01 3.058803e+02 1.000000e+01
      vertex   3.871347e+01 3.055936e+02 1.000000e+01
      vertex   3.894019e+01 3.058891e+02 1.000000e+01
    endloop
  endfacet
  facet normal 0.000000e+00 0.000000e+00 1.000000e+00
    outer loop
      vertex   3.821696e+01 3.058803e+02 1.000000e+01
      vertex   3.894019e+01 3.058891e+02 1.000000e+01
      vertex   3.853479e+01 3.062945e+02 1.000000e+01
    endloop
  endfacet
  facet normal 0.000000e+00 0.000000e+00 1.000000e+00
    outer loop
      vertex   3.853479e+01 3.062945e+02 1.000000e+01
      vertex   3.894019e+01 3.058891e+02 1.000000e+01
      vertex   3.923567e+01 3.061158e+02 1.000000e+01
    endloop
  endfacet
  facet normal -0.000000e+00 0.000000e+00 1.000000e+00
    outer loop
      vertex   3.853479e+01 3.062945e+02 1.000000e+01
      vertex   3.923567e+01 3.061158e+02 1.000000e+01
      vertex   3.894901e+01 3.066123e+02 1.000000e+01
    endloop
  endfacet
  facet normal 0.000000e+00 0.000000e+00 1.000000e+00
    outer loop
      vertex   3.894901e+01 3.066123e+02 1.000000e+01
      vertex   3.923567e+01 3.061158e+02 1.000000e+01
      vertex   3.957976e+01 3.062584e+02 1.000000e+01
    endloop
  endfacet
  facet normal -0.000000e+00 0.000000e+00 1.000000e+00
    outer loop
      vertex   3.894901e+01 3.066123e+02 1.000000e+01
      vertex   3.957976e+01 3.062584e+02 1.000000e+01
      vertex   3.943137e+01 3.068121e+02 1.000000e+01
    endloop
  endfacet
  facet normal 0.000000e+00 0.000000e+00 1.000000e+00
    outer loop
      vertex   3.943137e+01 3.068121e+02 1.000000e+01
      vertex   3.957976e+01 3.062584e+02 1.000000e+01
      vertex   3.994901e+01 3.063070e+02 1.000000e+01
    endloop
  endfacet
  facet normal -0.000000e+00 0.000000e+00 1.000000e+00
    outer loop
      vertex   3.943137e+01 3.068121e+02 1.000000e+01
      vertex   3.994901e+01 3.063070e+02 1.000000e+01
      vertex   3.994901e+01 3.068803e+02 1.000000e+01
    endloop
  endfacet
  facet normal 0.000000e+00 0.000000e+00 1.000000e+00
    outer loop
      vertex   3.994901e+01 3.068803e+02 1.000000e+01
      vertex   3.994901e+01 3.063070e+02 1.000000e+01
      vertex   4.046665e+01 3.068121e+02 1.000000e+01
    endloop
  endfacet
  facet normal 0.000000e+00 0.000000e+00 1.000000e+00
    outer loop
      vertex   4.046665e+01 3.068121e+02 1.000000e+01
      vertex   3.994901e+01 3.063070e+02 1.000000e+01
      vertex   4.031826e+01 3.062584e+02 1.000000e+01
    endloop
  endfacet
  facet normal 0.000000e+00 0.000000e+00 1.000000e+00
    outer loop
      vertex   4.046665e+01 3.068121e+02 1.000000e+01
      vertex   4.031826e+01 3.062584e+02 1.000000e+01
      vertex   4.094901e+01 3.066123e+02 1.000000e+01
    endloop
  endfacet
  facet normal 0.000000e+00 0.000000e+00 1.000000e+00
    outer loop
      vertex   4.094901e+01 3.066123e+02 1.000000e+01
      vertex   4.031826e+01 3.062584e+02 1.000000e+01
      vertex   4.066235e+01 3.061158e+02 1.000000e+01
    endloop
  endfacet
  facet normal 0.000000e+00 0.000000e+00 1.000000e+00
    outer loop
      vertex   4.094901e+01 3.066123e+02 1.000000e+01
      vertex   4.066235e+01 3.061158e+02 1.000000e+01
      vertex   4.136322e+01 3.062945e+02 1.000000e+01
    endloop
  endfacet
  facet normal 0.000000e+00 0.000000e+00 1.000000e+00
    outer loop
      vertex   4.136322e+01 3.062945e+02 1.000000e+01
      vertex   4.066235e+01 3.061158e+02 1.000000e+01
      vertex   4.095782e+01 3.058891e+02 1.000000e+01
    endloop
  endfacet
  facet normal 0.000000e+00 0.000000e+00 1.000000e+00
    outer loop
      vertex   4.136322e+01 3.062945e+02 1.000000e+01
      vertex   4.095782e+01 3.058891e+02 1.000000e+01
      vertex   4.168106e+01 3.058803e+02 1.000000e+01
    endloop
  endfacet
  facet normal 0.000000e+00 0.000000e+00 1.000000e+00
    outer loop
      vertex   4.168106e+01 3.058803e+02 1.000000e+01
      vertex   4.095782e+01 3.058891e+02 1.000000e+01
      vertex   4.118455e+01 3.055936e+02 1.000000e+01
    endloop
  endfacet
  facet normal 0.000000e+00 0.000000e+00 1.000000e+00
    outer loop
      vertex   4.168106e+01 3.058803e+02 1.000000e+01
      vertex   4.118455e+01 3.055936e+02 1.000000e+01
      vertex   4.188086e+01 3.053979e+02 1.000000e+01
    endloop
  endfacet
  facet normal 0.000000e+00 0.000000e+00 1.000000e+00
    outer loop
      vertex   4.188086e+01 3.053979e+02 1.000000e+01
      vertex   4.118455e+01 3.055936e+02 1.000000e+01
      vertex   4.132707e+01 3.052495e+02 1.000000e+01
    endloop
  endfacet
  facet normal 0.000000e+00 0.000000e+00 1.000000e+00
    outer loop
      vertex   4.188086e+01 3.053979e+02 1.000000e+01
      vertex   4.132707e+01 3.052495e+02 1.000000e+01
      vertex   4.194901e+01 3.048803e+02 1.000000e+01
    endloop
  endfacet
  facet normal 9.914449e-01 -1.305262e-01 0.000000e+00
    outer loop
      vertex   -4.838712e+01 3.229441e+02 8.000000e+00
      vertex   -4.838712e+01 3.229441e+02 5.000000e+00
      vertex   -4.830194e+01 3.235911e+02 8.000000e+00
    endloop
  endfacet
  facet normal 9.914449e-01 -1.305262e-01 0.000000e+00
    outer loop
      vertex   -4.830194e+01 3.235911e+02 8.000000e+00
      vertex   -4.838712e+01 3.229441e+02 5.000000e+00
      vertex   -4.830194e+01 3.235911e+02 5.000000e+00
    endloop
  endfacet
  facet normal 9.914449e-01 1.305262e-01 0.000000e+00
    outer loop
      vertex   -4.830194e+01 3.235911e+02 8.000000e+00
      vertex   -4.830194e+01 3.235911e+02 5.000000e+00
      vertex   -4.838712e+01 3.242382e+02 8.000000e+00
    endloop
  endfacet
  facet normal 9.914449e-01 1.305262e-01 0.000000e+00
    outer loop
      vertex   -4.838712e+01 3.242382e+02 8.000000e+00
      vertex   -4.830194e+01 3.235911e+02 5.000000e+00
      vertex   -4.838712e+01 3.242382e+02 5.000000e+00
    endloop
  endfacet
  facet normal 9.238795e-01 3.826834e-01 0.000000e+00
    outer loop
      vertex   -4.838712e+01 3.242382e+02 8.000000e+00
      vertex   -4.838712e+01 3.242382e+02 5.000000e+00
      vertex   -4.863687e+01 3.248411e+02 8.000000e+00
    endloop
  endfacet
  facet normal 9.238795e-01 3.826834e-01 0.000000e+00
    outer loop
      vertex   -4.863687e+01 3.248411e+02 8.000000e+00
      vertex   -4.838712e+01 3.242382e+02 5.000000e+00
      vertex   -4.863687e+01 3.248411e+02 5.000000e+00
    endloop
  endfacet
  facet normal 7.933533e-01 6.087614e-01 0.000000e+00
    outer loop
      vertex   -4.863687e+01 3.248411e+02 8.000000e+00
      vertex   -4.863687e+01 3.248411e+02 5.000000e+00
      vertex   -4.903417e+01 3.253589e+02 8.000000e+00
    endloop
  endfacet
  facet normal 7.933533e-01 6.087614e-01 0.000000e+00
    outer loop
      vertex   -4.903417e+01 3.253589e+02 8.000000e+00
      vertex   -4.863687e+01 3.248411e+02 5.000000e+00
      vertex   -4.903417e+01 3.253589e+02 5.000000e+00
    endloop
  endfacet
  facet normal 6.087614e-01 7.933533e-01 0.000000e+00
    outer loop
      vertex   -4.903417e+01 3.253589e+02 8.000000e+00
      vertex   -4.903417e+01 3.253589e+02 5.000000e+00
      vertex   -4.955194e+01 3.257562e+02 8.000000e+00
    endloop
  endfacet
  facet normal 6.087614e-01 7.933533e-01 0.000000e+00
    outer loop
      vertex   -4.955194e+01 3.257562e+02 8.000000e+00
      vertex   -4.903417e+01 3.253589e+02 5.000000e+00
      vertex   -4.955194e+01 3.257562e+02 5.000000e+00
    endloop
  endfacet
  facet normal 3.826834e-01 9.238795e-01 0.000000e+00
    outer loop
      vertex   -4.955194e+01 3.257562e+02 8.000000e+00
      vertex   -4.955194e+01 3.257562e+02 5.000000e+00
      vertex   -5.015489e+01 3.260059e+02 8.000000e+00
    endloop
  endfacet
  facet normal 3.826834e-01 9.238795e-01 0.000000e+00
    outer loop
      vertex   -5.015489e+01 3.260059e+02 8.000000e+00
      vertex   -4.955194e+01 3.257562e+02 5.000000e+00
      vertex   -5.015489e+01 3.260059e+02 5.000000e+00
    endloop
  endfacet
  facet normal 1.305262e-01 9.914449e-01 0.000000e+00
    outer loop
      vertex   -5.015489e+01 3.260059e+02 8.000000e+00
      vertex   -5.015489e+01 3.260059e+02 5.000000e+00
      vertex   -5.080194e+01 3.260911e+02 8.000000e+00
    endloop
  endfacet
  facet normal 1.305262e-01 9.914449e-01 0.000000e+00
    outer loop
      vertex   -5.080194e+01 3.260911e+02 8.000000e+00
      vertex   -5.015489e+01 3.260059e+02 5.000000e+00
      vertex   -5.080194e+01 3.260911e+02 5.000000e+00
    endloop
  endfacet
  facet normal -1.305262e-01 9.914449e-01 0.000000e+00
    outer loop
      vertex   -5.080194e+01 3.260911e+02 8.000000e+00
      vertex   -5.080194e+01 3.260911e+02 5.000000e+00
      vertex   -5.144898e+01 3.260059e+02 8.000000e+00
    endloop
  endfacet
  facet normal -1.305262e-01 9.914449e-01 0.000000e+00
    outer loop
      vertex   -5.144898e+01 3.260059e+02 8.000000e+00
      vertex   -5.080194e+01 3.260911e+02 5.000000e+00
      vertex   -5.144898e+01 3.260059e+02 5.000000e+00
    endloop
  endfacet
  facet normal -3.826834e-01 9.238795e-01 0.000000e+00
    outer loop
      vertex   -5.144898e+01 3.260059e+02 8.000000e+00
      vertex   -5.144898e+01 3.260059e+02 5.000000e+00
      vertex   -5.205194e+01 3.257562e+02 8.000000e+00
    endloop
  endfacet
  facet normal -3.826834e-01 9.238795e-01 0.000000e+00
    outer loop
      vertex   -5.205194e+01 3.257562e+02 8.000000e+00
      vertex   -5.144898e+01 3.260059e+02 5.000000e+00
      vertex   -5.205194e+01 3.257562e+02 5.000000e+00
    endloop
  endfacet
  facet normal -6.087614e-01 7.933533e-01 0.000000e+00
    outer loop
      vertex   -5.205194e+01 3.257562e+02 8.000000e+00
      vertex   -5.205194e+01 3.257562e+02 5.000000e+00
      vertex   -5.256970e+01 3.253589e+02 8.000000e+00
    endloop
  endfacet
  facet normal -6.087614e-01 7.933533e-01 0.000000e+00
    outer loop
      vertex   -5.256970e+01 3.253589e+02 8.000000e+00
      vertex   -5.205194e+01 3.257562e+02 5.000000e+00
      vertex   -5.256970e+01 3.253589e+02 5.000000e+00
    endloop
  endfacet
  facet normal -7.933533e-01 6.087614e-01 0.000000e+00
    outer loop
      vertex   -5.256970e+01 3.253589e+02 8.000000e+00
      vertex   -5.256970e+01 3.253589e+02 5.000000e+00
      vertex   -5.296700e+01 3.248411e+02 8.000000e+00
    endloop
  endfacet
  facet normal -7.933533e-01 6.087614e-01 0.000000e+00
    outer loop
      vertex   -5.296700e+01 3.248411e+02 8.000000e+00
      vertex   -5.256970e+01 3.253589e+02 5.000000e+00
      vertex   -5.296700e+01 3.248411e+02 5.000000e+00
    endloop
  endfacet
  facet normal -9.238795e-01 3.826834e-01 0.000000e+00
    outer loop
      vertex   -5.296700e+01 3.248411e+02 8.000000e+00
      vertex   -5.296700e+01 3.248411e+02 5.000000e+00
      vertex   -5.321675e+01 3.242382e+02 8.000000e+00
    endloop
  endfacet
  facet normal -9.238795e-01 3.826834e-01 0.000000e+00
    outer loop
      vertex   -5.321675e+01 3.242382e+02 8.000000e+00
      vertex   -5.296700e+01 3.248411e+02 5.000000e+00
      vertex   -5.321675e+01 3.242382e+02 5.000000e+00
    endloop
  endfacet
  facet normal -9.914449e-01 1.305262e-01 0.000000e+00
    outer loop
      vertex   -5.321675e+01 3.242382e+02 8.000000e+00
      vertex   -5.321675e+01 3.242382e+02 5.000000e+00
      vertex   -5.330194e+01 3.235911e+02 8.000000e+00
    endloop
  endfacet
  facet normal -9.914449e-01 1.305262e-01 0.000000e+00
    outer loop
      vertex   -5.330194e+01 3.235911e+02 8.000000e+00
      vertex   -5.321675e+01 3.242382e+02 5.000000e+00
      vertex   -5.330194e+01 3.235911e+02 5.000000e+00
    endloop
  endfacet
  facet normal -9.914449e-01 -1.305262e-01 -0.000000e+00
    outer loop
      vertex   -5.330194e+01 3.235911e+02 8.000000e+00
      vertex   -5.330194e+01 3.235911e+02 5.000000e+00
      vertex   -5.321675e+01 3.229441e+02 8.000000e+00
    endloop
  endfacet
  facet normal -9.914449e-01 -1.305262e-01 -0.000000e+00
    outer loop
      vertex   -5.321675e+01 3.229441e+02 8.000000e+00
      vertex   -5.330194e+01 3.235911e+02 5.000000e+00
      vertex   -5.321675e+01 3.229441e+02 5.000000e+00
    endloop
  endfacet
  facet normal -9.238795e-01 -3.826834e-01 -0.000000e+00
    outer loop
      vertex   -5.321675e+01 3.229441e+02 8.000000e+00
      vertex   -5.321675e+01 3.229441e+02 5.000000e+00
      vertex   -5.296700e+01 3.223411e+02 8.000000e+00
    endloop
  endfacet
  facet normal -9.238795e-01 -3.826834e-01 -0.000000e+00
    outer loop
      vertex   -5.296700e+01 3.223411e+02 8.000000e+00
      vertex   -5.321675e+01 3.229441e+02 5.000000e+00
      vertex   -5.296700e+01 3.223411e+02 5.000000e+00
    endloop
  endfacet
  facet normal -7.933533e-01 -6.087614e-01 -0.000000e+00
    outer loop
      vertex   -5.296700e+01 3.223411e+02 8.000000e+00
      vertex   -5.296700e+01 3.223411e+02 5.000000e+00
      vertex   -5.256970e+01 3.218234e+02 8.000000e+00
    endloop
  endfacet
  facet normal -7.933533e-01 -6.087614e-01 -0.000000e+00
    outer loop
      vertex   -5.256970e+01 3.218234e+02 8.000000e+00
      vertex   -5.296700e+01 3.223411e+02 5.000000e+00
      vertex   -5.256970e+01 3.218234e+02 5.000000e+00
    endloop
  endfacet
  facet normal -6.087614e-01 -7.933533e-01 -0.000000e+00
    outer loop
      vertex   -5.256970e+01 3.218234e+02 8.000000e+00
      vertex   -5.256970e+01 3.218234e+02 5.000000e+00
      vertex   -5.205194e+01 3.214261e+02 8.000000e+00
    endloop
  endfacet
  facet normal -6.087614e-01 -7.933533e-01 -0.000000e+00
    outer loop
      vertex   -5.205194e+01 3.214261e+02 8.000000e+00
      vertex   -5.256970e+01 3.218234e+02 5.000000e+00
      vertex   -5.205194e+01 3.214261e+02 5.000000e+00
    endloop
  endfacet
  facet normal -3.826834e-01 -9.238795e-01 -0.000000e+00
    outer loop
      vertex   -5.205194e+01 3.214261e+02 8.000000e+00
      vertex   -5.205194e+01 3.214261e+02 5.000000e+00
      vertex   -5.144898e+01 3.211763e+02 8.000000e+00
    endloop
  endfacet
  facet normal -3.826834e-01 -9.238795e-01 -0.000000e+00
    outer loop
      vertex   -5.144898e+01 3.211763e+02 8.000000e+00
      vertex   -5.205194e+01 3.214261e+02 5.000000e+00
      vertex   -5.144898e+01 3.211763e+02 5.000000e+00
    endloop
  endfacet
  facet normal -1.305262e-01 -9.914449e-01 -0.000000e+00
    outer loop
      vertex   -5.144898e+01 3.211763e+02 8.000000e+00
      vertex   -5.144898e+01 3.211763e+02 5.000000e+00
      vertex   -5.080194e+01 3.210911e+02 8.000000e+00
    endloop
  endfacet
  facet normal -1.305262e-01 -9.914449e-01 -0.000000e+00
    outer loop
      vertex   -5.080194e+01 3.210911e+02 8.000000e+00
      vertex   -5.144898e+01 3.211763e+02 5.000000e+00
      vertex   -5.080194e+01 3.210911e+02 5.000000e+00
    endloop
  endfacet
  facet normal 1.305262e-01 -9.914449e-01 0.000000e+00
    outer loop
      vertex   -5.080194e+01 3.210911e+02 8.000000e+00
      vertex   -5.080194e+01 3.210911e+02 5.000000e+00
      vertex   -5.015489e+01 3.211763e+02 8.000000e+00
    endloop
  endfacet
  facet normal 1.305262e-01 -9.914449e-01 0.000000e+00
    outer loop
      vertex   -5.015489e+01 3.211763e+02 8.000000e+00
      vertex   -5.080194e+01 3.210911e+02 5.000000e+00
      vertex   -5.015489e+01 3.211763e+02 5.000000e+00
    endloop
  endfacet
  facet normal 3.826834e-01 -9.238795e-01 0.000000e+00
    outer loop
      vertex   -5.015489e+01 3.211763e+02 8.000000e+00
      vertex   -5.015489e+01 3.211763e+02 5.000000e+00
      vertex   -4.955194e+01 3.214261e+02 8.000000e+00
    endloop
  endfacet
  facet normal 3.826834e-01 -9.238795e-01 0.000000e+00
    outer loop
      vertex   -4.955194e+01 3.214261e+02 8.000000e+00
      vertex   -5.015489e+01 3.211763e+02 5.000000e+00
      vertex   -4.955194e+01 3.214261e+02 5.000000e+00
    endloop
  endfacet
  facet normal 6.087614e-01 -7.933533e-01 0.000000e+00
    outer loop
      vertex   -4.955194e+01 3.214261e+02 8.000000e+00
      vertex   -4.955194e+01 3.214261e+02 5.000000e+00
      vertex   -4.903417e+01 3.218234e+02 8.000000e+00
    endloop
  endfacet
  facet normal 6.087614e-01 -7.933533e-01 0.000000e+00
    outer loop
      vertex   -4.903417e+01 3.218234e+02 8.000000e+00
      vertex   -4.955194e+01 3.214261e+02 5.000000e+00
      vertex   -4.903417e+01 3.218234e+02 5.000000e+00
    endloop
  endfacet
  facet normal 7.933533e-01 -6.087614e-01 0.000000e+00
    outer loop
      vertex   -4.903417e+01 3.218234e+02 8.000000e+00
      vertex   -4.903417e+01 3.218234e+02 5.000000e+00
      vertex   -4.863687e+01 3.223411e+02 8.000000e+00
    endloop
  endfacet
  facet normal 7.933533e-01 -6.087614e-01 0.000000e+00
    outer loop
      vertex   -4.863687e+01 3.223411e+02 8.000000e+00
      vertex   -4.903417e+01 3.218234e+02 5.000000e+00
      vertex   -4.863687e+01 3.223411e+02 5.000000e+00
    endloop
  endfacet
  facet normal 9.238795e-01 -3.826834e-01 0.000000e+00
    outer loop
      vertex   -4.863687e+01 3.223411e+02 8.000000e+00
      vertex   -4.863687e+01 3.223411e+02 5.000000e+00
      vertex   -4.838712e+01 3.229441e+02 8.000000e+00
    endloop
  endfacet
  facet normal 9.238795e-01 -3.826834e-01 0.000000e+00
    outer loop
      vertex   -4.838712e+01 3.229441e+02 8.000000e+00
      vertex   -4.863687e+01 3.223411e+02 5.000000e+00
      vertex   -4.838712e+01 3.229441e+02 5.000000e+00
    endloop
  endfacet
  facet normal 0.000000e+00 0.000000e+00 1.000000e+00
    outer loop
      vertex   -4.927719e+01 3.239997e+02 8.000000e+00
      vertex   -4.922340e+01 3.235911e+02 8.000000e+00
      vertex   -4.830194e+01 3.235911e+02 8.000000e+00
    endloop
  endfacet
  facet normal 0.000000e+00 0.000000e+00 1.000000e+00
    outer loop
      vertex   -4.830194e+01 3.235911e+02 8.000000e+00
      vertex   -4.922340e+01 3.235911e+02 8.000000e+00
      vertex   -4.927719e+01 3.231826e+02 8.000000e+00
    endloop
  endfacet
  facet normal 0.000000e+00 0.000000e+00 1.000000e+00
    outer loop
      vertex   -4.830194e+01 3.235911e+02 8.000000e+00
      vertex   -4.927719e+01 3.231826e+02 8.000000e+00
      vertex   -4.838712e+01 3.229441e+02 8.000000e+00
    endloop
  endfacet
  facet normal 0.000000e+00 0.000000e+00 1.000000e+00
    outer loop
      vertex   -4.838712e+01 3.229441e+02 8.000000e+00
      vertex   -4.927719e+01 3.231826e+02 8.000000e+00
      vertex   -4.943489e+01 3.228019e+02 8.000000e+00
    endloop
  endfacet
  facet normal 0.000000e+00 0.000000e+00 1.000000e+00
    outer loop
      vertex   -4.838712e+01 3.229441e+02 8.000000e+00
      vertex   -4.943489e+01 3.228019e+02 8.000000e+00
      vertex   -4.863687e+01 3.223411e+02 8.000000e+00
    endloop
  endfacet
  facet normal 0.000000e+00 0.000000e+00 1.000000e+00
    outer loop
      vertex   -4.863687e+01 3.223411e+02 8.000000e+00
      vertex   -4.943489e+01 3.228019e+02 8.000000e+00
      vertex   -4.968575e+01 3.224749e+02 8.000000e+00
    endloop
  endfacet
  facet normal 0.000000e+00 0.000000e+00 1.000000e+00
    outer loop
      vertex   -4.863687e+01 3.223411e+02 8.000000e+00
      vertex   -4.968575e+01 3.224749e+02 8.000000e+00
      vertex   -4.903417e+01 3.218234e+02 8.000000e+00
    endloop
  endfacet
  facet normal 0.000000e+00 0.000000e+00 1.000000e+00
    outer loop
      vertex   -4.903417e+01 3.218234e+02 8.000000e+00
      vertex   -4.968575e+01 3.224749e+02 8.000000e+00
      vertex   -5.001267e+01 3.222241e+02 8.000000e+00
    endloop
  endfacet
  facet normal 0.000000e+00 0.000000e+00 1.000000e+00
    outer loop
      vertex   -4.903417e+01 3.218234e+02 8.000000e+00
      vertex   -5.001267e+01 3.222241e+02 8.000000e+00
      vertex   -4.955194e+01 3.214261e+02 8.000000e+00
    endloop
  endfacet
  facet normal 0.000000e+00 0.000000e+00 1.000000e+00
    outer loop
      vertex   -4.955194e+01 3.214261e+02 8.000000e+00
      vertex   -5.001267e+01 3.222241e+02 8.000000e+00
      vertex   -5.039338e+01 3.220664e+02 8.000000e+00
    endloop
  endfacet
  facet normal 0.000000e+00 0.000000e+00 1.000000e+00
    outer loop
      vertex   -4.955194e+01 3.214261e+02 8.000000e+00
      vertex   -5.039338e+01 3.220664e+02 8.000000e+00
      vertex   -5.015489e+01 3.211763e+02 8.000000e+00
    endloop
  endfacet
  facet normal 0.000000e+00 0.000000e+00 1.000000e+00
    outer loop
      vertex   -5.015489e+01 3.211763e+02 8.000000e+00
      vertex   -5.039338e+01 3.220664e+02 8.000000e+00
      vertex   -5.080194e+01 3.220126e+02 8.000000e+00
    endloop
  endfacet
  facet normal 0.000000e+00 0.000000e+00 1.000000e+00
    outer loop
      vertex   -5.015489e+01 3.211763e+02 8.000000e+00
      vertex   -5.080194e+01 3.220126e+02 8.000000e+00
      vertex   -5.080194e+01 3.210911e+02 8.000000e+00
    endloop
  endfacet
  facet normal 0.000000e+00 -0.000000e+00 1.000000e+00
    outer loop
      vertex   -5.080194e+01 3.210911e+02 8.000000e+00
      vertex   -5.080194e+01 3.220126e+02 8.000000e+00
      vertex   -5.144898e+01 3.211763e+02 8.000000e+00
    endloop
  endfacet
  facet normal 0.000000e+00 0.000000e+00 1.000000e+00
    outer loop
      vertex   -5.144898e+01 3.211763e+02 8.000000e+00
      vertex   -5.080194e+01 3.220126e+02 8.000000e+00
      vertex   -5.121049e+01 3.220664e+02 8.000000e+00
    endloop
  endfacet
  facet normal 0.000000e+00 -0.000000e+00 1.000000e+00
    outer loop
      vertex   -5.144898e+01 3.211763e+02 8.000000e+00
      vertex   -5.121049e+01 3.220664e+02 8.000000e+00
      vertex   -5.205194e+01 3.214261e+02 8.000000e+00
    endloop
  endfacet
  facet normal 0.000000e+00 0.000000e+00 1.000000e+00
    outer loop
      vertex   -5.205194e+01 3.214261e+02 8.000000e+00
      vertex   -5.121049e+01 3.220664e+02 8.000000e+00
      vertex   -5.159120e+01 3.222241e+02 8.000000e+00
    endloop
  endfacet
  facet normal 0.000000e+00 -0.000000e+00 1.000000e+00
    outer loop
      vertex   -5.205194e+01 3.214261e+02 8.000000e+00
      vertex   -5.159120e+01 3.222241e+02 8.000000e+00
      vertex   -5.256970e+01 3.218234e+02 8.000000e+00
    endloop
  endfacet
  facet normal 0.000000e+00 0.000000e+00 1.000000e+00
    outer loop
      vertex   -5.256970e+01 3.218234e+02 8.000000e+00
      vertex   -5.159120e+01 3.222241e+02 8.000000e+00
      vertex   -5.191813e+01 3.224749e+02 8.000000e+00
    endloop
  endfacet
  facet normal 0.000000e+00 -0.000000e+00 1.000000e+00
    outer loop
      vertex   -5.256970e+01 3.218234e+02 8.000000e+00
      vertex   -5.191813e+01 3.224749e+02 8.000000e+00
      vertex   -5.296700e+01 3.223411e+02 8.000000e+00
    endloop
  endfacet
  facet normal 0.000000e+00 0.000000e+00 1.000000e+00
    outer loop
      vertex   -5.296700e+01 3.223411e+02 8.000000e+00
      vertex   -5.191813e+01 3.224749e+02 8.000000e+00
      vertex   -5.216899e+01 3.228019e+02 8.000000e+00
    endloop
  endfacet
  facet normal 0.000000e+00 -0.000000e+00 1.000000e+00
    outer loop
      vertex   -5.296700e+01 3.223411e+02 8.000000e+00
      vertex   -5.216899e+01 3.228019e+02 8.000000e+00
      vertex   -5.321675e+01 3.229441e+02 8.000000e+00
    endloop
  endfacet
  facet normal -0.000000e+00 0.000000e+00 1.000000e+00
    outer loop
      vertex   -5.321675e+01 3.229441e+02 8.000000e+00
      vertex   -5.216899e+01 3.228019e+02 8.000000e+00
      vertex   -5.232668e+01 3.231826e+02 8.000000e+00
    endloop
  endfacet
  facet normal 0.000000e+00 -0.000000e+00 1.000000e+00
    outer loop
      vertex   -5.321675e+01 3.229441e+02 8.000000e+00
      vertex   -5.232668e+01 3.231826e+02 8.000000e+00
      vertex   -5.330194e+01 3.235911e+02 8.000000e+00
    endloop
  endfacet
  facet normal -0.000000e+00 0.000000e+00 1.000000e+00
    outer loop
      vertex   -5.330194e+01 3.235911e+02 8.000000e+00
      vertex   -5.232668e+01 3.231826e+02 8.000000e+00
      vertex   -5.238047e+01 3.235911e+02 8.000000e+00
    endloop
  endfacet
  facet normal 0.000000e+00 0.000000e+00 1.000000e+00
    outer loop
      vertex   -5.330194e+01 3.235911e+02 8.000000e+00
      vertex   -5.238047e+01 3.235911e+02 8.000000e+00
      vertex   -5.321675e+01 3.242382e+02 8.000000e+00
    endloop
  endfacet
  facet normal 0.000000e+00 0.000000e+00 1.000000e+00
    outer loop
      vertex   -5.321675e+01 3.242382e+02 8.000000e+00
      vertex   -5.238047e+01 3.235911e+02 8.000000e+00
      vertex   -5.232668e+01 3.239997e+02 8.000000e+00
    endloop
  endfacet
  facet normal -0.000000e+00 0.000000e+00 1.000000e+00
    outer loop
      vertex   -5.321675e+01 3.242382e+02 8.000000e+00
      vertex   -5.232668e+01 3.239997e+02 8.000000e+00
      vertex   -5.216899e+01 3.243804e+02 8.000000e+00
    endloop
  endfacet
  facet normal 0.000000e+00 0.000000e+00 1.000000e+00
    outer loop
      vertex   -5.321675e+01 3.242382e+02 8.000000e+00
      vertex   -5.216899e+01 3.243804e+02 8.000000e+00
      vertex   -5.296700e+01 3.248411e+02 8.000000e+00
    endloop
  endfacet
  facet normal 0.000000e+00 0.000000e+00 1.000000e+00
    outer loop
      vertex   -5.296700e+01 3.248411e+02 8.000000e+00
      vertex   -5.216899e+01 3.243804e+02 8.000000e+00
      vertex   -5.191813e+01 3.247073e+02 8.000000e+00
    endloop
  endfacet
  facet normal -0.000000e+00 0.000000e+00 1.000000e+00
    outer loop
      vertex   -5.296700e+01 3.248411e+02 8.000000e+00
      vertex   -5.191813e+01 3.247073e+02 8.000000e+00
      vertex   -5.256970e+01 3.253589e+02 8.000000e+00
    endloop
  endfacet
  facet normal 0.000000e+00 0.000000e+00 1.000000e+00
    outer loop
      vertex   -5.256970e+01 3.253589e+02 8.000000e+00
      vertex   -5.191813e+01 3.247073e+02 8.000000e+00
      vertex   -5.159120e+01 3.249582e+02 8.000000e+00
    endloop
  endfacet
  facet normal -0.000000e+00 0.000000e+00 1.000000e+00
    outer loop
      vertex   -5.256970e+01 3.253589e+02 8.000000e+00
      vertex   -5.159120e+01 3.249582e+02 8.000000e+00
      vertex   -5.205194e+01 3.257562e+02 8.000000e+00
    endloop
  endfacet
  facet normal 0.000000e+00 0.000000e+00 1.000000e+00
    outer loop
      vertex   -5.205194e+01 3.257562e+02 8.000000e+00
      vertex   -5.159120e+01 3.249582e+02 8.000000e+00
      vertex   -5.121049e+01 3.251159e+02 8.000000e+00
    endloop
  endfacet
  facet normal -0.000000e+00 0.000000e+00 1.000000e+00
    outer loop
      vertex   -5.205194e+01 3.257562e+02 8.000000e+00
      vertex   -5.121049e+01 3.251159e+02 8.000000e+00
      vertex   -5.144898e+01 3.260059e+02 8.000000e+00
    endloop
  endfacet
  facet normal 0.000000e+00 0.000000e+00 1.000000e+00
    outer loop
      vertex   -5.144898e+01 3.260059e+02 8.000000e+00
      vertex   -5.121049e+01 3.251159e+02 8.000000e+00
      vertex   -5.080194e+01 3.251697e+02 8.000000e+00
    endloop
  endfacet
  facet normal -0.000000e+00 0.000000e+00 1.000000e+00
    outer loop
      vertex   -5.144898e+01 3.260059e+02 8.000000e+00
      vertex   -5.080194e+01 3.251697e+02 8.000000e+00
      vertex   -5.080194e+01 3.260911e+02 8.000000e+00
    endloop
  endfacet
  facet normal 0.000000e+00 0.000000e+00 1.000000e+00
    outer loop
      vertex   -5.080194e+01 3.260911e+02 8.000000e+00
      vertex   -5.080194e+01 3.251697e+02 8.000000e+00
      vertex   -5.015489e+01 3.260059e+02 8.000000e+00
    endloop
  endfacet
  facet normal 0.000000e+00 0.000000e+00 1.000000e+00
    outer loop
      vertex   -5.015489e+01 3.260059e+02 8.000000e+00
      vertex   -5.080194e+01 3.251697e+02 8.000000e+00
      vertex   -5.039338e+01 3.251159e+02 8.000000e+00
    endloop
  endfacet
  facet normal 0.000000e+00 0.000000e+00 1.000000e+00
    outer loop
      vertex   -5.015489e+01 3.260059e+02 8.000000e+00
      vertex   -5.039338e+01 3.251159e+02 8.000000e+00
      vertex   -4.955194e+01 3.257562e+02 8.000000e+00
    endloop
  endfacet
  facet normal 0.000000e+00 0.000000e+00 1.000000e+00
    outer loop
      vertex   -4.955194e+01 3.257562e+02 8.000000e+00
      vertex   -5.039338e+01 3.251159e+02 8.000000e+00
      vertex   -5.001267e+01 3.249582e+02 8.000000e+00
    endloop
  endfacet
  facet normal 0.000000e+00 0.000000e+00 1.000000e+00
    outer loop
      vertex   -4.955194e+01 3.257562e+02 8.000000e+00
      vertex   -5.001267e+01 3.249582e+02 8.000000e+00
      vertex   -4.903417e+01 3.253589e+02 8.000000e+00
    endloop
  endfacet
  facet normal 0.000000e+00 0.000000e+00 1.000000e+00
    outer loop
      vertex   -4.903417e+01 3.253589e+02 8.000000e+00
      vertex   -5.001267e+01 3.249582e+02 8.000000e+00
      vertex   -4.968575e+01 3.247073e+02 8.000000e+00
    endloop
  endfacet
  facet normal 0.000000e+00 0.000000e+00 1.000000e+00
    outer loop
      vertex   -4.903417e+01 3.253589e+02 8.000000e+00
      vertex   -4.968575e+01 3.247073e+02 8.000000e+00
      vertex   -4.863687e+01 3.248411e+02 8.000000e+00
    endloop
  endfacet
  facet normal 0.000000e+00 0.000000e+00 1.000000e+00
    outer loop
      vertex   -4.863687e+01 3.248411e+02 8.000000e+00
      vertex   -4.968575e+01 3.247073e+02 8.000000e+00
      vertex   -4.943489e+01 3.243804e+02 8.000000e+00
    endloop
  endfacet
  facet normal 0.000000e+00 0.000000e+00 1.000000e+00
    outer loop
      vertex   -4.863687e+01 3.248411e+02 8.000000e+00
      vertex   -4.943489e+01 3.243804e+02 8.000000e+00
      vertex   -4.838712e+01 3.242382e+02 8.000000e+00
    endloop
  endfacet
  facet normal 0.000000e+00 0.000000e+00 1.000000e+00
    outer loop
      vertex   -4.838712e+01 3.242382e+02 8.000000e+00
      vertex   -4.943489e+01 3.243804e+02 8.000000e+00
      vertex   -4.927719e+01 3.239997e+02 8.000000e+00
    endloop
  endfacet
  facet normal 0.000000e+00 0.000000e+00 1.000000e+00
    outer loop
      vertex   -4.838712e+01 3.242382e+02 8.000000e+00
      vertex   -4.927719e+01 3.239997e+02 8.000000e+00
      vertex   -4.830194e+01 3.235911e+02 8.000000e+00
    endloop
  endfacet
  facet normal 9.914449e-01 -1.305262e-01 0.000000e+00
    outer loop
      vertex   -5.194414e+00 3.737454e+02 8.000000e+00
      vertex   -5.194414e+00 3.737454e+02 5.000000e+00
      vertex   -5.109229e+00 3.743925e+02 8.000000e+00
    endloop
  endfacet
  facet normal 9.914449e-01 -1.305262e-01 0.000000e+00
    outer loop
      vertex   -5.109229e+00 3.743925e+02 8.000000e+00
      vertex   -5.194414e+00 3.737454e+02 5.000000e+00
      vertex   -5.109229e+00 3.743925e+02 5.000000e+00
    endloop
  endfacet
  facet normal 9.914449e-01 1.305262e-01 0.000000e+00
    outer loop
      vertex   -5.109229e+00 3.743925e+02 8.000000e+00
      vertex   -5.109229e+00 3.743925e+02 5.000000e+00
      vertex   -5.194414e+00 3.750395e+02 8.000000e+00
    endloop
  endfacet
  facet normal 9.914449e-01 1.305262e-01 0.000000e+00
    outer loop
      vertex   -5.194414e+00 3.750395e+02 8.000000e+00
      vertex   -5.109229e+00 3.743925e+02 5.000000e+00
      vertex   -5.194414e+00 3.750395e+02 5.000000e+00
    endloop
  endfacet
  facet normal 9.238795e-01 3.826834e-01 0.000000e+00
    outer loop
      vertex   -5.194414e+00 3.750395e+02 8.000000e+00
      vertex   -5.194414e+00 3.750395e+02 5.000000e+00
      vertex   -5.444165e+00 3.756425e+02 8.000000e+00
    endloop
  endfacet
  facet normal 9.238795e-01 3.826834e-01 -2.735233e-16
    outer loop
      vertex   -5.444165e+00 3.756425e+02 8.000000e+00
      vertex   -5.194414e+00 3.750395e+02 5.000000e+00
      vertex   -5.444165e+00 3.756425e+02 5.000000e+00
    endloop
  endfacet
  facet normal 7.933533e-01 6.087614e-01 -2.348798e-16
    outer loop
      vertex   -5.444165e+00 3.756425e+02 8.000000e+00
      vertex   -5.444165e+00 3.756425e+02 5.000000e+00
      vertex   -5.841462e+00 3.761602e+02 8.000000e+00
    endloop
  endfacet
  facet normal 7.933533e-01 6.087614e-01 0.000000e+00
    outer loop
      vertex   -5.841462e+00 3.761602e+02 8.000000e+00
      vertex   -5.444165e+00 3.756425e+02 5.000000e+00
      vertex   -5.841462e+00 3.761602e+02 5.000000e+00
    endloop
  endfacet
  facet normal 6.087614e-01 7.933533e-01 0.000000e+00
    outer loop
      vertex   -5.841462e+00 3.761602e+02 8.000000e+00
      vertex   -5.841462e+00 3.761602e+02 5.000000e+00
      vertex   -6.359229e+00 3.765575e+02 8.000000e+00
    endloop
  endfacet
  facet normal 6.087614e-01 7.933533e-01 -5.406888e-16
    outer loop
      vertex   -6.359229e+00 3.765575e+02 8.000000e+00
      vertex   -5.841462e+00 3.761602e+02 5.000000e+00
      vertex   -6.359229e+00 3.765575e+02 5.000000e+00
    endloop
  endfacet
  facet normal 3.826834e-01 9.238795e-01 -3.398912e-16
    outer loop
      vertex   -6.359229e+00 3.765575e+02 8.000000e+00
      vertex   -6.359229e+00 3.765575e+02 5.000000e+00
      vertex   -6.962181e+00 3.768073e+02 8.000000e+00
    endloop
  endfacet
  facet normal 3.826834e-01 9.238795e-01 -1.132971e-16
    outer loop
      vertex   -6.962181e+00 3.768073e+02 8.000000e+00
      vertex   -6.359229e+00 3.765575e+02 5.000000e+00
      vertex   -6.962181e+00 3.768073e+02 5.000000e+00
    endloop
  endfacet
  facet normal 1.305262e-01 9.914449e-01 -3.864352e-17
    outer loop
      vertex   -6.962181e+00 3.768073e+02 8.000000e+00
      vertex   -6.962181e+00 3.768073e+02 5.000000e+00
      vertex   -7.609229e+00 3.768925e+02 8.000000e+00
    endloop
  endfacet
  facet normal 1.305262e-01 9.914449e-01 0.000000e+00
    outer loop
      vertex   -7.609229e+00 3.768925e+02 8.000000e+00
      vertex   -6.962181e+00 3.768073e+02 5.000000e+00
      vertex   -7.609229e+00 3.768925e+02 5.000000e+00
    endloop
  endfacet
  facet normal -1.305262e-01 9.914449e-01 0.000000e+00
    outer loop
      vertex   -7.609229e+00 3.768925e+02 8.000000e+00
      vertex   -7.609229e+00 3.768925e+02 5.000000e+00
      vertex   -8.256277e+00 3.768073e+02 8.000000e+00
    endloop
  endfacet
  facet normal -1.305262e-01 9.914449e-01 7.728703e-17
    outer loop
      vertex   -8.256277e+00 3.768073e+02 8.000000e+00
      vertex   -7.609229e+00 3.768925e+02 5.000000e+00
      vertex   -8.256277e+00 3.768073e+02 5.000000e+00
    endloop
  endfacet
  facet normal -3.826834e-01 9.238795e-01 2.265941e-16
    outer loop
      vertex   -8.256277e+00 3.768073e+02 8.000000e+00
      vertex   -8.256277e+00 3.768073e+02 5.000000e+00
      vertex   -8.859229e+00 3.765575e+02 8.000000e+00
    endloop
  endfacet
  facet normal -3.826834e-01 9.238795e-01 2.265941e-16
    outer loop
      vertex   -8.859229e+00 3.765575e+02 8.000000e+00
      vertex   -8.256277e+00 3.768073e+02 5.000000e+00
      vertex   -8.859229e+00 3.765575e+02 5.000000e+00
    endloop
  endfacet
  facet normal -6.087614e-01 7.933533e-01 3.604592e-16
    outer loop
      vertex   -8.859229e+00 3.765575e+02 8.000000e+00
      vertex   -8.859229e+00 3.765575e+02 5.000000e+00
      vertex   -9.376996e+00 3.761602e+02 8.000000e+00
    endloop
  endfacet
  facet normal -6.087614e-01 7.933533e-01 0.000000e+00
    outer loop
      vertex   -9.376996e+00 3.761602e+02 8.000000e+00
      vertex   -8.859229e+00 3.765575e+02 5.000000e+00
      vertex   -9.376996e+00 3.761602e+02 5.000000e+00
    endloop
  endfacet
  facet normal -7.933533e-01 6.087614e-01 0.000000e+00
    outer loop
      vertex   -9.376996e+00 3.761602e+02 8.000000e+00
      vertex   -9.376996e+00 3.761602e+02 5.000000e+00
      vertex   -9.774292e+00 3.756425e+02 8.000000e+00
    endloop
  endfacet
  facet normal -7.933533e-01 6.087614e-01 4.697595e-16
    outer loop
      vertex   -9.774292e+00 3.756425e+02 8.000000e+00
      vertex   -9.376996e+00 3.761602e+02 5.000000e+00
      vertex   -9.774292e+00 3.756425e+02 5.000000e+00
    endloop
  endfacet
  facet normal -9.238795e-01 3.826834e-01 5.470466e-16
    outer loop
      vertex   -9.774292e+00 3.756425e+02 8.000000e+00
      vertex   -9.774292e+00 3.756425e+02 5.000000e+00
      vertex   -1.002404e+01 3.750395e+02 8.000000e+00
    endloop
  endfacet
  facet normal -9.238795e-01 3.826834e-01 5.470466e-16
    outer loop
      vertex   -1.002404e+01 3.750395e+02 8.000000e+00
      vertex   -9.774292e+00 3.756425e+02 5.000000e+00
      vertex   -1.002404e+01 3.750395e+02 5.000000e+00
    endloop
  endfacet
  facet normal -9.914449e-01 1.305262e-01 5.870533e-16
    outer loop
      vertex   -1.002404e+01 3.750395e+02 8.000000e+00
      vertex   -1.002404e+01 3.750395e+02 5.000000e+00
      vertex   -1.010923e+01 3.743925e+02 8.000000e+00
    endloop
  endfacet
  facet normal -9.914449e-01 1.305262e-01 0.000000e+00
    outer loop
      vertex   -1.010923e+01 3.743925e+02 8.000000e+00
      vertex   -1.002404e+01 3.750395e+02 5.000000e+00
      vertex   -1.010923e+01 3.743925e+02 5.000000e+00
    endloop
  endfacet
  facet normal -9.914449e-01 -1.305262e-01 -0.000000e+00
    outer loop
      vertex   -1.010923e+01 3.743925e+02 8.000000e+00
      vertex   -1.010923e+01 3.743925e+02 5.000000e+00
      vertex   -1.002404e+01 3.737454e+02 8.000000e+00
    endloop
  endfacet
  facet normal -9.914449e-01 -1.305262e-01 -5.870533e-16
    outer loop
      vertex   -1.002404e+01 3.737454e+02 8.000000e+00
      vertex   -1.010923e+01 3.743925e+02 5.000000e+00
      vertex   -1.002404e+01 3.737454e+02 5.000000e+00
    endloop
  endfacet
  facet normal -9.238795e-01 -3.826834e-01 -5.470466e-16
    outer loop
      vertex   -1.002404e+01 3.737454e+02 8.000000e+00
      vertex   -1.002404e+01 3.737454e+02 5.000000e+00
      vertex   -9.774292e+00 3.731425e+02 8.000000e+00
    endloop
  endfacet
  facet normal -9.238795e-01 -3.826834e-01 -5.470466e-16
    outer loop
      vertex   -9.774292e+00 3.731425e+02 8.000000e+00
      vertex   -1.002404e+01 3.737454e+02 5.000000e+00
      vertex   -9.774292e+00 3.731425e+02 5.000000e+00
    endloop
  endfacet
  facet normal -7.933533e-01 -6.087614e-01 -4.697595e-16
    outer loop
      vertex   -9.774292e+00 3.731425e+02 8.000000e+00
      vertex   -9.774292e+00 3.731425e+02 5.000000e+00
      vertex   -9.376996e+00 3.726247e+02 8.000000e+00
    endloop
  endfacet
  facet normal -7.933533e-01 -6.087614e-01 -0.000000e+00
    outer loop
      vertex   -9.376996e+00 3.726247e+02 8.000000e+00
      vertex   -9.774292e+00 3.731425e+02 5.000000e+00
      vertex   -9.376996e+00 3.726247e+02 5.000000e+00
    endloop
  endfacet
  facet normal -6.087614e-01 -7.933533e-01 -0.000000e+00
    outer loop
      vertex   -9.376996e+00 3.726247e+02 8.000000e+00
      vertex   -9.376996e+00 3.726247e+02 5.000000e+00
      vertex   -8.859229e+00 3.722274e+02 8.000000e+00
    endloop
  endfacet
  facet normal -6.087614e-01 -7.933533e-01 -3.604592e-16
    outer loop
      vertex   -8.859229e+00 3.722274e+02 8.000000e+00
      vertex   -9.376996e+00 3.726247e+02 5.000000e+00
      vertex   -8.859229e+00 3.722274e+02 5.000000e+00
    endloop
  endfacet
  facet normal -3.826834e-01 -9.238795e-01 -2.265941e-16
    outer loop
      vertex   -8.859229e+00 3.722274e+02 8.000000e+00
      vertex   -8.859229e+00 3.722274e+02 5.000000e+00
      vertex   -8.256277e+00 3.719777e+02 8.000000e+00
    endloop
  endfacet
  facet normal -3.826834e-01 -9.238795e-01 -2.265941e-16
    outer loop
      vertex   -8.256277e+00 3.719777e+02 8.000000e+00
      vertex   -8.859229e+00 3.722274e+02 5.000000e+00
      vertex   -8.256277e+00 3.719777e+02 5.000000e+00
    endloop
  endfacet
  facet normal -1.305262e-01 -9.914449e-01 -7.728703e-17
    outer loop
      vertex   -8.256277e+00 3.719777e+02 8.000000e+00
      vertex   -8.256277e+00 3.719777e+02 5.000000e+00
      vertex   -7.609229e+00 3.718925e+02 8.000000e+00
    endloop
  endfacet
  facet normal -1.305262e-01 -9.914449e-01 -0.000000e+00
    outer loop
      vertex   -7.609229e+00 3.718925e+02 8.000000e+00
      vertex   -8.256277e+00 3.719777e+02 5.000000e+00
      vertex   -7.609229e+00 3.718925e+02 5.000000e+00
    endloop
  endfacet
  facet normal 1.305262e-01 -9.914449e-01 0.000000e+00
    outer loop
      vertex   -7.609229e+00 3.718925e+02 8.000000e+00
      vertex   -7.609229e+00 3.718925e+02 5.000000e+00
      vertex   -6.962181e+00 3.719777e+02 8.000000e+00
    endloop
  endfacet
  facet normal 1.305262e-01 -9.914449e-01 3.864352e-17
    outer loop
      vertex   -6.962181e+00 3.719777e+02 8.000000e+00
      vertex   -7.609229e+00 3.718925e+02 5.000000e+00
      vertex   -6.962181e+00 3.719777e+02 5.000000e+00
    endloop
  endfacet
  facet normal 3.826834e-01 -9.238795e-01 1.132971e-16
    outer loop
      vertex   -6.962181e+00 3.719777e+02 8.000000e+00
      vertex   -6.962181e+00 3.719777e+02 5.000000e+00
      vertex   -6.359229e+00 3.722274e+02 8.000000e+00
    endloop
  endfacet
  facet normal 3.826834e-01 -9.238795e-01 3.398912e-16
    outer loop
      vertex   -6.359229e+00 3.722274e+02 8.000000e+00
      vertex   -6.962181e+00 3.719777e+02 5.000000e+00
      vertex   -6.359229e+00 3.722274e+02 5.000000e+00
    endloop
  endfacet
  facet normal 6.087614e-01 -7.933533e-01 5.406888e-16
    outer loop
      vertex   -6.359229e+00 3.722274e+02 8.000000e+00
      vertex   -6.359229e+00 3.722274e+02 5.000000e+00
      vertex   -5.841462e+00 3.726247e+02 8.000000e+00
    endloop
  endfacet
  facet normal 6.087614e-01 -7.933533e-01 0.000000e+00
    outer loop
      vertex   -5.841462e+00 3.726247e+02 8.000000e+00
      vertex   -6.359229e+00 3.722274e+02 5.000000e+00
      vertex   -5.841462e+00 3.726247e+02 5.000000e+00
    endloop
  endfacet
  facet normal 7.933533e-01 -6.087614e-01 0.000000e+00
    outer loop
      vertex   -5.841462e+00 3.726247e+02 8.000000e+00
      vertex   -5.841462e+00 3.726247e+02 5.000000e+00
      vertex   -5.444165e+00 3.731425e+02 8.000000e+00
    endloop
  endfacet
  facet normal 7.933533e-01 -6.087614e-01 2.348798e-16
    outer loop
      vertex   -5.444165e+00 3.731425e+02 8.000000e+00
      vertex   -5.841462e+00 3.726247e+02 5.000000e+00
      vertex   -5.444165e+00 3.731425e+02 5.000000e+00
    endloop
  endfacet
  facet normal 9.238795e-01 -3.826834e-01 2.735233e-16
    outer loop
      vertex   -5.444165e+00 3.731425e+02 8.000000e+00
      vertex   -5.444165e+00 3.731425e+02 5.000000e+00
      vertex   -5.194414e+00 3.737454e+02 8.000000e+00
    endloop
  endfacet
  facet normal 9.238795e-01 -3.826834e-01 0.000000e+00
    outer loop
      vertex   -5.194414e+00 3.737454e+02 8.000000e+00
      vertex   -5.444165e+00 3.731425e+02 5.000000e+00
      vertex   -5.194414e+00 3.737454e+02 5.000000e+00
    endloop
  endfacet
  facet normal 0.000000e+00 0.000000e+00 1.000000e+00
    outer loop
      vertex   -6.074814e+00 3.748036e+02 8.000000e+00
      vertex   -6.020686e+00 3.743925e+02 8.000000e+00
      vertex   -5.109229e+00 3.743925e+02 8.000000e+00
    endloop
  endfacet
  facet normal 0.000000e+00 0.000000e+00 1.000000e+00
    outer loop
      vertex   -5.109229e+00 3.743925e+02 8.000000e+00
      vertex   -6.020686e+00 3.743925e+02 8.000000e+00
      vertex   -6.074814e+00 3.739813e+02 8.000000e+00
    endloop
  endfacet
  facet normal 0.000000e+00 0.000000e+00 1.000000e+00
    outer loop
      vertex   -5.109229e+00 3.743925e+02 8.000000e+00
      vertex   -6.074814e+00 3.739813e+02 8.000000e+00
      vertex   -5.194414e+00 3.737454e+02 8.000000e+00
    endloop
  endfacet
  facet normal 0.000000e+00 0.000000e+00 1.000000e+00
    outer loop
      vertex   -5.194414e+00 3.737454e+02 8.000000e+00
      vertex   -6.074814e+00 3.739813e+02 8.000000e+00
      vertex   -6.233510e+00 3.735982e+02 8.000000e+00
    endloop
  endfacet
  facet normal 0.000000e+00 0.000000e+00 1.000000e+00
    outer loop
      vertex   -5.194414e+00 3.737454e+02 8.000000e+00
      vertex   -6.233510e+00 3.735982e+02 8.000000e+00
      vertex   -5.444165e+00 3.731425e+02 8.000000e+00
    endloop
  endfacet
  facet normal 0.000000e+00 0.000000e+00 1.000000e+00
    outer loop
      vertex   -5.444165e+00 3.731425e+02 8.000000e+00
      vertex   -6.233510e+00 3.735982e+02 8.000000e+00
      vertex   -6.485959e+00 3.732692e+02 8.000000e+00
    endloop
  endfacet
  facet normal 0.000000e+00 0.000000e+00 1.000000e+00
    outer loop
      vertex   -5.444165e+00 3.731425e+02 8.000000e+00
      vertex   -6.485959e+00 3.732692e+02 8.000000e+00
      vertex   -5.841462e+00 3.726247e+02 8.000000e+00
    endloop
  endfacet
  facet normal 0.000000e+00 0.000000e+00 1.000000e+00
    outer loop
      vertex   -5.841462e+00 3.726247e+02 8.000000e+00
      vertex   -6.485959e+00 3.732692e+02 8.000000e+00
      vertex   -6.814957e+00 3.730167e+02 8.000000e+00
    endloop
  endfacet
  facet normal 0.000000e+00 0.000000e+00 1.000000e+00
    outer loop
      vertex   -5.841462e+00 3.726247e+02 8.000000e+00
      vertex   -6.814957e+00 3.730167e+02 8.000000e+00
      vertex   -6.359229e+00 3.722274e+02 8.000000e+00
    endloop
  endfacet
  facet normal 0.000000e+00 0.000000e+00 1.000000e+00
    outer loop
      vertex   -6.359229e+00 3.722274e+02 8.000000e+00
      vertex   -6.814957e+00 3.730167e+02 8.000000e+00
      vertex   -7.198084e+00 3.728581e+02 8.000000e+00
    endloop
  endfacet
  facet normal 0.000000e+00 0.000000e+00 1.000000e+00
    outer loop
      vertex   -6.359229e+00 3.722274e+02 8.000000e+00
      vertex   -7.198084e+00 3.728581e+02 8.000000e+00
      vertex   -6.962181e+00 3.719777e+02 8.000000e+00
    endloop
  endfacet
  facet normal 0.000000e+00 0.000000e+00 1.000000e+00
    outer loop
      vertex   -6.962181e+00 3.719777e+02 8.000000e+00
      vertex   -7.198084e+00 3.728581e+02 8.000000e+00
      vertex   -7.609229e+00 3.728039e+02 8.000000e+00
    endloop
  endfacet
  facet normal 0.000000e+00 0.000000e+00 1.000000e+00
    outer loop
      vertex   -6.962181e+00 3.719777e+02 8.000000e+00
      vertex   -7.609229e+00 3.728039e+02 8.000000e+00
      vertex   -7.609229e+00 3.718925e+02 8.000000e+00
    endloop
  endfacet
  facet normal 0.000000e+00 -0.000000e+00 1.000000e+00
    outer loop
      vertex   -7.609229e+00 3.718925e+02 8.000000e+00
      vertex   -7.609229e+00 3.728039e+02 8.000000e+00
      vertex   -8.256277e+00 3.719777e+02 8.000000e+00
    endloop
  endfacet
  facet normal 0.000000e+00 0.000000e+00 1.000000e+00
    outer loop
      vertex   -8.256277e+00 3.719777e+02 8.000000e+00
      vertex   -7.609229e+00 3.728039e+02 8.000000e+00
      vertex   -8.020374e+00 3.728581e+02 8.000000e+00
    endloop
  endfacet
  facet normal 0.000000e+00 -0.000000e+00 1.000000e+00
    outer loop
      vertex   -8.256277e+00 3.719777e+02 8.000000e+00
      vertex   -8.020374e+00 3.728581e+02 8.000000e+00
      vertex   -8.859229e+00 3.722274e+02 8.000000e+00
    endloop
  endfacet
  facet normal 0.000000e+00 0.000000e+00 1.000000e+00
    outer loop
      vertex   -8.859229e+00 3.722274e+02 8.000000e+00
      vertex   -8.020374e+00 3.728581e+02 8.000000e+00
      vertex   -8.403501e+00 3.730167e+02 8.000000e+00
    endloop
  endfacet
  facet normal 0.000000e+00 -0.000000e+00 1.000000e+00
    outer loop
      vertex   -8.859229e+00 3.722274e+02 8.000000e+00
      vertex   -8.403501e+00 3.730167e+02 8.000000e+00
      vertex   -9.376996e+00 3.726247e+02 8.000000e+00
    endloop
  endfacet
  facet normal 0.000000e+00 0.000000e+00 1.000000e+00
    outer loop
      vertex   -9.376996e+00 3.726247e+02 8.000000e+00
      vertex   -8.403501e+00 3.730167e+02 8.000000e+00
      vertex   -8.732499e+00 3.732692e+02 8.000000e+00
    endloop
  endfacet
  facet normal 0.000000e+00 -0.000000e+00 1.000000e+00
    outer loop
      vertex   -9.376996e+00 3.726247e+02 8.000000e+00
      vertex   -8.732499e+00 3.732692e+02 8.000000e+00
      vertex   -9.774292e+00 3.731425e+02 8.000000e+00
    endloop
  endfacet
  facet normal 0.000000e+00 0.000000e+00 1.000000e+00
    outer loop
      vertex   -9.774292e+00 3.731425e+02 8.000000e+00
      vertex   -8.732499e+00 3.732692e+02 8.000000e+00
      vertex   -8.984948e+00 3.735982e+02 8.000000e+00
    endloop
  endfacet
  facet normal 0.000000e+00 -0.000000e+00 1.000000e+00
    outer loop
      vertex   -9.774292e+00 3.731425e+02 8.000000e+00
      vertex   -8.984948e+00 3.735982e+02 8.000000e+00
      vertex   -1.002404e+01 3.737454e+02 8.000000e+00
    endloop
  endfacet
  facet normal -0.000000e+00 0.000000e+00 1.000000e+00
    outer loop
      vertex   -1.002404e+01 3.737454e+02 8.000000e+00
      vertex   -8.984948e+00 3.735982e+02 8.000000e+00
      vertex   -9.143644e+00 3.739813e+02 8.000000e+00
    endloop
  endfacet
  facet normal 0.000000e+00 -0.000000e+00 1.000000e+00
    outer loop
      vertex   -1.002404e+01 3.737454e+02 8.000000e+00
      vertex   -9.143644e+00 3.739813e+02 8.000000e+00
      vertex   -1.010923e+01 3.743925e+02 8.000000e+00
    endloop
  endfacet
  facet normal -0.000000e+00 0.000000e+00 1.000000e+00
    outer loop
      vertex   -1.010923e+01 3.743925e+02 8.000000e+00
      vertex   -9.143644e+00 3.739813e+02 8.000000e+00
      vertex   -9.197772e+00 3.743925e+02 8.000000e+00
    endloop
  endfacet
  facet normal 0.000000e+00 0.000000e+00 1.000000e+00
    outer loop
      vertex   -1.010923e+01 3.743925e+02 8.000000e+00
      vertex   -9.197772e+00 3.743925e+02 8.000000e+00
      vertex   -1.002404e+01 3.750395e+02 8.000000e+00
    endloop
  endfacet
  facet normal 0.000000e+00 0.000000e+00 1.000000e+00
    outer loop
      vertex   -1.002404e+01 3.750395e+02 8.000000e+00
      vertex   -9.197772e+00 3.743925e+02 8.000000e+00
      vertex   -9.143644e+00 3.748036e+02 8.000000e+00
    endloop
  endfacet
  facet normal -0.000000e+00 0.000000e+00 1.000000e+00
    outer loop
      vertex   -1.002404e+01 3.750395e+02 8.000000e+00
      vertex   -9.143644e+00 3.748036e+02 8.000000e+00
      vertex   -8.984948e+00 3.751867e+02 8.000000e+00
    endloop
  endfacet
  facet normal 0.000000e+00 0.000000e+00 1.000000e+00
    outer loop
      vertex   -1.002404e+01 3.750395e+02 8.000000e+00
      vertex   -8.984948e+00 3.751867e+02 8.000000e+00
      vertex   -9.774292e+00 3.756425e+02 8.000000e+00
    endloop
  endfacet
  facet normal 0.000000e+00 0.000000e+00 1.000000e+00
    outer loop
      vertex   -9.774292e+00 3.756425e+02 8.000000e+00
      vertex   -8.984948e+00 3.751867e+02 8.000000e+00
      vertex   -8.732499e+00 3.755157e+02 8.000000e+00
    endloop
  endfacet
  facet normal -0.000000e+00 0.000000e+00 1.000000e+00
    outer loop
      vertex   -9.774292e+00 3.756425e+02 8.000000e+00
      vertex   -8.732499e+00 3.755157e+02 8.000000e+00
      vertex   -9.376996e+00 3.761602e+02 8.000000e+00
    endloop
  endfacet
  facet normal 0.000000e+00 0.000000e+00 1.000000e+00
    outer loop
      vertex   -9.376996e+00 3.761602e+02 8.000000e+00
      vertex   -8.732499e+00 3.755157e+02 8.000000e+00
      vertex   -8.403501e+00 3.757682e+02 8.000000e+00
    endloop
  endfacet
  facet normal -0.000000e+00 0.000000e+00 1.000000e+00
    outer loop
      vertex   -9.376996e+00 3.761602e+02 8.000000e+00
      vertex   -8.403501e+00 3.757682e+02 8.000000e+00
      vertex   -8.859229e+00 3.765575e+02 8.000000e+00
    endloop
  endfacet
  facet normal 0.000000e+00 0.000000e+00 1.000000e+00
    outer loop
      vertex   -8.859229e+00 3.765575e+02 8.000000e+00
      vertex   -8.403501e+00 3.757682e+02 8.000000e+00
      vertex   -8.020374e+00 3.759269e+02 8.000000e+00
    endloop
  endfacet
  facet normal -0.000000e+00 0.000000e+00 1.000000e+00
    outer loop
      vertex   -8.859229e+00 3.765575e+02 8.000000e+00
      vertex   -8.020374e+00 3.759269e+02 8.000000e+00
      vertex   -8.256277e+00 3.768073e+02 8.000000e+00
    endloop
  endfacet
  facet normal 0.000000e+00 0.000000e+00 1.000000e+00
    outer loop
      vertex   -8.256277e+00 3.768073e+02 8.000000e+00
      vertex   -8.020374e+00 3.759269e+02 8.000000e+00
      vertex   -7.609229e+00 3.759810e+02 8.000000e+00
    endloop
  endfacet
  facet normal -0.000000e+00 0.000000e+00 1.000000e+00
    outer loop
      vertex   -8.256277e+00 3.768073e+02 8.000000e+00
      vertex   -7.609229e+00 3.759810e+02 8.000000e+00
      vertex   -7.609229e+00 3.768925e+02 8.000000e+00
    endloop
  endfacet
  facet normal 0.000000e+00 0.000000e+00 1.000000e+00
    outer loop
      vertex   -7.609229e+00 3.768925e+02 8.000000e+00
      vertex   -7.609229e+00 3.759810e+02 8.000000e+00
      vertex   -6.962181e+00 3.768073e+02 8.000000e+00
    endloop
  endfacet
  facet normal 0.000000e+00 0.000000e+00 1.000000e+00
    outer loop
      vertex   -6.962181e+00 3.768073e+02 8.000000e+00
      vertex   -7.609229e+00 3.759810e+02 8.000000e+00
      vertex   -7.198084e+00 3.759269e+02 8.000000e+00
    endloop
  endfacet
  facet normal 0.000000e+00 0.000000e+00 1.000000e+00
    outer loop
      vertex   -6.962181e+00 3.768073e+02 8.000000e+00
      vertex   -7.198084e+00 3.759269e+02 8.000000e+00
      vertex   -6.359229e+00 3.765575e+02 8.000000e+00
    endloop
  endfacet
  facet normal 0.000000e+00 0.000000e+00 1.000000e+00
    outer loop
      vertex   -6.359229e+00 3.765575e+02 8.000000e+00
      vertex   -7.198084e+00 3.759269e+02 8.000000e+00
      vertex   -6.814957e+00 3.757682e+02 8.000000e+00
    endloop
  endfacet
  facet normal 0.000000e+00 0.000000e+00 1.000000e+00
    outer loop
      vertex   -6.359229e+00 3.765575e+02 8.000000e+00
      vertex   -6.814957e+00 3.757682e+02 8.000000e+00
      vertex   -5.841462e+00 3.761602e+02 8.000000e+00
    endloop
  endfacet
  facet normal 0.000000e+00 0.000000e+00 1.000000e+00
    outer loop
      vertex   -5.841462e+00 3.761602e+02 8.000000e+00
      vertex   -6.814957e+00 3.757682e+02 8.000000e+00
      vertex   -6.485959e+00 3.755157e+02 8.000000e+00
    endloop
  endfacet
  facet normal 0.000000e+00 0.000000e+00 1.000000e+00
    outer loop
      vertex   -5.841462e+00 3.761602e+02 8.000000e+00
      vertex   -6.485959e+00 3.755157e+02 8.000000e+00
      vertex   -5.444165e+00 3.756425e+02 8.000000e+00
    endloop
  endfacet
  facet normal 0.000000e+00 0.000000e+00 1.000000e+00
    outer loop
      vertex   -5.444165e+00 3.756425e+02 8.000000e+00
      vertex   -6.485959e+00 3.755157e+02 8.000000e+00
      vertex   -6.233510e+00 3.751867e+02 8.000000e+00
    endloop
  endfacet
  facet normal 0.000000e+00 0.000000e+00 1.000000e+00
    outer loop
      vertex   -5.444165e+00 3.756425e+02 8.000000e+00
      vertex   -6.233510e+00 3.751867e+02 8.000000e+00
      vertex   -5.194414e+00 3.750395e+02 8.000000e+00
    endloop
  endfacet
  facet normal 0.000000e+00 0.000000e+00 1.000000e+00
    outer loop
      vertex   -5.194414e+00 3.750395e+02 8.000000e+00
      vertex   -6.233510e+00 3.751867e+02 8.000000e+00
      vertex   -6.074814e+00 3.748036e+02 8.000000e+00
    endloop
  endfacet
  facet normal 0.000000e+00 0.000000e+00 1.000000e+00
    outer loop
      vertex   -5.194414e+00 3.750395e+02 8.000000e+00
      vertex   -6.074814e+00 3.748036e+02 8.000000e+00
      vertex   -5.109229e+00 3.743925e+02 8.000000e+00
    endloop
  endfacet
  facet normal 9.914449e-01 -1.305262e-01 9.172708e-17
    outer loop
      vertex   -1.117838e-01 3.216740e+02 8.000000e+00
      vertex   -1.117838e-01 3.216740e+02 5.000000e+00
      vertex   -2.659841e-02 3.223210e+02 8.000000e+00
    endloop
  endfacet
  facet normal 9.914449e-01 -1.305262e-01 0.000000e+00
    outer loop
      vertex   -2.659841e-02 3.223210e+02 8.000000e+00
      vertex   -1.117838e-01 3.216740e+02 5.000000e+00
      vertex   -2.659841e-02 3.223210e+02 5.000000e+00
    endloop
  endfacet
  facet normal 9.914449e-01 1.305262e-01 0.000000e+00
    outer loop
      vertex   -2.659841e-02 3.223210e+02 8.000000e+00
      vertex   -2.659841e-02 3.223210e+02 5.000000e+00
      vertex   -1.117838e-01 3.229681e+02 8.000000e+00
    endloop
  endfacet
  facet normal 9.914449e-01 1.305262e-01 -9.172708e-17
    outer loop
      vertex   -1.117838e-01 3.229681e+02 8.000000e+00
      vertex   -2.659841e-02 3.223210e+02 5.000000e+00
      vertex   -1.117838e-01 3.229681e+02 5.000000e+00
    endloop
  endfacet
  facet normal 9.238795e-01 3.826834e-01 -8.547603e-17
    outer loop
      vertex   -1.117838e-01 3.229681e+02 8.000000e+00
      vertex   -1.117838e-01 3.229681e+02 5.000000e+00
      vertex   -3.615349e-01 3.235710e+02 8.000000e+00
    endloop
  endfacet
  facet normal 9.238795e-01 3.826834e-01 -1.709521e-16
    outer loop
      vertex   -3.615349e-01 3.235710e+02 8.000000e+00
      vertex   -1.117838e-01 3.229681e+02 5.000000e+00
      vertex   -3.615349e-01 3.235710e+02 5.000000e+00
    endloop
  endfacet
  facet normal 7.933533e-01 6.087614e-01 -1.467999e-16
    outer loop
      vertex   -3.615349e-01 3.235710e+02 8.000000e+00
      vertex   -3.615349e-01 3.235710e+02 5.000000e+00
      vertex   -7.588315e-01 3.240888e+02 8.000000e+00
    endloop
  endfacet
  facet normal 7.933533e-01 6.087614e-01 0.000000e+00
    outer loop
      vertex   -7.588315e-01 3.240888e+02 8.000000e+00
      vertex   -3.615349e-01 3.235710e+02 5.000000e+00
      vertex   -7.588315e-01 3.240888e+02 5.000000e+00
    endloop
  endfacet
  facet normal 6.087614e-01 7.933533e-01 0.000000e+00
    outer loop
      vertex   -7.588315e-01 3.240888e+02 8.000000e+00
      vertex   -7.588315e-01 3.240888e+02 5.000000e+00
      vertex   -1.276598e+00 3.244861e+02 8.000000e+00
    endloop
  endfacet
  facet normal 6.087614e-01 7.933533e-01 -4.055166e-16
    outer loop
      vertex   -1.276598e+00 3.244861e+02 8.000000e+00
      vertex   -7.588315e-01 3.240888e+02 5.000000e+00
      vertex   -1.276598e+00 3.244861e+02 5.000000e+00
    endloop
  endfacet
  facet normal 3.826834e-01 9.238795e-01 -2.549184e-16
    outer loop
      vertex   -1.276598e+00 3.244861e+02 8.000000e+00
      vertex   -1.276598e+00 3.244861e+02 5.000000e+00
      vertex   -1.879551e+00 3.247358e+02 8.000000e+00
    endloop
  endfacet
  facet normal 3.826834e-01 9.238795e-01 -1.132971e-16
    outer loop
      vertex   -1.879551e+00 3.247358e+02 8.000000e+00
      vertex   -1.276598e+00 3.244861e+02 5.000000e+00
      vertex   -1.879551e+00 3.247358e+02 5.000000e+00
    endloop
  endfacet
  facet normal 1.305262e-01 9.914449e-01 -3.864352e-17
    outer loop
      vertex   -1.879551e+00 3.247358e+02 8.000000e+00
      vertex   -1.879551e+00 3.247358e+02 5.000000e+00
      vertex   -2.526598e+00 3.248210e+02 8.000000e+00
    endloop
  endfacet
  facet normal 1.305262e-01 9.914449e-01 0.000000e+00
    outer loop
      vertex   -2.526598e+00 3.248210e+02 8.000000e+00
      vertex   -1.879551e+00 3.247358e+02 5.000000e+00
      vertex   -2.526598e+00 3.248210e+02 5.000000e+00
    endloop
  endfacet
  facet normal -1.305262e-01 9.914449e-01 0.000000e+00
    outer loop
      vertex   -2.526598e+00 3.248210e+02 8.000000e+00
      vertex   -2.526598e+00 3.248210e+02 5.000000e+00
      vertex   -3.173646e+00 3.247358e+02 8.000000e+00
    endloop
  endfacet
  facet normal -1.305262e-01 9.914449e-01 7.728703e-17
    outer loop
      vertex   -3.173646e+00 3.247358e+02 8.000000e+00
      vertex   -2.526598e+00 3.248210e+02 5.000000e+00
      vertex   -3.173646e+00 3.247358e+02 5.000000e+00
    endloop
  endfacet
  facet normal -3.826834e-01 9.238795e-01 2.265941e-16
    outer loop
      vertex   -3.173646e+00 3.247358e+02 8.000000e+00
      vertex   -3.173646e+00 3.247358e+02 5.000000e+00
      vertex   -3.776598e+00 3.244861e+02 8.000000e+00
    endloop
  endfacet
  facet normal -3.826834e-01 9.238795e-01 1.132971e-16
    outer loop
      vertex   -3.776598e+00 3.244861e+02 8.000000e+00
      vertex   -3.173646e+00 3.247358e+02 5.000000e+00
      vertex   -3.776598e+00 3.244861e+02 5.000000e+00
    endloop
  endfacet
  facet normal -6.087614e-01 7.933533e-01 1.802296e-16
    outer loop
      vertex   -3.776598e+00 3.244861e+02 8.000000e+00
      vertex   -3.776598e+00 3.244861e+02 5.000000e+00
      vertex   -4.294365e+00 3.240888e+02 8.000000e+00
    endloop
  endfacet
  facet normal -6.087614e-01 7.933533e-01 1.802296e-16
    outer loop
      vertex   -4.294365e+00 3.240888e+02 8.000000e+00
      vertex   -3.776598e+00 3.244861e+02 5.000000e+00
      vertex   -4.294365e+00 3.240888e+02 5.000000e+00
    endloop
  endfacet
  facet normal -7.933533e-01 6.087614e-01 2.348798e-16
    outer loop
      vertex   -4.294365e+00 3.240888e+02 8.000000e+00
      vertex   -4.294365e+00 3.240888e+02 5.000000e+00
      vertex   -4.691662e+00 3.235710e+02 8.000000e+00
    endloop
  endfacet
  facet normal -7.933533e-01 6.087614e-01 2.348798e-16
    outer loop
      vertex   -4.691662e+00 3.235710e+02 8.000000e+00
      vertex   -4.294365e+00 3.240888e+02 5.000000e+00
      vertex   -4.691662e+00 3.235710e+02 5.000000e+00
    endloop
  endfacet
  facet normal -9.238795e-01 3.826834e-01 2.735233e-16
    outer loop
      vertex   -4.691662e+00 3.235710e+02 8.000000e+00
      vertex   -4.691662e+00 3.235710e+02 5.000000e+00
      vertex   -4.941413e+00 3.229681e+02 8.000000e+00
    endloop
  endfacet
  facet normal -9.238795e-01 3.826834e-01 0.000000e+00
    outer loop
      vertex   -4.941413e+00 3.229681e+02 8.000000e+00
      vertex   -4.691662e+00 3.235710e+02 5.000000e+00
      vertex   -4.941413e+00 3.229681e+02 5.000000e+00
    endloop
  endfacet
  facet normal -9.914449e-01 1.305262e-01 0.000000e+00
    outer loop
      vertex   -4.941413e+00 3.229681e+02 8.000000e+00
      vertex   -4.941413e+00 3.229681e+02 5.000000e+00
      vertex   -5.026598e+00 3.223210e+02 8.000000e+00
    endloop
  endfacet
  facet normal -9.914449e-01 1.305262e-01 0.000000e+00
    outer loop
      vertex   -5.026598e+00 3.223210e+02 8.000000e+00
      vertex   -4.941413e+00 3.229681e+02 5.000000e+00
      vertex   -5.026598e+00 3.223210e+02 5.000000e+00
    endloop
  endfacet
  facet normal -9.914449e-01 -1.305262e-01 -0.000000e+00
    outer loop
      vertex   -5.026598e+00 3.223210e+02 8.000000e+00
      vertex   -5.026598e+00 3.223210e+02 5.000000e+00
      vertex   -4.941413e+00 3.216740e+02 8.000000e+00
    endloop
  endfacet
  facet normal -9.914449e-01 -1.305262e-01 -0.000000e+00
    outer loop
      vertex   -4.941413e+00 3.216740e+02 8.000000e+00
      vertex   -5.026598e+00 3.223210e+02 5.000000e+00
      vertex   -4.941413e+00 3.216740e+02 5.000000e+00
    endloop
  endfacet
  facet normal -9.238795e-01 -3.826834e-01 -0.000000e+00
    outer loop
      vertex   -4.941413e+00 3.216740e+02 8.000000e+00
      vertex   -4.941413e+00 3.216740e+02 5.000000e+00
      vertex   -4.691662e+00 3.210710e+02 8.000000e+00
    endloop
  endfacet
  facet normal -9.238795e-01 -3.826834e-01 -2.735233e-16
    outer loop
      vertex   -4.691662e+00 3.210710e+02 8.000000e+00
      vertex   -4.941413e+00 3.216740e+02 5.000000e+00
      vertex   -4.691662e+00 3.210710e+02 5.000000e+00
    endloop
  endfacet
  facet normal -7.933533e-01 -6.087614e-01 -2.348798e-16
    outer loop
      vertex   -4.691662e+00 3.210710e+02 8.000000e+00
      vertex   -4.691662e+00 3.210710e+02 5.000000e+00
      vertex   -4.294365e+00 3.205532e+02 8.000000e+00
    endloop
  endfacet
  facet normal -7.933533e-01 -6.087614e-01 -2.348798e-16
    outer loop
      vertex   -4.294365e+00 3.205532e+02 8.000000e+00
      vertex   -4.691662e+00 3.210710e+02 5.000000e+00
      vertex   -4.294365e+00 3.205532e+02 5.000000e+00
    endloop
  endfacet
  facet normal -6.087614e-01 -7.933533e-01 -1.802296e-16
    outer loop
      vertex   -4.294365e+00 3.205532e+02 8.000000e+00
      vertex   -4.294365e+00 3.205532e+02 5.000000e+00
      vertex   -3.776598e+00 3.201559e+02 8.000000e+00
    endloop
  endfacet
  facet normal -6.087614e-01 -7.933533e-01 -1.802296e-16
    outer loop
      vertex   -3.776598e+00 3.201559e+02 8.000000e+00
      vertex   -4.294365e+00 3.205532e+02 5.000000e+00
      vertex   -3.776598e+00 3.201559e+02 5.000000e+00
    endloop
  endfacet
  facet normal -3.826834e-01 -9.238795e-01 -1.132971e-16
    outer loop
      vertex   -3.776598e+00 3.201559e+02 8.000000e+00
      vertex   -3.776598e+00 3.201559e+02 5.000000e+00
      vertex   -3.173646e+00 3.199062e+02 8.000000e+00
    endloop
  endfacet
  facet normal -3.826834e-01 -9.238795e-01 -2.265941e-16
    outer loop
      vertex   -3.173646e+00 3.199062e+02 8.000000e+00
      vertex   -3.776598e+00 3.201559e+02 5.000000e+00
      vertex   -3.173646e+00 3.199062e+02 5.000000e+00
    endloop
  endfacet
  facet normal -1.305262e-01 -9.914449e-01 -7.728703e-17
    outer loop
      vertex   -3.173646e+00 3.199062e+02 8.000000e+00
      vertex   -3.173646e+00 3.199062e+02 5.000000e+00
      vertex   -2.526598e+00 3.198210e+02 8.000000e+00
    endloop
  endfacet
  facet normal -1.305262e-01 -9.914449e-01 -0.000000e+00
    outer loop
      vertex   -2.526598e+00 3.198210e+02 8.000000e+00
      vertex   -3.173646e+00 3.199062e+02 5.000000e+00
      vertex   -2.526598e+00 3.198210e+02 5.000000e+00
    endloop
  endfacet
  facet normal 1.305262e-01 -9.914449e-01 0.000000e+00
    outer loop
      vertex   -2.526598e+00 3.198210e+02 8.000000e+00
      vertex   -2.526598e+00 3.198210e+02 5.000000e+00
      vertex   -1.879551e+00 3.199062e+02 8.000000e+00
    endloop
  endfacet
  facet normal 1.305262e-01 -9.914449e-01 3.864352e-17
    outer loop
      vertex   -1.879551e+00 3.199062e+02 8.000000e+00
      vertex   -2.526598e+00 3.198210e+02 5.000000e+00
      vertex   -1.879551e+00 3.199062e+02 5.000000e+00
    endloop
  endfacet
  facet normal 3.826834e-01 -9.238795e-01 1.132971e-16
    outer loop
      vertex   -1.879551e+00 3.199062e+02 8.000000e+00
      vertex   -1.879551e+00 3.199062e+02 5.000000e+00
      vertex   -1.276598e+00 3.201559e+02 8.000000e+00
    endloop
  endfacet
  facet normal 3.826834e-01 -9.238795e-01 2.549184e-16
    outer loop
      vertex   -1.276598e+00 3.201559e+02 8.000000e+00
      vertex   -1.879551e+00 3.199062e+02 5.000000e+00
      vertex   -1.276598e+00 3.201559e+02 5.000000e+00
    endloop
  endfacet
  facet normal 6.087614e-01 -7.933533e-01 4.055166e-16
    outer loop
      vertex   -1.276598e+00 3.201559e+02 8.000000e+00
      vertex   -1.276598e+00 3.201559e+02 5.000000e+00
      vertex   -7.588315e-01 3.205532e+02 8.000000e+00
    endloop
  endfacet
  facet normal 6.087614e-01 -7.933533e-01 0.000000e+00
    outer loop
      vertex   -7.588315e-01 3.205532e+02 8.000000e+00
      vertex   -1.276598e+00 3.201559e+02 5.000000e+00
      vertex   -7.588315e-01 3.205532e+02 5.000000e+00
    endloop
  endfacet
  facet normal 7.933533e-01 -6.087614e-01 0.000000e+00
    outer loop
      vertex   -7.588315e-01 3.205532e+02 8.000000e+00
      vertex   -7.588315e-01 3.205532e+02 5.000000e+00
      vertex   -3.615349e-01 3.210710e+02 8.000000e+00
    endloop
  endfacet
  facet normal 7.933533e-01 -6.087614e-01 1.467999e-16
    outer loop
      vertex   -3.615349e-01 3.210710e+02 8.000000e+00
      vertex   -7.588315e-01 3.205532e+02 5.000000e+00
      vertex   -3.615349e-01 3.210710e+02 5.000000e+00
    endloop
  endfacet
  facet normal 9.238795e-01 -3.826834e-01 1.709521e-16
    outer loop
      vertex   -3.615349e-01 3.210710e+02 8.000000e+00
      vertex   -3.615349e-01 3.210710e+02 5.000000e+00
      vertex   -1.117838e-01 3.216740e+02 8.000000e+00
    endloop
  endfacet
  facet normal 9.238795e-01 -3.826834e-01 8.547603e-17
    outer loop
      vertex   -1.117838e-01 3.216740e+02 8.000000e+00
      vertex   -3.615349e-01 3.210710e+02 5.000000e+00
      vertex   -1.117838e-01 3.216740e+02 5.000000e+00
    endloop
  endfacet
  facet normal 0.000000e+00 0.000000e+00 1.000000e+00
    outer loop
      vertex   -9.994040e-01 3.227302e+02 8.000000e+00
      vertex   -9.455305e-01 3.223210e+02 8.000000e+00
      vertex   -2.659841e-02 3.223210e+02 8.000000e+00
    endloop
  endfacet
  facet normal 0.000000e+00 0.000000e+00 1.000000e+00
    outer loop
      vertex   -2.659841e-02 3.223210e+02 8.000000e+00
      vertex   -9.455305e-01 3.223210e+02 8.000000e+00
      vertex   -9.994040e-01 3.219118e+02 8.000000e+00
    endloop
  endfacet
  facet normal 0.000000e+00 0.000000e+00 1.000000e+00
    outer loop
      vertex   -2.659841e-02 3.223210e+02 8.000000e+00
      vertex   -9.994040e-01 3.219118e+02 8.000000e+00
      vertex   -1.117838e-01 3.216740e+02 8.000000e+00
    endloop
  endfacet
  facet normal 0.000000e+00 0.000000e+00 1.000000e+00
    outer loop
      vertex   -1.117838e-01 3.216740e+02 8.000000e+00
      vertex   -9.994040e-01 3.219118e+02 8.000000e+00
      vertex   -1.157353e+00 3.215305e+02 8.000000e+00
    endloop
  endfacet
  facet normal 0.000000e+00 0.000000e+00 1.000000e+00
    outer loop
      vertex   -1.117838e-01 3.216740e+02 8.000000e+00
      vertex   -1.157353e+00 3.215305e+02 8.000000e+00
      vertex   -3.615349e-01 3.210710e+02 8.000000e+00
    endloop
  endfacet
  facet normal 0.000000e+00 0.000000e+00 1.000000e+00
    outer loop
      vertex   -3.615349e-01 3.210710e+02 8.000000e+00
      vertex   -1.157353e+00 3.215305e+02 8.000000e+00
      vertex   -1.408615e+00 3.212030e+02 8.000000e+00
    endloop
  endfacet
  facet normal 0.000000e+00 0.000000e+00 1.000000e+00
    outer loop
      vertex   -3.615349e-01 3.210710e+02 8.000000e+00
      vertex   -1.408615e+00 3.212030e+02 8.000000e+00
      vertex   -7.588315e-01 3.205532e+02 8.000000e+00
    endloop
  endfacet
  facet normal 0.000000e+00 0.000000e+00 1.000000e+00
    outer loop
      vertex   -7.588315e-01 3.205532e+02 8.000000e+00
      vertex   -1.408615e+00 3.212030e+02 8.000000e+00
      vertex   -1.736064e+00 3.209518e+02 8.000000e+00
    endloop
  endfacet
  facet normal 0.000000e+00 0.000000e+00 1.000000e+00
    outer loop
      vertex   -7.588315e-01 3.205532e+02 8.000000e+00
      vertex   -1.736064e+00 3.209518e+02 8.000000e+00
      vertex   -1.276598e+00 3.201559e+02 8.000000e+00
    endloop
  endfacet
  facet normal 0.000000e+00 0.000000e+00 1.000000e+00
    outer loop
      vertex   -1.276598e+00 3.201559e+02 8.000000e+00
      vertex   -1.736064e+00 3.209518e+02 8.000000e+00
      vertex   -2.117388e+00 3.207938e+02 8.000000e+00
    endloop
  endfacet
  facet normal 0.000000e+00 0.000000e+00 1.000000e+00
    outer loop
      vertex   -1.276598e+00 3.201559e+02 8.000000e+00
      vertex   -2.117388e+00 3.207938e+02 8.000000e+00
      vertex   -1.879551e+00 3.199062e+02 8.000000e+00
    endloop
  endfacet
  facet normal 0.000000e+00 0.000000e+00 1.000000e+00
    outer loop
      vertex   -1.879551e+00 3.199062e+02 8.000000e+00
      vertex   -2.117388e+00 3.207938e+02 8.000000e+00
      vertex   -2.526598e+00 3.207399e+02 8.000000e+00
    endloop
  endfacet
  facet normal 0.000000e+00 0.000000e+00 1.000000e+00
    outer loop
      vertex   -1.879551e+00 3.199062e+02 8.000000e+00
      vertex   -2.526598e+00 3.207399e+02 8.000000e+00
      vertex   -2.526598e+00 3.198210e+02 8.000000e+00
    endloop
  endfacet
  facet normal 0.000000e+00 -0.000000e+00 1.000000e+00
    outer loop
      vertex   -2.526598e+00 3.198210e+02 8.000000e+00
      vertex   -2.526598e+00 3.207399e+02 8.000000e+00
      vertex   -3.173646e+00 3.199062e+02 8.000000e+00
    endloop
  endfacet
  facet normal 0.000000e+00 0.000000e+00 1.000000e+00
    outer loop
      vertex   -3.173646e+00 3.199062e+02 8.000000e+00
      vertex   -2.526598e+00 3.207399e+02 8.000000e+00
      vertex   -2.935809e+00 3.207938e+02 8.000000e+00
    endloop
  endfacet
  facet normal 0.000000e+00 -0.000000e+00 1.000000e+00
    outer loop
      vertex   -3.173646e+00 3.199062e+02 8.000000e+00
      vertex   -2.935809e+00 3.207938e+02 8.000000e+00
      vertex   -3.776598e+00 3.201559e+02 8.000000e+00
    endloop
  endfacet
  facet normal 0.000000e+00 0.000000e+00 1.000000e+00
    outer loop
      vertex   -3.776598e+00 3.201559e+02 8.000000e+00
      vertex   -2.935809e+00 3.207938e+02 8.000000e+00
      vertex   -3.317132e+00 3.209518e+02 8.000000e+00
    endloop
  endfacet
  facet normal 0.000000e+00 -0.000000e+00 1.000000e+00
    outer loop
      vertex   -3.776598e+00 3.201559e+02 8.000000e+00
      vertex   -3.317132e+00 3.209518e+02 8.000000e+00
      vertex   -4.294365e+00 3.205532e+02 8.000000e+00
    endloop
  endfacet
  facet normal 0.000000e+00 0.000000e+00 1.000000e+00
    outer loop
      vertex   -4.294365e+00 3.205532e+02 8.000000e+00
      vertex   -3.317132e+00 3.209518e+02 8.000000e+00
      vertex   -3.644582e+00 3.212030e+02 8.000000e+00
    endloop
  endfacet
  facet normal 0.000000e+00 -0.000000e+00 1.000000e+00
    outer loop
      vertex   -4.294365e+00 3.205532e+02 8.000000e+00
      vertex   -3.644582e+00 3.212030e+02 8.000000e+00
      vertex   -4.691662e+00 3.210710e+02 8.000000e+00
    endloop
  endfacet
  facet normal 0.000000e+00 0.000000e+00 1.000000e+00
    outer loop
      vertex   -4.691662e+00 3.210710e+02 8.000000e+00
      vertex   -3.644582e+00 3.212030e+02 8.000000e+00
      vertex   -3.895843e+00 3.215305e+02 8.000000e+00
    endloop
  endfacet
  facet normal 0.000000e+00 -0.000000e+00 1.000000e+00
    outer loop
      vertex   -4.691662e+00 3.210710e+02 8.000000e+00
      vertex   -3.895843e+00 3.215305e+02 8.000000e+00
      vertex   -4.941413e+00 3.216740e+02 8.000000e+00
    endloop
  endfacet
  facet normal -0.000000e+00 0.000000e+00 1.000000e+00
    outer loop
      vertex   -4.941413e+00 3.216740e+02 8.000000e+00
      vertex   -3.895843e+00 3.215305e+02 8.000000e+00
      vertex   -4.053793e+00 3.219118e+02 8.000000e+00
    endloop
  endfacet
  facet normal 0.000000e+00 -0.000000e+00 1.000000e+00
    outer loop
      vertex   -4.941413e+00 3.216740e+02 8.000000e+00
      vertex   -4.053793e+00 3.219118e+02 8.000000e+00
      vertex   -5.026598e+00 3.223210e+02 8.000000e+00
    endloop
  endfacet
  facet normal -0.000000e+00 0.000000e+00 1.000000e+00
    outer loop
      vertex   -5.026598e+00 3.223210e+02 8.000000e+00
      vertex   -4.053793e+00 3.219118e+02 8.000000e+00
      vertex   -4.107666e+00 3.223210e+02 8.000000e+00
    endloop
  endfacet
  facet normal 0.000000e+00 0.000000e+00 1.000000e+00
    outer loop
      vertex   -5.026598e+00 3.223210e+02 8.000000e+00
      vertex   -4.107666e+00 3.223210e+02 8.000000e+00
      vertex   -4.941413e+00 3.229681e+02 8.000000e+00
    endloop
  endfacet
  facet normal 0.000000e+00 0.000000e+00 1.000000e+00
    outer loop
      vertex   -4.941413e+00 3.229681e+02 8.000000e+00
      vertex   -4.107666e+00 3.223210e+02 8.000000e+00
      vertex   -4.053793e+00 3.227302e+02 8.000000e+00
    endloop
  endfacet
  facet normal -0.000000e+00 0.000000e+00 1.000000e+00
    outer loop
      vertex   -4.941413e+00 3.229681e+02 8.000000e+00
      vertex   -4.053793e+00 3.227302e+02 8.000000e+00
      vertex   -3.895843e+00 3.231115e+02 8.000000e+00
    endloop
  endfacet
  facet normal 0.000000e+00 0.000000e+00 1.000000e+00
    outer loop
      vertex   -4.941413e+00 3.229681e+02 8.000000e+00
      vertex   -3.895843e+00 3.231115e+02 8.000000e+00
      vertex   -4.691662e+00 3.235710e+02 8.000000e+00
    endloop
  endfacet
  facet normal 0.000000e+00 0.000000e+00 1.000000e+00
    outer loop
      vertex   -4.691662e+00 3.235710e+02 8.000000e+00
      vertex   -3.895843e+00 3.231115e+02 8.000000e+00
      vertex   -3.644582e+00 3.234390e+02 8.000000e+00
    endloop
  endfacet
  facet normal -0.000000e+00 0.000000e+00 1.000000e+00
    outer loop
      vertex   -4.691662e+00 3.235710e+02 8.000000e+00
      vertex   -3.644582e+00 3.234390e+02 8.000000e+00
      vertex   -4.294365e+00 3.240888e+02 8.000000e+00
    endloop
  endfacet
  facet normal 0.000000e+00 0.000000e+00 1.000000e+00
    outer loop
      vertex   -4.294365e+00 3.240888e+02 8.000000e+00
      vertex   -3.644582e+00 3.234390e+02 8.000000e+00
      vertex   -3.317132e+00 3.236903e+02 8.000000e+00
    endloop
  endfacet
  facet normal -0.000000e+00 0.000000e+00 1.000000e+00
    outer loop
      vertex   -4.294365e+00 3.240888e+02 8.000000e+00
      vertex   -3.317132e+00 3.236903e+02 8.000000e+00
      vertex   -3.776598e+00 3.244861e+02 8.000000e+00
    endloop
  endfacet
  facet normal 0.000000e+00 0.000000e+00 1.000000e+00
    outer loop
      vertex   -3.776598e+00 3.244861e+02 8.000000e+00
      vertex   -3.317132e+00 3.236903e+02 8.000000e+00
      vertex   -2.935809e+00 3.238482e+02 8.000000e+00
    endloop
  endfacet
  facet normal -0.000000e+00 0.000000e+00 1.000000e+00
    outer loop
      vertex   -3.776598e+00 3.244861e+02 8.000000e+00
      vertex   -2.935809e+00 3.238482e+02 8.000000e+00
      vertex   -3.173646e+00 3.247358e+02 8.000000e+00
    endloop
  endfacet
  facet normal 0.000000e+00 0.000000e+00 1.000000e+00
    outer loop
      vertex   -3.173646e+00 3.247358e+02 8.000000e+00
      vertex   -2.935809e+00 3.238482e+02 8.000000e+00
      vertex   -2.526598e+00 3.239021e+02 8.000000e+00
    endloop
  endfacet
  facet normal -0.000000e+00 0.000000e+00 1.000000e+00
    outer loop
      vertex   -3.173646e+00 3.247358e+02 8.000000e+00
      vertex   -2.526598e+00 3.239021e+02 8.000000e+00
      vertex   -2.526598e+00 3.248210e+02 8.000000e+00
    endloop
  endfacet
  facet normal 0.000000e+00 0.000000e+00 1.000000e+00
    outer loop
      vertex   -2.526598e+00 3.248210e+02 8.000000e+00
      vertex   -2.526598e+00 3.239021e+02 8.000000e+00
      vertex   -1.879551e+00 3.247358e+02 8.000000e+00
    endloop
  endfacet
  facet normal 0.000000e+00 0.000000e+00 1.000000e+00
    outer loop
      vertex   -1.879551e+00 3.247358e+02 8.000000e+00
      vertex   -2.526598e+00 3.239021e+02 8.000000e+00
      vertex   -2.117388e+00 3.238482e+02 8.000000e+00
    endloop
  endfacet
  facet normal 0.000000e+00 0.000000e+00 1.000000e+00
    outer loop
      vertex   -1.879551e+00 3.247358e+02 8.000000e+00
      vertex   -2.117388e+00 3.238482e+02 8.000000e+00
      vertex   -1.276598e+00 3.244861e+02 8.000000e+00
    endloop
  endfacet
  facet normal 0.000000e+00 0.000000e+00 1.000000e+00
    outer loop
      vertex   -1.276598e+00 3.244861e+02 8.000000e+00
      vertex   -2.117388e+00 3.238482e+02 8.000000e+00
      vertex   -1.736064e+00 3.236903e+02 8.000000e+00
    endloop
  endfacet
  facet normal 0.000000e+00 0.000000e+00 1.000000e+00
    outer loop
      vertex   -1.276598e+00 3.244861e+02 8.000000e+00
      vertex   -1.736064e+00 3.236903e+02 8.000000e+00
      vertex   -7.588315e-01 3.240888e+02 8.000000e+00
    endloop
  endfacet
  facet normal 0.000000e+00 0.000000e+00 1.000000e+00
    outer loop
      vertex   -7.588315e-01 3.240888e+02 8.000000e+00
      vertex   -1.736064e+00 3.236903e+02 8.000000e+00
      vertex   -1.408615e+00 3.234390e+02 8.000000e+00
    endloop
  endfacet
  facet normal 0.000000e+00 0.000000e+00 1.000000e+00
    outer loop
      vertex   -7.588315e-01 3.240888e+02 8.000000e+00
      vertex   -1.408615e+00 3.234390e+02 8.000000e+00
      vertex   -3.615349e-01 3.235710e+02 8.000000e+00
    endloop
  endfacet
  facet normal 0.000000e+00 0.000000e+00 1.000000e+00
    outer loop
      vertex   -3.615349e-01 3.235710e+02 8.000000e+00
      vertex   -1.408615e+00 3.234390e+02 8.000000e+00
      vertex   -1.157353e+00 3.231115e+02 8.000000e+00
    endloop
  endfacet
  facet normal 0.000000e+00 0.000000e+00 1.000000e+00
    outer loop
      vertex   -3.615349e-01 3.235710e+02 8.000000e+00
      vertex   -1.157353e+00 3.231115e+02 8.000000e+00
      vertex   -1.117838e-01 3.229681e+02 8.000000e+00
    endloop
  endfacet
  facet normal 0.000000e+00 0.000000e+00 1.000000e+00
    outer loop
      vertex   -1.117838e-01 3.229681e+02 8.000000e+00
      vertex   -1.157353e+00 3.231115e+02 8.000000e+00
      vertex   -9.994040e-01 3.227302e+02 8.000000e+00
    endloop
  endfacet
  facet normal 0.000000e+00 0.000000e+00 1.000000e+00
    outer loop
      vertex   -1.117838e-01 3.229681e+02 8.000000e+00
      vertex   -9.994040e-01 3.227302e+02 8.000000e+00
      vertex   -2.659841e-02 3.223210e+02 8.000000e+00
    endloop
  endfacet
  facet normal 9.914449e-01 -1.305262e-01 0.000000e+00
    outer loop
      vertex   -3.314417e+01 3.737421e+02 8.000000e+00
      vertex   -3.314417e+01 3.737421e+02 5.000000e+00
      vertex   -3.305898e+01 3.743891e+02 8.000000e+00
    endloop
  endfacet
  facet normal 9.914449e-01 -1.305262e-01 0.000000e+00
    outer loop
      vertex   -3.305898e+01 3.743891e+02 8.000000e+00
      vertex   -3.314417e+01 3.737421e+02 5.000000e+00
      vertex   -3.305898e+01 3.743891e+02 5.000000e+00
    endloop
  endfacet
  facet normal 9.914449e-01 1.305262e-01 0.000000e+00
    outer loop
      vertex   -3.305898e+01 3.743891e+02 8.000000e+00
      vertex   -3.305898e+01 3.743891e+02 5.000000e+00
      vertex   -3.314417e+01 3.750362e+02 8.000000e+00
    endloop
  endfacet
  facet normal 9.914449e-01 1.305262e-01 0.000000e+00
    outer loop
      vertex   -3.314417e+01 3.750362e+02 8.000000e+00
      vertex   -3.305898e+01 3.743891e+02 5.000000e+00
      vertex   -3.314417e+01 3.750362e+02 5.000000e+00
    endloop
  endfacet
  facet normal 9.238795e-01 3.826834e-01 0.000000e+00
    outer loop
      vertex   -3.314417e+01 3.750362e+02 8.000000e+00
      vertex   -3.314417e+01 3.750362e+02 5.000000e+00
      vertex   -3.339392e+01 3.756391e+02 8.000000e+00
    endloop
  endfacet
  facet normal 9.238795e-01 3.826834e-01 0.000000e+00
    outer loop
      vertex   -3.339392e+01 3.756391e+02 8.000000e+00
      vertex   -3.314417e+01 3.750362e+02 5.000000e+00
      vertex   -3.339392e+01 3.756391e+02 5.000000e+00
    endloop
  endfacet
  facet normal 7.933533e-01 6.087614e-01 0.000000e+00
    outer loop
      vertex   -3.339392e+01 3.756391e+02 8.000000e+00
      vertex   -3.339392e+01 3.756391e+02 5.000000e+00
      vertex   -3.379121e+01 3.761569e+02 8.000000e+00
    endloop
  endfacet
  facet normal 7.933533e-01 6.087614e-01 0.000000e+00
    outer loop
      vertex   -3.379121e+01 3.761569e+02 8.000000e+00
      vertex   -3.339392e+01 3.756391e+02 5.000000e+00
      vertex   -3.379121e+01 3.761569e+02 5.000000e+00
    endloop
  endfacet
  facet normal 6.087614e-01 7.933533e-01 0.000000e+00
    outer loop
      vertex   -3.379121e+01 3.761569e+02 8.000000e+00
      vertex   -3.379121e+01 3.761569e+02 5.000000e+00
      vertex   -3.430898e+01 3.765542e+02 8.000000e+00
    endloop
  endfacet
  facet normal 6.087614e-01 7.933533e-01 0.000000e+00
    outer loop
      vertex   -3.430898e+01 3.765542e+02 8.000000e+00
      vertex   -3.379121e+01 3.761569e+02 5.000000e+00
      vertex   -3.430898e+01 3.765542e+02 5.000000e+00
    endloop
  endfacet
  facet normal 3.826834e-01 9.238795e-01 0.000000e+00
    outer loop
      vertex   -3.430898e+01 3.765542e+02 8.000000e+00
      vertex   -3.430898e+01 3.765542e+02 5.000000e+00
      vertex   -3.491193e+01 3.768039e+02 8.000000e+00
    endloop
  endfacet
  facet normal 3.826834e-01 9.238795e-01 0.000000e+00
    outer loop
      vertex   -3.491193e+01 3.768039e+02 8.000000e+00
      vertex   -3.430898e+01 3.765542e+02 5.000000e+00
      vertex   -3.491193e+01 3.768039e+02 5.000000e+00
    endloop
  endfacet
  facet normal 1.305262e-01 9.914449e-01 0.000000e+00
    outer loop
      vertex   -3.491193e+01 3.768039e+02 8.000000e+00
      vertex   -3.491193e+01 3.768039e+02 5.000000e+00
      vertex   -3.555898e+01 3.768891e+02 8.000000e+00
    endloop
  endfacet
  facet normal 1.305262e-01 9.914449e-01 0.000000e+00
    outer loop
      vertex   -3.555898e+01 3.768891e+02 8.000000e+00
      vertex   -3.491193e+01 3.768039e+02 5.000000e+00
      vertex   -3.555898e+01 3.768891e+02 5.000000e+00
    endloop
  endfacet
  facet normal -1.305262e-01 9.914449e-01 0.000000e+00
    outer loop
      vertex   -3.555898e+01 3.768891e+02 8.000000e+00
      vertex   -3.555898e+01 3.768891e+02 5.000000e+00
      vertex   -3.620603e+01 3.768039e+02 8.000000e+00
    endloop
  endfacet
  facet normal -1.305262e-01 9.914449e-01 0.000000e+00
    outer loop
      vertex   -3.620603e+01 3.768039e+02 8.000000e+00
      vertex   -3.555898e+01 3.768891e+02 5.000000e+00
      vertex   -3.620603e+01 3.768039e+02 5.000000e+00
    endloop
  endfacet
  facet normal -3.826834e-01 9.238795e-01 0.000000e+00
    outer loop
      vertex   -3.620603e+01 3.768039e+02 8.000000e+00
      vertex   -3.620603e+01 3.768039e+02 5.000000e+00
      vertex   -3.680898e+01 3.765542e+02 8.000000e+00
    endloop
  endfacet
  facet normal -3.826834e-01 9.238795e-01 0.000000e+00
    outer loop
      vertex   -3.680898e+01 3.765542e+02 8.000000e+00
      vertex   -3.620603e+01 3.768039e+02 5.000000e+00
      vertex   -3.680898e+01 3.765542e+02 5.000000e+00
    endloop
  endfacet
  facet normal -6.087614e-01 7.933533e-01 0.000000e+00
    outer loop
      vertex   -3.680898e+01 3.765542e+02 8.000000e+00
      vertex   -3.680898e+01 3.765542e+02 5.000000e+00
      vertex   -3.732675e+01 3.761569e+02 8.000000e+00
    endloop
  endfacet
  facet normal -6.087614e-01 7.933533e-01 0.000000e+00
    outer loop
      vertex   -3.732675e+01 3.761569e+02 8.000000e+00
      vertex   -3.680898e+01 3.765542e+02 5.000000e+00
      vertex   -3.732675e+01 3.761569e+02 5.000000e+00
    endloop
  endfacet
  facet normal -7.933533e-01 6.087614e-01 0.000000e+00
    outer loop
      vertex   -3.732675e+01 3.761569e+02 8.000000e+00
      vertex   -3.732675e+01 3.761569e+02 5.000000e+00
      vertex   -3.772404e+01 3.756391e+02 8.000000e+00
    endloop
  endfacet
  facet normal -7.933533e-01 6.087614e-01 0.000000e+00
    outer loop
      vertex   -3.772404e+01 3.756391e+02 8.000000e+00
      vertex   -3.732675e+01 3.761569e+02 5.000000e+00
      vertex   -3.772404e+01 3.756391e+02 5.000000e+00
    endloop
  endfacet
  facet normal -9.238795e-01 3.826834e-01 0.000000e+00
    outer loop
      vertex   -3.772404e+01 3.756391e+02 8.000000e+00
      vertex   -3.772404e+01 3.756391e+02 5.000000e+00
      vertex   -3.797379e+01 3.750362e+02 8.000000e+00
    endloop
  endfacet
  facet normal -9.238795e-01 3.826834e-01 0.000000e+00
    outer loop
      vertex   -3.797379e+01 3.750362e+02 8.000000e+00
      vertex   -3.772404e+01 3.756391e+02 5.000000e+00
      vertex   -3.797379e+01 3.750362e+02 5.000000e+00
    endloop
  endfacet
  facet normal -9.914449e-01 1.305262e-01 0.000000e+00
    outer loop
      vertex   -3.797379e+01 3.750362e+02 8.000000e+00
      vertex   -3.797379e+01 3.750362e+02 5.000000e+00
      vertex   -3.805898e+01 3.743891e+02 8.000000e+00
    endloop
  endfacet
  facet normal -9.914449e-01 1.305262e-01 0.000000e+00
    outer loop
      vertex   -3.805898e+01 3.743891e+02 8.000000e+00
      vertex   -3.797379e+01 3.750362e+02 5.000000e+00
      vertex   -3.805898e+01 3.743891e+02 5.000000e+00
    endloop
  endfacet
  facet normal -9.914449e-01 -1.305262e-01 -0.000000e+00
    outer loop
      vertex   -3.805898e+01 3.743891e+02 8.000000e+00
      vertex   -3.805898e+01 3.743891e+02 5.000000e+00
      vertex   -3.797379e+01 3.737421e+02 8.000000e+00
    endloop
  endfacet
  facet normal -9.914449e-01 -1.305262e-01 -0.000000e+00
    outer loop
      vertex   -3.797379e+01 3.737421e+02 8.000000e+00
      vertex   -3.805898e+01 3.743891e+02 5.000000e+00
      vertex   -3.797379e+01 3.737421e+02 5.000000e+00
    endloop
  endfacet
  facet normal -9.238795e-01 -3.826834e-01 -0.000000e+00
    outer loop
      vertex   -3.797379e+01 3.737421e+02 8.000000e+00
      vertex   -3.797379e+01 3.737421e+02 5.000000e+00
      vertex   -3.772404e+01 3.731391e+02 8.000000e+00
    endloop
  endfacet
  facet normal -9.238795e-01 -3.826834e-01 -0.000000e+00
    outer loop
      vertex   -3.772404e+01 3.731391e+02 8.000000e+00
      vertex   -3.797379e+01 3.737421e+02 5.000000e+00
      vertex   -3.772404e+01 3.731391e+02 5.000000e+00
    endloop
  endfacet
  facet normal -7.933533e-01 -6.087614e-01 -0.000000e+00
    outer loop
      vertex   -3.772404e+01 3.731391e+02 8.000000e+00
      vertex   -3.772404e+01 3.731391e+02 5.000000e+00
      vertex   -3.732675e+01 3.726213e+02 8.000000e+00
    endloop
  endfacet
  facet normal -7.933533e-01 -6.087614e-01 -0.000000e+00
    outer loop
      vertex   -3.732675e+01 3.726213e+02 8.000000e+00
      vertex   -3.772404e+01 3.731391e+02 5.000000e+00
      vertex   -3.732675e+01 3.726213e+02 5.000000e+00
    endloop
  endfacet
  facet normal -6.087614e-01 -7.933533e-01 -0.000000e+00
    outer loop
      vertex   -3.732675e+01 3.726213e+02 8.000000e+00
      vertex   -3.732675e+01 3.726213e+02 5.000000e+00
      vertex   -3.680898e+01 3.722241e+02 8.000000e+00
    endloop
  endfacet
  facet normal -6.087614e-01 -7.933533e-01 -0.000000e+00
    outer loop
      vertex   -3.680898e+01 3.722241e+02 8.000000e+00
      vertex   -3.732675e+01 3.726213e+02 5.000000e+00
      vertex   -3.680898e+01 3.722241e+02 5.000000e+00
    endloop
  endfacet
  facet normal -3.826834e-01 -9.238795e-01 -0.000000e+00
    outer loop
      vertex   -3.680898e+01 3.722241e+02 8.000000e+00
      vertex   -3.680898e+01 3.722241e+02 5.000000e+00
      vertex   -3.620603e+01 3.719743e+02 8.000000e+00
    endloop
  endfacet
  facet normal -3.826834e-01 -9.238795e-01 -0.000000e+00
    outer loop
      vertex   -3.620603e+01 3.719743e+02 8.000000e+00
      vertex   -3.680898e+01 3.722241e+02 5.000000e+00
      vertex   -3.620603e+01 3.719743e+02 5.000000e+00
    endloop
  endfacet
  facet normal -1.305262e-01 -9.914449e-01 -0.000000e+00
    outer loop
      vertex   -3.620603e+01 3.719743e+02 8.000000e+00
      vertex   -3.620603e+01 3.719743e+02 5.000000e+00
      vertex   -3.555898e+01 3.718891e+02 8.000000e+00
    endloop
  endfacet
  facet normal -1.305262e-01 -9.914449e-01 -0.000000e+00
    outer loop
      vertex   -3.555898e+01 3.718891e+02 8.000000e+00
      vertex   -3.620603e+01 3.719743e+02 5.000000e+00
      vertex   -3.555898e+01 3.718891e+02 5.000000e+00
    endloop
  endfacet
  facet normal 1.305262e-01 -9.914449e-01 0.000000e+00
    outer loop
      vertex   -3.555898e+01 3.718891e+02 8.000000e+00
      vertex   -3.555898e+01 3.718891e+02 5.000000e+00
      vertex   -3.491193e+01 3.719743e+02 8.000000e+00
    endloop
  endfacet
  facet normal 1.305262e-01 -9.914449e-01 0.000000e+00
    outer loop
      vertex   -3.491193e+01 3.719743e+02 8.000000e+00
      vertex   -3.555898e+01 3.718891e+02 5.000000e+00
      vertex   -3.491193e+01 3.719743e+02 5.000000e+00
    endloop
  endfacet
  facet normal 3.826834e-01 -9.238795e-01 0.000000e+00
    outer loop
      vertex   -3.491193e+01 3.719743e+02 8.000000e+00
      vertex   -3.491193e+01 3.719743e+02 5.000000e+00
      vertex   -3.430898e+01 3.722241e+02 8.000000e+00
    endloop
  endfacet
  facet normal 3.826834e-01 -9.238795e-01 0.000000e+00
    outer loop
      vertex   -3.430898e+01 3.722241e+02 8.000000e+00
      vertex   -3.491193e+01 3.719743e+02 5.000000e+00
      vertex   -3.430898e+01 3.722241e+02 5.000000e+00
    endloop
  endfacet
  facet normal 6.087614e-01 -7.933533e-01 0.000000e+00
    outer loop
      vertex   -3.430898e+01 3.722241e+02 8.000000e+00
      vertex   -3.430898e+01 3.722241e+02 5.000000e+00
      vertex   -3.379121e+01 3.726213e+02 8.000000e+00
    endloop
  endfacet
  facet normal 6.087614e-01 -7.933533e-01 0.000000e+00
    outer loop
      vertex   -3.379121e+01 3.726213e+02 8.000000e+00
      vertex   -3.430898e+01 3.722241e+02 5.000000e+00
      vertex   -3.379121e+01 3.726213e+02 5.000000e+00
    endloop
  endfacet
  facet normal 7.933533e-01 -6.087614e-01 0.000000e+00
    outer loop
      vertex   -3.379121e+01 3.726213e+02 8.000000e+00
      vertex   -3.379121e+01 3.726213e+02 5.000000e+00
      vertex   -3.339392e+01 3.731391e+02 8.000000e+00
    endloop
  endfacet
  facet normal 7.933533e-01 -6.087614e-01 0.000000e+00
    outer loop
      vertex   -3.339392e+01 3.731391e+02 8.000000e+00
      vertex   -3.379121e+01 3.726213e+02 5.000000e+00
      vertex   -3.339392e+01 3.731391e+02 5.000000e+00
    endloop
  endfacet
  facet normal 9.238795e-01 -3.826834e-01 0.000000e+00
    outer loop
      vertex   -3.339392e+01 3.731391e+02 8.000000e+00
      vertex   -3.339392e+01 3.731391e+02 5.000000e+00
      vertex   -3.314417e+01 3.737421e+02 8.000000e+00
    endloop
  endfacet
  facet normal 9.238795e-01 -3.826834e-01 0.000000e+00
    outer loop
      vertex   -3.314417e+01 3.737421e+02 8.000000e+00
      vertex   -3.339392e+01 3.731391e+02 5.000000e+00
      vertex   -3.314417e+01 3.737421e+02 5.000000e+00
    endloop
  endfacet
  facet normal 0.000000e+00 0.000000e+00 1.000000e+00
    outer loop
      vertex   -3.403413e+01 3.747977e+02 8.000000e+00
      vertex   -3.398034e+01 3.743891e+02 8.000000e+00
      vertex   -3.305898e+01 3.743891e+02 8.000000e+00
    endloop
  endfacet
  facet normal 0.000000e+00 0.000000e+00 1.000000e+00
    outer loop
      vertex   -3.305898e+01 3.743891e+02 8.000000e+00
      vertex   -3.398034e+01 3.743891e+02 8.000000e+00
      vertex   -3.403413e+01 3.739805e+02 8.000000e+00
    endloop
  endfacet
  facet normal 0.000000e+00 0.000000e+00 1.000000e+00
    outer loop
      vertex   -3.305898e+01 3.743891e+02 8.000000e+00
      vertex   -3.403413e+01 3.739805e+02 8.000000e+00
      vertex   -3.314417e+01 3.737421e+02 8.000000e+00
    endloop
  endfacet
  facet normal 0.000000e+00 0.000000e+00 1.000000e+00
    outer loop
      vertex   -3.314417e+01 3.737421e+02 8.000000e+00
      vertex   -3.403413e+01 3.739805e+02 8.000000e+00
      vertex   -3.419183e+01 3.735998e+02 8.000000e+00
    endloop
  endfacet
  facet normal 0.000000e+00 0.000000e+00 1.000000e+00
    outer loop
      vertex   -3.314417e+01 3.737421e+02 8.000000e+00
      vertex   -3.419183e+01 3.735998e+02 8.000000e+00
      vertex   -3.339392e+01 3.731391e+02 8.000000e+00
    endloop
  endfacet
  facet normal 0.000000e+00 0.000000e+00 1.000000e+00
    outer loop
      vertex   -3.339392e+01 3.731391e+02 8.000000e+00
      vertex   -3.419183e+01 3.735998e+02 8.000000e+00
      vertex   -3.444271e+01 3.732728e+02 8.000000e+00
    endloop
  endfacet
  facet normal 0.000000e+00 0.000000e+00 1.000000e+00
    outer loop
      vertex   -3.339392e+01 3.731391e+02 8.000000e+00
      vertex   -3.444271e+01 3.732728e+02 8.000000e+00
      vertex   -3.379121e+01 3.726213e+02 8.000000e+00
    endloop
  endfacet
  facet normal 0.000000e+00 0.000000e+00 1.000000e+00
    outer loop
      vertex   -3.379121e+01 3.726213e+02 8.000000e+00
      vertex   -3.444271e+01 3.732728e+02 8.000000e+00
      vertex   -3.476966e+01 3.730220e+02 8.000000e+00
    endloop
  endfacet
  facet normal 0.000000e+00 0.000000e+00 1.000000e+00
    outer loop
      vertex   -3.379121e+01 3.726213e+02 8.000000e+00
      vertex   -3.476966e+01 3.730220e+02 8.000000e+00
      vertex   -3.430898e+01 3.722241e+02 8.000000e+00
    endloop
  endfacet
  facet normal 0.000000e+00 0.000000e+00 1.000000e+00
    outer loop
      vertex   -3.430898e+01 3.722241e+02 8.000000e+00
      vertex   -3.476966e+01 3.730220e+02 8.000000e+00
      vertex   -3.515040e+01 3.728643e+02 8.000000e+00
    endloop
  endfacet
  facet normal 0.000000e+00 0.000000e+00 1.000000e+00
    outer loop
      vertex   -3.430898e+01 3.722241e+02 8.000000e+00
      vertex   -3.515040e+01 3.728643e+02 8.000000e+00
      vertex   -3.491193e+01 3.719743e+02 8.000000e+00
    endloop
  endfacet
  facet normal 0.000000e+00 0.000000e+00 1.000000e+00
    outer loop
      vertex   -3.491193e+01 3.719743e+02 8.000000e+00
      vertex   -3.515040e+01 3.728643e+02 8.000000e+00
      vertex   -3.555898e+01 3.728105e+02 8.000000e+00
    endloop
  endfacet
  facet normal 0.000000e+00 0.000000e+00 1.000000e+00
    outer loop
      vertex   -3.491193e+01 3.719743e+02 8.000000e+00
      vertex   -3.555898e+01 3.728105e+02 8.000000e+00
      vertex   -3.555898e+01 3.718891e+02 8.000000e+00
    endloop
  endfacet
  facet normal 0.000000e+00 -0.000000e+00 1.000000e+00
    outer loop
      vertex   -3.555898e+01 3.718891e+02 8.000000e+00
      vertex   -3.555898e+01 3.728105e+02 8.000000e+00
      vertex   -3.620603e+01 3.719743e+02 8.000000e+00
    endloop
  endfacet
  facet normal 0.000000e+00 0.000000e+00 1.000000e+00
    outer loop
      vertex   -3.620603e+01 3.719743e+02 8.000000e+00
      vertex   -3.555898e+01 3.728105e+02 8.000000e+00
      vertex   -3.596756e+01 3.728643e+02 8.000000e+00
    endloop
  endfacet
  facet normal 0.000000e+00 -0.000000e+00 1.000000e+00
    outer loop
      vertex   -3.620603e+01 3.719743e+02 8.000000e+00
      vertex   -3.596756e+01 3.728643e+02 8.000000e+00
      vertex   -3.680898e+01 3.722241e+02 8.000000e+00
    endloop
  endfacet
  facet normal 0.000000e+00 0.000000e+00 1.000000e+00
    outer loop
      vertex   -3.680898e+01 3.722241e+02 8.000000e+00
      vertex   -3.596756e+01 3.728643e+02 8.000000e+00
      vertex   -3.634830e+01 3.730220e+02 8.000000e+00
    endloop
  endfacet
  facet normal 0.000000e+00 -0.000000e+00 1.000000e+00
    outer loop
      vertex   -3.680898e+01 3.722241e+02 8.000000e+00
      vertex   -3.634830e+01 3.730220e+02 8.000000e+00
      vertex   -3.732675e+01 3.726213e+02 8.000000e+00
    endloop
  endfacet
  facet normal 0.000000e+00 0.000000e+00 1.000000e+00
    outer loop
      vertex   -3.732675e+01 3.726213e+02 8.000000e+00
      vertex   -3.634830e+01 3.730220e+02 8.000000e+00
      vertex   -3.667525e+01 3.732728e+02 8.000000e+00
    endloop
  endfacet
  facet normal 0.000000e+00 -0.000000e+00 1.000000e+00
    outer loop
      vertex   -3.732675e+01 3.726213e+02 8.000000e+00
      vertex   -3.667525e+01 3.732728e+02 8.000000e+00
      vertex   -3.772404e+01 3.731391e+02 8.000000e+00
    endloop
  endfacet
  facet normal 0.000000e+00 0.000000e+00 1.000000e+00
    outer loop
      vertex   -3.772404e+01 3.731391e+02 8.000000e+00
      vertex   -3.667525e+01 3.732728e+02 8.000000e+00
      vertex   -3.692612e+01 3.735998e+02 8.000000e+00
    endloop
  endfacet
  facet normal 0.000000e+00 -0.000000e+00 1.000000e+00
    outer loop
      vertex   -3.772404e+01 3.731391e+02 8.000000e+00
      vertex   -3.692612e+01 3.735998e+02 8.000000e+00
      vertex   -3.797379e+01 3.737421e+02 8.000000e+00
    endloop
  endfacet
  facet normal -0.000000e+00 0.000000e+00 1.000000e+00
    outer loop
      vertex   -3.797379e+01 3.737421e+02 8.000000e+00
      vertex   -3.692612e+01 3.735998e+02 8.000000e+00
      vertex   -3.708383e+01 3.739805e+02 8.000000e+00
    endloop
  endfacet
  facet normal 0.000000e+00 -0.000000e+00 1.000000e+00
    outer loop
      vertex   -3.797379e+01 3.737421e+02 8.000000e+00
      vertex   -3.708383e+01 3.739805e+02 8.000000e+00
      vertex   -3.805898e+01 3.743891e+02 8.000000e+00
    endloop
  endfacet
  facet normal -0.000000e+00 0.000000e+00 1.000000e+00
    outer loop
      vertex   -3.805898e+01 3.743891e+02 8.000000e+00
      vertex   -3.708383e+01 3.739805e+02 8.000000e+00
      vertex   -3.713762e+01 3.743891e+02 8.000000e+00
    endloop
  endfacet
  facet normal 0.000000e+00 0.000000e+00 1.000000e+00
    outer loop
      vertex   -3.805898e+01 3.743891e+02 8.000000e+00
      vertex   -3.713762e+01 3.743891e+02 8.000000e+00
      vertex   -3.797379e+01 3.750362e+02 8.000000e+00
    endloop
  endfacet
  facet normal 0.000000e+00 0.000000e+00 1.000000e+00
    outer loop
      vertex   -3.797379e+01 3.750362e+02 8.000000e+00
      vertex   -3.713762e+01 3.743891e+02 8.000000e+00
      vertex   -3.708383e+01 3.747977e+02 8.000000e+00
    endloop
  endfacet
  facet normal -0.000000e+00 0.000000e+00 1.000000e+00
    outer loop
      vertex   -3.797379e+01 3.750362e+02 8.000000e+00
      vertex   -3.708383e+01 3.747977e+02 8.000000e+00
      vertex   -3.692612e+01 3.751784e+02 8.000000e+00
    endloop
  endfacet
  facet normal 0.000000e+00 0.000000e+00 1.000000e+00
    outer loop
      vertex   -3.797379e+01 3.750362e+02 8.000000e+00
      vertex   -3.692612e+01 3.751784e+02 8.000000e+00
      vertex   -3.772404e+01 3.756391e+02 8.000000e+00
    endloop
  endfacet
  facet normal 0.000000e+00 0.000000e+00 1.000000e+00
    outer loop
      vertex   -3.772404e+01 3.756391e+02 8.000000e+00
      vertex   -3.692612e+01 3.751784e+02 8.000000e+00
      vertex   -3.667525e+01 3.755054e+02 8.000000e+00
    endloop
  endfacet
  facet normal -0.000000e+00 0.000000e+00 1.000000e+00
    outer loop
      vertex   -3.772404e+01 3.756391e+02 8.000000e+00
      vertex   -3.667525e+01 3.755054e+02 8.000000e+00
      vertex   -3.732675e+01 3.761569e+02 8.000000e+00
    endloop
  endfacet
  facet normal 0.000000e+00 0.000000e+00 1.000000e+00
    outer loop
      vertex   -3.732675e+01 3.761569e+02 8.000000e+00
      vertex   -3.667525e+01 3.755054e+02 8.000000e+00
      vertex   -3.634830e+01 3.757563e+02 8.000000e+00
    endloop
  endfacet
  facet normal -0.000000e+00 0.000000e+00 1.000000e+00
    outer loop
      vertex   -3.732675e+01 3.761569e+02 8.000000e+00
      vertex   -3.634830e+01 3.757563e+02 8.000000e+00
      vertex   -3.680898e+01 3.765542e+02 8.000000e+00
    endloop
  endfacet
  facet normal 0.000000e+00 0.000000e+00 1.000000e+00
    outer loop
      vertex   -3.680898e+01 3.765542e+02 8.000000e+00
      vertex   -3.634830e+01 3.757563e+02 8.000000e+00
      vertex   -3.596756e+01 3.759140e+02 8.000000e+00
    endloop
  endfacet
  facet normal -0.000000e+00 0.000000e+00 1.000000e+00
    outer loop
      vertex   -3.680898e+01 3.765542e+02 8.000000e+00
      vertex   -3.596756e+01 3.759140e+02 8.000000e+00
      vertex   -3.620603e+01 3.768039e+02 8.000000e+00
    endloop
  endfacet
  facet normal 0.000000e+00 0.000000e+00 1.000000e+00
    outer loop
      vertex   -3.620603e+01 3.768039e+02 8.000000e+00
      vertex   -3.596756e+01 3.759140e+02 8.000000e+00
      vertex   -3.555898e+01 3.759678e+02 8.000000e+00
    endloop
  endfacet
  facet normal -0.000000e+00 0.000000e+00 1.000000e+00
    outer loop
      vertex   -3.620603e+01 3.768039e+02 8.000000e+00
      vertex   -3.555898e+01 3.759678e+02 8.000000e+00
      vertex   -3.555898e+01 3.768891e+02 8.000000e+00
    endloop
  endfacet
  facet normal 0.000000e+00 0.000000e+00 1.000000e+00
    outer loop
      vertex   -3.555898e+01 3.768891e+02 8.000000e+00
      vertex   -3.555898e+01 3.759678e+02 8.000000e+00
      vertex   -3.491193e+01 3.768039e+02 8.000000e+00
    endloop
  endfacet
  facet normal 0.000000e+00 0.000000e+00 1.000000e+00
    outer loop
      vertex   -3.491193e+01 3.768039e+02 8.000000e+00
      vertex   -3.555898e+01 3.759678e+02 8.000000e+00
      vertex   -3.515040e+01 3.759140e+02 8.000000e+00
    endloop
  endfacet
  facet normal 0.000000e+00 0.000000e+00 1.000000e+00
    outer loop
      vertex   -3.491193e+01 3.768039e+02 8.000000e+00
      vertex   -3.515040e+01 3.759140e+02 8.000000e+00
      vertex   -3.430898e+01 3.765542e+02 8.000000e+00
    endloop
  endfacet
  facet normal 0.000000e+00 0.000000e+00 1.000000e+00
    outer loop
      vertex   -3.430898e+01 3.765542e+02 8.000000e+00
      vertex   -3.515040e+01 3.759140e+02 8.000000e+00
      vertex   -3.476966e+01 3.757563e+02 8.000000e+00
    endloop
  endfacet
  facet normal 0.000000e+00 0.000000e+00 1.000000e+00
    outer loop
      vertex   -3.430898e+01 3.765542e+02 8.000000e+00
      vertex   -3.476966e+01 3.757563e+02 8.000000e+00
      vertex   -3.379121e+01 3.761569e+02 8.000000e+00
    endloop
  endfacet
  facet normal 0.000000e+00 0.000000e+00 1.000000e+00
    outer loop
      vertex   -3.379121e+01 3.761569e+02 8.000000e+00
      vertex   -3.476966e+01 3.757563e+02 8.000000e+00
      vertex   -3.444271e+01 3.755054e+02 8.000000e+00
    endloop
  endfacet
  facet normal 0.000000e+00 0.000000e+00 1.000000e+00
    outer loop
      vertex   -3.379121e+01 3.761569e+02 8.000000e+00
      vertex   -3.444271e+01 3.755054e+02 8.000000e+00
      vertex   -3.339392e+01 3.756391e+02 8.000000e+00
    endloop
  endfacet
  facet normal 0.000000e+00 0.000000e+00 1.000000e+00
    outer loop
      vertex   -3.339392e+01 3.756391e+02 8.000000e+00
      vertex   -3.444271e+01 3.755054e+02 8.000000e+00
      vertex   -3.419183e+01 3.751784e+02 8.000000e+00
    endloop
  endfacet
  facet normal 0.000000e+00 0.000000e+00 1.000000e+00
    outer loop
      vertex   -3.339392e+01 3.756391e+02 8.000000e+00
      vertex   -3.419183e+01 3.751784e+02 8.000000e+00
      vertex   -3.314417e+01 3.750362e+02 8.000000e+00
    endloop
  endfacet
  facet normal 0.000000e+00 0.000000e+00 1.000000e+00
    outer loop
      vertex   -3.314417e+01 3.750362e+02 8.000000e+00
      vertex   -3.419183e+01 3.751784e+02 8.000000e+00
      vertex   -3.403413e+01 3.747977e+02 8.000000e+00
    endloop
  endfacet
  facet normal 0.000000e+00 0.000000e+00 1.000000e+00
    outer loop
      vertex   -3.314417e+01 3.750362e+02 8.000000e+00
      vertex   -3.403413e+01 3.747977e+02 8.000000e+00
      vertex   -3.305898e+01 3.743891e+02 8.000000e+00
    endloop
  endfacet
  facet normal -9.914449e-01 -1.305262e-01 -0.000000e+00
    outer loop
      vertex   -3.403413e+01 3.747977e+02 8.000000e+00
      vertex   -3.403413e+01 3.747977e+02 0.000000e+00
      vertex   -3.398034e+01 3.743891e+02 8.000000e+00
    endloop
  endfacet
  facet normal -9.914449e-01 -1.305262e-01 -0.000000e+00
    outer loop
      vertex   -3.398034e+01 3.743891e+02 8.000000e+00
      vertex   -3.403413e+01 3.747977e+02 0.000000e+00
      vertex   -3.398034e+01 3.743891e+02 0.000000e+00
    endloop
  endfacet
  facet normal -9.914449e-01 1.305262e-01 0.000000e+00
    outer loop
      vertex   -3.398034e+01 3.743891e+02 8.000000e+00
      vertex   -3.398034e+01 3.743891e+02 0.000000e+00
      vertex   -3.403413e+01 3.739805e+02 8.000000e+00
    endloop
  endfacet
  facet normal -9.914449e-01 1.305262e-01 0.000000e+00
    outer loop
      vertex   -3.403413e+01 3.739805e+02 8.000000e+00
      vertex   -3.398034e+01 3.743891e+02 0.000000e+00
      vertex   -3.403413e+01 3.739805e+02 0.000000e+00
    endloop
  endfacet
  facet normal -9.238795e-01 3.826834e-01 0.000000e+00
    outer loop
      vertex   -3.403413e+01 3.739805e+02 8.000000e+00
      vertex   -3.403413e+01 3.739805e+02 0.000000e+00
      vertex   -3.419183e+01 3.735998e+02 8.000000e+00
    endloop
  endfacet
  facet normal -9.238795e-01 3.826834e-01 8.205699e-16
    outer loop
      vertex   -3.419183e+01 3.735998e+02 8.000000e+00
      vertex   -3.403413e+01 3.739805e+02 0.000000e+00
      vertex   -3.419183e+01 3.735998e+02 0.000000e+00
    endloop
  endfacet
  facet normal -7.933533e-01 6.087614e-01 7.046393e-16
    outer loop
      vertex   -3.419183e+01 3.735998e+02 8.000000e+00
      vertex   -3.419183e+01 3.735998e+02 0.000000e+00
      vertex   -3.444271e+01 3.732728e+02 8.000000e+00
    endloop
  endfacet
  facet normal -7.933533e-01 6.087614e-01 0.000000e+00
    outer loop
      vertex   -3.444271e+01 3.732728e+02 8.000000e+00
      vertex   -3.419183e+01 3.735998e+02 0.000000e+00
      vertex   -3.444271e+01 3.732728e+02 0.000000e+00
    endloop
  endfacet
  facet normal -6.087614e-01 7.933533e-01 0.000000e+00
    outer loop
      vertex   -3.444271e+01 3.732728e+02 8.000000e+00
      vertex   -3.444271e+01 3.732728e+02 0.000000e+00
      vertex   -3.476966e+01 3.730220e+02 8.000000e+00
    endloop
  endfacet
  facet normal -6.087614e-01 7.933533e-01 0.000000e+00
    outer loop
      vertex   -3.476966e+01 3.730220e+02 8.000000e+00
      vertex   -3.444271e+01 3.732728e+02 0.000000e+00
      vertex   -3.476966e+01 3.730220e+02 0.000000e+00
    endloop
  endfacet
  facet normal -3.826834e-01 9.238795e-01 0.000000e+00
    outer loop
      vertex   -3.476966e+01 3.730220e+02 8.000000e+00
      vertex   -3.476966e+01 3.730220e+02 0.000000e+00
      vertex   -3.515040e+01 3.728643e+02 8.000000e+00
    endloop
  endfacet
  facet normal -3.826834e-01 9.238795e-01 0.000000e+00
    outer loop
      vertex   -3.515040e+01 3.728643e+02 8.000000e+00
      vertex   -3.476966e+01 3.730220e+02 0.000000e+00
      vertex   -3.515040e+01 3.728643e+02 0.000000e+00
    endloop
  endfacet
  facet normal -1.305262e-01 9.914449e-01 0.000000e+00
    outer loop
      vertex   -3.515040e+01 3.728643e+02 8.000000e+00
      vertex   -3.515040e+01 3.728643e+02 0.000000e+00
      vertex   -3.555898e+01 3.728105e+02 8.000000e+00
    endloop
  endfacet
  facet normal -1.305262e-01 9.914449e-01 0.000000e+00
    outer loop
      vertex   -3.555898e+01 3.728105e+02 8.000000e+00
      vertex   -3.515040e+01 3.728643e+02 0.000000e+00
      vertex   -3.555898e+01 3.728105e+02 0.000000e+00
    endloop
  endfacet
  facet normal 1.305262e-01 9.914449e-01 0.000000e+00
    outer loop
      vertex   -3.555898e+01 3.728105e+02 8.000000e+00
      vertex   -3.555898e+01 3.728105e+02 0.000000e+00
      vertex   -3.596756e+01 3.728643e+02 8.000000e+00
    endloop
  endfacet
  facet normal 1.305262e-01 9.914449e-01 0.000000e+00
    outer loop
      vertex   -3.596756e+01 3.728643e+02 8.000000e+00
      vertex   -3.555898e+01 3.728105e+02 0.000000e+00
      vertex   -3.596756e+01 3.728643e+02 0.000000e+00
    endloop
  endfacet
  facet normal 3.826834e-01 9.238795e-01 0.000000e+00
    outer loop
      vertex   -3.596756e+01 3.728643e+02 8.000000e+00
      vertex   -3.596756e+01 3.728643e+02 0.000000e+00
      vertex   -3.634830e+01 3.730220e+02 8.000000e+00
    endloop
  endfacet
  facet normal 3.826834e-01 9.238795e-01 3.398912e-16
    outer loop
      vertex   -3.634830e+01 3.730220e+02 8.000000e+00
      vertex   -3.596756e+01 3.728643e+02 0.000000e+00
      vertex   -3.634830e+01 3.730220e+02 0.000000e+00
    endloop
  endfacet
  facet normal 6.087614e-01 7.933533e-01 5.406888e-16
    outer loop
      vertex   -3.634830e+01 3.730220e+02 8.000000e+00
      vertex   -3.634830e+01 3.730220e+02 0.000000e+00
      vertex   -3.667525e+01 3.732728e+02 8.000000e+00
    endloop
  endfacet
  facet normal 6.087614e-01 7.933533e-01 5.406888e-16
    outer loop
      vertex   -3.667525e+01 3.732728e+02 8.000000e+00
      vertex   -3.634830e+01 3.730220e+02 0.000000e+00
      vertex   -3.667525e+01 3.732728e+02 0.000000e+00
    endloop
  endfacet
  facet normal 7.933533e-01 6.087614e-01 7.046393e-16
    outer loop
      vertex   -3.667525e+01 3.732728e+02 8.000000e+00
      vertex   -3.667525e+01 3.732728e+02 0.000000e+00
      vertex   -3.692612e+01 3.735998e+02 8.000000e+00
    endloop
  endfacet
  facet normal 7.933533e-01 6.087614e-01 7.046393e-16
    outer loop
      vertex   -3.692612e+01 3.735998e+02 8.000000e+00
      vertex   -3.667525e+01 3.732728e+02 0.000000e+00
      vertex   -3.692612e+01 3.735998e+02 0.000000e+00
    endloop
  endfacet
  facet normal 9.238795e-01 3.826834e-01 8.205699e-16
    outer loop
      vertex   -3.692612e+01 3.735998e+02 8.000000e+00
      vertex   -3.692612e+01 3.735998e+02 0.000000e+00
      vertex   -3.708383e+01 3.739805e+02 8.000000e+00
    endloop
  endfacet
  facet normal 9.238795e-01 3.826834e-01 8.205699e-16
    outer loop
      vertex   -3.708383e+01 3.739805e+02 8.000000e+00
      vertex   -3.692612e+01 3.735998e+02 0.000000e+00
      vertex   -3.708383e+01 3.739805e+02 0.000000e+00
    endloop
  endfacet
  facet normal 9.914449e-01 1.305262e-01 8.805799e-16
    outer loop
      vertex   -3.708383e+01 3.739805e+02 8.000000e+00
      vertex   -3.708383e+01 3.739805e+02 0.000000e+00
      vertex   -3.713762e+01 3.743891e+02 8.000000e+00
    endloop
  endfacet
  facet normal 9.914449e-01 1.305262e-01 8.805799e-16
    outer loop
      vertex   -3.713762e+01 3.743891e+02 8.000000e+00
      vertex   -3.708383e+01 3.739805e+02 0.000000e+00
      vertex   -3.713762e+01 3.743891e+02 0.000000e+00
    endloop
  endfacet
  facet normal 9.914449e-01 -1.305262e-01 8.805799e-16
    outer loop
      vertex   -3.713762e+01 3.743891e+02 8.000000e+00
      vertex   -3.713762e+01 3.743891e+02 0.000000e+00
      vertex   -3.708383e+01 3.747977e+02 8.000000e+00
    endloop
  endfacet
  facet normal 9.914449e-01 -1.305262e-01 0.000000e+00
    outer loop
      vertex   -3.708383e+01 3.747977e+02 8.000000e+00
      vertex   -3.713762e+01 3.743891e+02 0.000000e+00
      vertex   -3.708383e+01 3.747977e+02 0.000000e+00
    endloop
  endfacet
  facet normal 9.238795e-01 -3.826834e-01 0.000000e+00
    outer loop
      vertex   -3.708383e+01 3.747977e+02 8.000000e+00
      vertex   -3.708383e+01 3.747977e+02 0.000000e+00
      vertex   -3.692612e+01 3.751784e+02 8.000000e+00
    endloop
  endfacet
  facet normal 9.238795e-01 -3.826834e-01 8.205699e-16
    outer loop
      vertex   -3.692612e+01 3.751784e+02 8.000000e+00
      vertex   -3.708383e+01 3.747977e+02 0.000000e+00
      vertex   -3.692612e+01 3.751784e+02 0.000000e+00
    endloop
  endfacet
  facet normal 7.933533e-01 -6.087614e-01 7.046393e-16
    outer loop
      vertex   -3.692612e+01 3.751784e+02 8.000000e+00
      vertex   -3.692612e+01 3.751784e+02 0.000000e+00
      vertex   -3.667525e+01 3.755054e+02 8.000000e+00
    endloop
  endfacet
  facet normal 7.933533e-01 -6.087614e-01 7.046393e-16
    outer loop
      vertex   -3.667525e+01 3.755054e+02 8.000000e+00
      vertex   -3.692612e+01 3.751784e+02 0.000000e+00
      vertex   -3.667525e+01 3.755054e+02 0.000000e+00
    endloop
  endfacet
  facet normal 6.087614e-01 -7.933533e-01 5.406888e-16
    outer loop
      vertex   -3.667525e+01 3.755054e+02 8.000000e+00
      vertex   -3.667525e+01 3.755054e+02 0.000000e+00
      vertex   -3.634830e+01 3.757563e+02 8.000000e+00
    endloop
  endfacet
  facet normal 6.087614e-01 -7.933533e-01 0.000000e+00
    outer loop
      vertex   -3.634830e+01 3.757563e+02 8.000000e+00
      vertex   -3.667525e+01 3.755054e+02 0.000000e+00
      vertex   -3.634830e+01 3.757563e+02 0.000000e+00
    endloop
  endfacet
  facet normal 3.826834e-01 -9.238795e-01 0.000000e+00
    outer loop
      vertex   -3.634830e+01 3.757563e+02 8.000000e+00
      vertex   -3.634830e+01 3.757563e+02 0.000000e+00
      vertex   -3.596756e+01 3.759140e+02 8.000000e+00
    endloop
  endfacet
  facet normal 3.826834e-01 -9.238795e-01 0.000000e+00
    outer loop
      vertex   -3.596756e+01 3.759140e+02 8.000000e+00
      vertex   -3.634830e+01 3.757563e+02 0.000000e+00
      vertex   -3.596756e+01 3.759140e+02 0.000000e+00
    endloop
  endfacet
  facet normal 1.305262e-01 -9.914449e-01 0.000000e+00
    outer loop
      vertex   -3.596756e+01 3.759140e+02 8.000000e+00
      vertex   -3.596756e+01 3.759140e+02 0.000000e+00
      vertex   -3.555898e+01 3.759678e+02 8.000000e+00
    endloop
  endfacet
  facet normal 1.305262e-01 -9.914449e-01 0.000000e+00
    outer loop
      vertex   -3.555898e+01 3.759678e+02 8.000000e+00
      vertex   -3.596756e+01 3.759140e+02 0.000000e+00
      vertex   -3.555898e+01 3.759678e+02 0.000000e+00
    endloop
  endfacet
  facet normal -1.305262e-01 -9.914449e-01 -0.000000e+00
    outer loop
      vertex   -3.555898e+01 3.759678e+02 8.000000e+00
      vertex   -3.555898e+01 3.759678e+02 0.000000e+00
      vertex   -3.515040e+01 3.759140e+02 8.000000e+00
    endloop
  endfacet
  facet normal -1.305262e-01 -9.914449e-01 -0.000000e+00
    outer loop
      vertex   -3.515040e+01 3.759140e+02 8.000000e+00
      vertex   -3.555898e+01 3.759678e+02 0.000000e+00
      vertex   -3.515040e+01 3.759140e+02 0.000000e+00
    endloop
  endfacet
  facet normal -3.826834e-01 -9.238795e-01 -0.000000e+00
    outer loop
      vertex   -3.515040e+01 3.759140e+02 8.000000e+00
      vertex   -3.515040e+01 3.759140e+02 0.000000e+00
      vertex   -3.476966e+01 3.757563e+02 8.000000e+00
    endloop
  endfacet
  facet normal -3.826834e-01 -9.238795e-01 -0.000000e+00
    outer loop
      vertex   -3.476966e+01 3.757563e+02 8.000000e+00
      vertex   -3.515040e+01 3.759140e+02 0.000000e+00
      vertex   -3.476966e+01 3.757563e+02 0.000000e+00
    endloop
  endfacet
  facet normal -6.087614e-01 -7.933533e-01 -0.000000e+00
    outer loop
      vertex   -3.476966e+01 3.757563e+02 8.000000e+00
      vertex   -3.476966e+01 3.757563e+02 0.000000e+00
      vertex   -3.444271e+01 3.755054e+02 8.000000e+00
    endloop
  endfacet
  facet normal -6.087614e-01 -7.933533e-01 -0.000000e+00
    outer loop
      vertex   -3.444271e+01 3.755054e+02 8.000000e+00
      vertex   -3.476966e+01 3.757563e+02 0.000000e+00
      vertex   -3.444271e+01 3.755054e+02 0.000000e+00
    endloop
  endfacet
  facet normal -7.933533e-01 -6.087614e-01 -0.000000e+00
    outer loop
      vertex   -3.444271e+01 3.755054e+02 8.000000e+00
      vertex   -3.444271e+01 3.755054e+02 0.000000e+00
      vertex   -3.419183e+01 3.751784e+02 8.000000e+00
    endloop
  endfacet
  facet normal -7.933533e-01 -6.087614e-01 7.046393e-16
    outer loop
      vertex   -3.419183e+01 3.751784e+02 8.000000e+00
      vertex   -3.444271e+01 3.755054e+02 0.000000e+00
      vertex   -3.419183e+01 3.751784e+02 0.000000e+00
    endloop
  endfacet
  facet normal -9.238795e-01 -3.826834e-01 8.205699e-16
    outer loop
      vertex   -3.419183e+01 3.751784e+02 8.000000e+00
      vertex   -3.419183e+01 3.751784e+02 0.000000e+00
      vertex   -3.403413e+01 3.747977e+02 8.000000e+00
    endloop
  endfacet
  facet normal -9.238795e-01 -3.826834e-01 -0.000000e+00
    outer loop
      vertex   -3.403413e+01 3.747977e+02 8.000000e+00
      vertex   -3.419183e+01 3.751784e+02 0.000000e+00
      vertex   -3.403413e+01 3.747977e+02 0.000000e+00
    endloop
  endfacet
  facet normal -9.914449e-01 -1.305262e-01 -0.000000e+00
    outer loop
      vertex   -4.927719e+01 3.239997e+02 8.000000e+00
      vertex   -4.927719e+01 3.239997e+02 0.000000e+00
      vertex   -4.922340e+01 3.235911e+02 8.000000e+00
    endloop
  endfacet
  facet normal -9.914449e-01 -1.305262e-01 -0.000000e+00
    outer loop
      vertex   -4.922340e+01 3.235911e+02 8.000000e+00
      vertex   -4.927719e+01 3.239997e+02 0.000000e+00
      vertex   -4.922340e+01 3.235911e+02 0.000000e+00
    endloop
  endfacet
  facet normal -9.914449e-01 1.305262e-01 0.000000e+00
    outer loop
      vertex   -4.922340e+01 3.235911e+02 8.000000e+00
      vertex   -4.922340e+01 3.235911e+02 0.000000e+00
      vertex   -4.927719e+01 3.231826e+02 8.000000e+00
    endloop
  endfacet
  facet normal -9.914449e-01 1.305262e-01 0.000000e+00
    outer loop
      vertex   -4.927719e+01 3.231826e+02 8.000000e+00
      vertex   -4.922340e+01 3.235911e+02 0.000000e+00
      vertex   -4.927719e+01 3.231826e+02 0.000000e+00
    endloop
  endfacet
  facet normal -9.238795e-01 3.826834e-01 0.000000e+00
    outer loop
      vertex   -4.927719e+01 3.231826e+02 8.000000e+00
      vertex   -4.927719e+01 3.231826e+02 0.000000e+00
      vertex   -4.943489e+01 3.228019e+02 8.000000e+00
    endloop
  endfacet
  facet normal -9.238795e-01 3.826834e-01 0.000000e+00
    outer loop
      vertex   -4.943489e+01 3.228019e+02 8.000000e+00
      vertex   -4.927719e+01 3.231826e+02 0.000000e+00
      vertex   -4.943489e+01 3.228019e+02 0.000000e+00
    endloop
  endfacet
  facet normal -7.933533e-01 6.087614e-01 0.000000e+00
    outer loop
      vertex   -4.943489e+01 3.228019e+02 8.000000e+00
      vertex   -4.943489e+01 3.228019e+02 0.000000e+00
      vertex   -4.968575e+01 3.224749e+02 8.000000e+00
    endloop
  endfacet
  facet normal -7.933533e-01 6.087614e-01 0.000000e+00
    outer loop
      vertex   -4.968575e+01 3.224749e+02 8.000000e+00
      vertex   -4.943489e+01 3.228019e+02 0.000000e+00
      vertex   -4.968575e+01 3.224749e+02 0.000000e+00
    endloop
  endfacet
  facet normal -6.087614e-01 7.933533e-01 0.000000e+00
    outer loop
      vertex   -4.968575e+01 3.224749e+02 8.000000e+00
      vertex   -4.968575e+01 3.224749e+02 0.000000e+00
      vertex   -5.001267e+01 3.222241e+02 8.000000e+00
    endloop
  endfacet
  facet normal -6.087614e-01 7.933533e-01 0.000000e+00
    outer loop
      vertex   -5.001267e+01 3.222241e+02 8.000000e+00
      vertex   -4.968575e+01 3.224749e+02 0.000000e+00
      vertex   -5.001267e+01 3.222241e+02 0.000000e+00
    endloop
  endfacet
  facet normal -3.826834e-01 9.238795e-01 0.000000e+00
    outer loop
      vertex   -5.001267e+01 3.222241e+02 8.000000e+00
      vertex   -5.001267e+01 3.222241e+02 0.000000e+00
      vertex   -5.039338e+01 3.220664e+02 8.000000e+00
    endloop
  endfacet
  facet normal -3.826834e-01 9.238795e-01 0.000000e+00
    outer loop
      vertex   -5.039338e+01 3.220664e+02 8.000000e+00
      vertex   -5.001267e+01 3.222241e+02 0.000000e+00
      vertex   -5.039338e+01 3.220664e+02 0.000000e+00
    endloop
  endfacet
  facet normal -1.305262e-01 9.914449e-01 0.000000e+00
    outer loop
      vertex   -5.039338e+01 3.220664e+02 8.000000e+00
      vertex   -5.039338e+01 3.220664e+02 0.000000e+00
      vertex   -5.080194e+01 3.220126e+02 8.000000e+00
    endloop
  endfacet
  facet normal -1.305262e-01 9.914449e-01 0.000000e+00
    outer loop
      vertex   -5.080194e+01 3.220126e+02 8.000000e+00
      vertex   -5.039338e+01 3.220664e+02 0.000000e+00
      vertex   -5.080194e+01 3.220126e+02 0.000000e+00
    endloop
  endfacet
  facet normal 1.305262e-01 9.914449e-01 0.000000e+00
    outer loop
      vertex   -5.080194e+01 3.220126e+02 8.000000e+00
      vertex   -5.080194e+01 3.220126e+02 0.000000e+00
      vertex   -5.121049e+01 3.220664e+02 8.000000e+00
    endloop
  endfacet
  facet normal 1.305262e-01 9.914449e-01 0.000000e+00
    outer loop
      vertex   -5.121049e+01 3.220664e+02 8.000000e+00
      vertex   -5.080194e+01 3.220126e+02 0.000000e+00
      vertex   -5.121049e+01 3.220664e+02 0.000000e+00
    endloop
  endfacet
  facet normal 3.826834e-01 9.238795e-01 0.000000e+00
    outer loop
      vertex   -5.121049e+01 3.220664e+02 8.000000e+00
      vertex   -5.121049e+01 3.220664e+02 0.000000e+00
      vertex   -5.159120e+01 3.222241e+02 8.000000e+00
    endloop
  endfacet
  facet normal 3.826834e-01 9.238795e-01 0.000000e+00
    outer loop
      vertex   -5.159120e+01 3.222241e+02 8.000000e+00
      vertex   -5.121049e+01 3.220664e+02 0.000000e+00
      vertex   -5.159120e+01 3.222241e+02 0.000000e+00
    endloop
  endfacet
  facet normal 6.087614e-01 7.933533e-01 0.000000e+00
    outer loop
      vertex   -5.159120e+01 3.222241e+02 8.000000e+00
      vertex   -5.159120e+01 3.222241e+02 0.000000e+00
      vertex   -5.191813e+01 3.224749e+02 8.000000e+00
    endloop
  endfacet
  facet normal 6.087614e-01 7.933533e-01 0.000000e+00
    outer loop
      vertex   -5.191813e+01 3.224749e+02 8.000000e+00
      vertex   -5.159120e+01 3.222241e+02 0.000000e+00
      vertex   -5.191813e+01 3.224749e+02 0.000000e+00
    endloop
  endfacet
  facet normal 7.933533e-01 6.087614e-01 0.000000e+00
    outer loop
      vertex   -5.191813e+01 3.224749e+02 8.000000e+00
      vertex   -5.191813e+01 3.224749e+02 0.000000e+00
      vertex   -5.216899e+01 3.228019e+02 8.000000e+00
    endloop
  endfacet
  facet normal 7.933533e-01 6.087614e-01 0.000000e+00
    outer loop
      vertex   -5.216899e+01 3.228019e+02 8.000000e+00
      vertex   -5.191813e+01 3.224749e+02 0.000000e+00
      vertex   -5.216899e+01 3.228019e+02 0.000000e+00
    endloop
  endfacet
  facet normal 9.238795e-01 3.826834e-01 0.000000e+00
    outer loop
      vertex   -5.216899e+01 3.228019e+02 8.000000e+00
      vertex   -5.216899e+01 3.228019e+02 0.000000e+00
      vertex   -5.232668e+01 3.231826e+02 8.000000e+00
    endloop
  endfacet
  facet normal 9.238795e-01 3.826834e-01 0.000000e+00
    outer loop
      vertex   -5.232668e+01 3.231826e+02 8.000000e+00
      vertex   -5.216899e+01 3.228019e+02 0.000000e+00
      vertex   -5.232668e+01 3.231826e+02 0.000000e+00
    endloop
  endfacet
  facet normal 9.914449e-01 1.305262e-01 0.000000e+00
    outer loop
      vertex   -5.232668e+01 3.231826e+02 8.000000e+00
      vertex   -5.232668e+01 3.231826e+02 0.000000e+00
      vertex   -5.238047e+01 3.235911e+02 8.000000e+00
    endloop
  endfacet
  facet normal 9.914449e-01 1.305262e-01 0.000000e+00
    outer loop
      vertex   -5.238047e+01 3.235911e+02 8.000000e+00
      vertex   -5.232668e+01 3.231826e+02 0.000000e+00
      vertex   -5.238047e+01 3.235911e+02 0.000000e+00
    endloop
  endfacet
  facet normal 9.914449e-01 -1.305262e-01 0.000000e+00
    outer loop
      vertex   -5.238047e+01 3.235911e+02 8.000000e+00
      vertex   -5.238047e+01 3.235911e+02 0.000000e+00
      vertex   -5.232668e+01 3.239997e+02 8.000000e+00
    endloop
  endfacet
  facet normal 9.914449e-01 -1.305262e-01 0.000000e+00
    outer loop
      vertex   -5.232668e+01 3.239997e+02 8.000000e+00
      vertex   -5.238047e+01 3.235911e+02 0.000000e+00
      vertex   -5.232668e+01 3.239997e+02 0.000000e+00
    endloop
  endfacet
  facet normal 9.238795e-01 -3.826834e-01 0.000000e+00
    outer loop
      vertex   -5.232668e+01 3.239997e+02 8.000000e+00
      vertex   -5.232668e+01 3.239997e+02 0.000000e+00
      vertex   -5.216899e+01 3.243804e+02 8.000000e+00
    endloop
  endfacet
  facet normal 9.238795e-01 -3.826834e-01 0.000000e+00
    outer loop
      vertex   -5.216899e+01 3.243804e+02 8.000000e+00
      vertex   -5.232668e+01 3.239997e+02 0.000000e+00
      vertex   -5.216899e+01 3.243804e+02 0.000000e+00
    endloop
  endfacet
  facet normal 7.933533e-01 -6.087614e-01 0.000000e+00
    outer loop
      vertex   -5.216899e+01 3.243804e+02 8.000000e+00
      vertex   -5.216899e+01 3.243804e+02 0.000000e+00
      vertex   -5.191813e+01 3.247073e+02 8.000000e+00
    endloop
  endfacet
  facet normal 7.933533e-01 -6.087614e-01 0.000000e+00
    outer loop
      vertex   -5.191813e+01 3.247073e+02 8.000000e+00
      vertex   -5.216899e+01 3.243804e+02 0.000000e+00
      vertex   -5.191813e+01 3.247073e+02 0.000000e+00
    endloop
  endfacet
  facet normal 6.087614e-01 -7.933533e-01 0.000000e+00
    outer loop
      vertex   -5.191813e+01 3.247073e+02 8.000000e+00
      vertex   -5.191813e+01 3.247073e+02 0.000000e+00
      vertex   -5.159120e+01 3.249582e+02 8.000000e+00
    endloop
  endfacet
  facet normal 6.087614e-01 -7.933533e-01 0.000000e+00
    outer loop
      vertex   -5.159120e+01 3.249582e+02 8.000000e+00
      vertex   -5.191813e+01 3.247073e+02 0.000000e+00
      vertex   -5.159120e+01 3.249582e+02 0.000000e+00
    endloop
  endfacet
  facet normal 3.826834e-01 -9.238795e-01 0.000000e+00
    outer loop
      vertex   -5.159120e+01 3.249582e+02 8.000000e+00
      vertex   -5.159120e+01 3.249582e+02 0.000000e+00
      vertex   -5.121049e+01 3.251159e+02 8.000000e+00
    endloop
  endfacet
  facet normal 3.826834e-01 -9.238795e-01 0.000000e+00
    outer loop
      vertex   -5.121049e+01 3.251159e+02 8.000000e+00
      vertex   -5.159120e+01 3.249582e+02 0.000000e+00
      vertex   -5.121049e+01 3.251159e+02 0.000000e+00
    endloop
  endfacet
  facet normal 1.305262e-01 -9.914449e-01 0.000000e+00
    outer loop
      vertex   -5.121049e+01 3.251159e+02 8.000000e+00
      vertex   -5.121049e+01 3.251159e+02 0.000000e+00
      vertex   -5.080194e+01 3.251697e+02 8.000000e+00
    endloop
  endfacet
  facet normal 1.305262e-01 -9.914449e-01 0.000000e+00
    outer loop
      vertex   -5.080194e+01 3.251697e+02 8.000000e+00
      vertex   -5.121049e+01 3.251159e+02 0.000000e+00
      vertex   -5.080194e+01 3.251697e+02 0.000000e+00
    endloop
  endfacet
  facet normal -1.305262e-01 -9.914449e-01 -0.000000e+00
    outer loop
      vertex   -5.080194e+01 3.251697e+02 8.000000e+00
      vertex   -5.080194e+01 3.251697e+02 0.000000e+00
      vertex   -5.039338e+01 3.251159e+02 8.000000e+00
    endloop
  endfacet
  facet normal -1.305262e-01 -9.914449e-01 -0.000000e+00
    outer loop
      vertex   -5.039338e+01 3.251159e+02 8.000000e+00
      vertex   -5.080194e+01 3.251697e+02 0.000000e+00
      vertex   -5.039338e+01 3.251159e+02 0.000000e+00
    endloop
  endfacet
  facet normal -3.826834e-01 -9.238795e-01 -0.000000e+00
    outer loop
      vertex   -5.039338e+01 3.251159e+02 8.000000e+00
      vertex   -5.039338e+01 3.251159e+02 0.000000e+00
      vertex   -5.001267e+01 3.249582e+02 8.000000e+00
    endloop
  endfacet
  facet normal -3.826834e-01 -9.238795e-01 -0.000000e+00
    outer loop
      vertex   -5.001267e+01 3.249582e+02 8.000000e+00
      vertex   -5.039338e+01 3.251159e+02 0.000000e+00
      vertex   -5.001267e+01 3.249582e+02 0.000000e+00
    endloop
  endfacet
  facet normal -6.087614e-01 -7.933533e-01 -0.000000e+00
    outer loop
      vertex   -5.001267e+01 3.249582e+02 8.000000e+00
      vertex   -5.001267e+01 3.249582e+02 0.000000e+00
      vertex   -4.968575e+01 3.247073e+02 8.000000e+00
    endloop
  endfacet
  facet normal -6.087614e-01 -7.933533e-01 -0.000000e+00
    outer loop
      vertex   -4.968575e+01 3.247073e+02 8.000000e+00
      vertex   -5.001267e+01 3.249582e+02 0.000000e+00
      vertex   -4.968575e+01 3.247073e+02 0.000000e+00
    endloop
  endfacet
  facet normal -7.933533e-01 -6.087614e-01 -0.000000e+00
    outer loop
      vertex   -4.968575e+01 3.247073e+02 8.000000e+00
      vertex   -4.968575e+01 3.247073e+02 0.000000e+00
      vertex   -4.943489e+01 3.243804e+02 8.000000e+00
    endloop
  endfacet
  facet normal -7.933533e-01 -6.087614e-01 -0.000000e+00
    outer loop
      vertex   -4.943489e+01 3.243804e+02 8.000000e+00
      vertex   -4.968575e+01 3.247073e+02 0.000000e+00
      vertex   -4.943489e+01 3.243804e+02 0.000000e+00
    endloop
  endfacet
  facet normal -9.238795e-01 -3.826834e-01 -0.000000e+00
    outer loop
      vertex   -4.943489e+01 3.243804e+02 8.000000e+00
      vertex   -4.943489e+01 3.243804e+02 0.000000e+00
      vertex   -4.927719e+01 3.239997e+02 8.000000e+00
    endloop
  endfacet
  facet normal -9.238795e-01 -3.826834e-01 -0.000000e+00
    outer loop
      vertex   -4.927719e+01 3.239997e+02 8.000000e+00
      vertex   -4.943489e+01 3.243804e+02 0.000000e+00
      vertex   -4.927719e+01 3.239997e+02 0.000000e+00
    endloop
  endfacet
  facet normal -9.914449e-01 -1.305262e-01 -2.201450e-16
    outer loop
      vertex   -6.074814e+00 3.748036e+02 8.000000e+00
      vertex   -6.074814e+00 3.748036e+02 0.000000e+00
      vertex   -6.020686e+00 3.743925e+02 8.000000e+00
    endloop
  endfacet
  facet normal -9.914449e-01 -1.305262e-01 -2.201450e-16
    outer loop
      vertex   -6.020686e+00 3.743925e+02 8.000000e+00
      vertex   -6.074814e+00 3.748036e+02 0.000000e+00
      vertex   -6.020686e+00 3.743925e+02 0.000000e+00
    endloop
  endfacet
  facet normal -9.914449e-01 1.305262e-01 -2.201450e-16
    outer loop
      vertex   -6.020686e+00 3.743925e+02 8.000000e+00
      vertex   -6.020686e+00 3.743925e+02 0.000000e+00
      vertex   -6.074814e+00 3.739813e+02 8.000000e+00
    endloop
  endfacet
  facet normal -9.914449e-01 1.305262e-01 -1.100725e-16
    outer loop
      vertex   -6.074814e+00 3.739813e+02 8.000000e+00
      vertex   -6.020686e+00 3.743925e+02 0.000000e+00
      vertex   -6.074814e+00 3.739813e+02 0.000000e+00
    endloop
  endfacet
  facet normal -9.238795e-01 3.826834e-01 -1.025712e-16
    outer loop
      vertex   -6.074814e+00 3.739813e+02 8.000000e+00
      vertex   -6.074814e+00 3.739813e+02 0.000000e+00
      vertex   -6.233510e+00 3.735982e+02 8.000000e+00
    endloop
  endfacet
  facet normal -9.238795e-01 3.826834e-01 0.000000e+00
    outer loop
      vertex   -6.233510e+00 3.735982e+02 8.000000e+00
      vertex   -6.074814e+00 3.739813e+02 0.000000e+00
      vertex   -6.233510e+00 3.735982e+02 0.000000e+00
    endloop
  endfacet
  facet normal -7.933533e-01 6.087614e-01 0.000000e+00
    outer loop
      vertex   -6.233510e+00 3.735982e+02 8.000000e+00
      vertex   -6.233510e+00 3.735982e+02 0.000000e+00
      vertex   -6.485959e+00 3.732692e+02 8.000000e+00
    endloop
  endfacet
  facet normal -7.933533e-01 6.087614e-01 -2.642397e-16
    outer loop
      vertex   -6.485959e+00 3.732692e+02 8.000000e+00
      vertex   -6.233510e+00 3.735982e+02 0.000000e+00
      vertex   -6.485959e+00 3.732692e+02 0.000000e+00
    endloop
  endfacet
  facet normal -6.087614e-01 7.933533e-01 -2.027583e-16
    outer loop
      vertex   -6.485959e+00 3.732692e+02 8.000000e+00
      vertex   -6.485959e+00 3.732692e+02 0.000000e+00
      vertex   -6.814957e+00 3.730167e+02 8.000000e+00
    endloop
  endfacet
  facet normal -6.087614e-01 7.933533e-01 -1.351722e-16
    outer loop
      vertex   -6.814957e+00 3.730167e+02 8.000000e+00
      vertex   -6.485959e+00 3.732692e+02 0.000000e+00
      vertex   -6.814957e+00 3.730167e+02 0.000000e+00
    endloop
  endfacet
  facet normal -3.826834e-01 9.238795e-01 -8.497279e-17
    outer loop
      vertex   -6.814957e+00 3.730167e+02 8.000000e+00
      vertex   -6.814957e+00 3.730167e+02 0.000000e+00
      vertex   -7.198084e+00 3.728581e+02 8.000000e+00
    endloop
  endfacet
  facet normal -3.826834e-01 9.238795e-01 -4.248640e-17
    outer loop
      vertex   -7.198084e+00 3.728581e+02 8.000000e+00
      vertex   -6.814957e+00 3.730167e+02 0.000000e+00
      vertex   -7.198084e+00 3.728581e+02 0.000000e+00
    endloop
  endfacet
  facet normal -1.305262e-01 9.914449e-01 -1.449132e-17
    outer loop
      vertex   -7.198084e+00 3.728581e+02 8.000000e+00
      vertex   -7.198084e+00 3.728581e+02 0.000000e+00
      vertex   -7.609229e+00 3.728039e+02 8.000000e+00
    endloop
  endfacet
  facet normal -1.305262e-01 9.914449e-01 0.000000e+00
    outer loop
      vertex   -7.609229e+00 3.728039e+02 8.000000e+00
      vertex   -7.198084e+00 3.728581e+02 0.000000e+00
      vertex   -7.609229e+00 3.728039e+02 0.000000e+00
    endloop
  endfacet
  facet normal 1.305262e-01 9.914449e-01 0.000000e+00
    outer loop
      vertex   -7.609229e+00 3.728039e+02 8.000000e+00
      vertex   -7.609229e+00 3.728039e+02 0.000000e+00
      vertex   -8.020374e+00 3.728581e+02 8.000000e+00
    endloop
  endfacet
  facet normal 1.305262e-01 9.914449e-01 0.000000e+00
    outer loop
      vertex   -8.020374e+00 3.728581e+02 8.000000e+00
      vertex   -7.609229e+00 3.728039e+02 0.000000e+00
      vertex   -8.020374e+00 3.728581e+02 0.000000e+00
    endloop
  endfacet
  facet normal 3.826834e-01 9.238795e-01 0.000000e+00
    outer loop
      vertex   -8.020374e+00 3.728581e+02 8.000000e+00
      vertex   -8.020374e+00 3.728581e+02 0.000000e+00
      vertex   -8.403501e+00 3.730167e+02 8.000000e+00
    endloop
  endfacet
  facet normal 3.826834e-01 9.238795e-01 0.000000e+00
    outer loop
      vertex   -8.403501e+00 3.730167e+02 8.000000e+00
      vertex   -8.020374e+00 3.728581e+02 0.000000e+00
      vertex   -8.403501e+00 3.730167e+02 0.000000e+00
    endloop
  endfacet
  facet normal 6.087614e-01 7.933533e-01 0.000000e+00
    outer loop
      vertex   -8.403501e+00 3.730167e+02 8.000000e+00
      vertex   -8.403501e+00 3.730167e+02 0.000000e+00
      vertex   -8.732499e+00 3.732692e+02 8.000000e+00
    endloop
  endfacet
  facet normal 6.087614e-01 7.933533e-01 0.000000e+00
    outer loop
      vertex   -8.732499e+00 3.732692e+02 8.000000e+00
      vertex   -8.403501e+00 3.730167e+02 0.000000e+00
      vertex   -8.732499e+00 3.732692e+02 0.000000e+00
    endloop
  endfacet
  facet normal 7.933533e-01 6.087614e-01 0.000000e+00
    outer loop
      vertex   -8.732499e+00 3.732692e+02 8.000000e+00
      vertex   -8.732499e+00 3.732692e+02 0.000000e+00
      vertex   -8.984948e+00 3.735982e+02 8.000000e+00
    endloop
  endfacet
  facet normal 7.933533e-01 6.087614e-01 0.000000e+00
    outer loop
      vertex   -8.984948e+00 3.735982e+02 8.000000e+00
      vertex   -8.732499e+00 3.732692e+02 0.000000e+00
      vertex   -8.984948e+00 3.735982e+02 0.000000e+00
    endloop
  endfacet
  facet normal 9.238795e-01 3.826834e-01 0.000000e+00
    outer loop
      vertex   -8.984948e+00 3.735982e+02 8.000000e+00
      vertex   -8.984948e+00 3.735982e+02 0.000000e+00
      vertex   -9.143644e+00 3.739813e+02 8.000000e+00
    endloop
  endfacet
  facet normal 9.238795e-01 3.826834e-01 0.000000e+00
    outer loop
      vertex   -9.143644e+00 3.739813e+02 8.000000e+00
      vertex   -8.984948e+00 3.735982e+02 0.000000e+00
      vertex   -9.143644e+00 3.739813e+02 0.000000e+00
    endloop
  endfacet
  facet normal 9.914449e-01 1.305262e-01 0.000000e+00
    outer loop
      vertex   -9.143644e+00 3.739813e+02 8.000000e+00
      vertex   -9.143644e+00 3.739813e+02 0.000000e+00
      vertex   -9.197772e+00 3.743925e+02 8.000000e+00
    endloop
  endfacet
  facet normal 9.914449e-01 1.305262e-01 -2.201450e-16
    outer loop
      vertex   -9.197772e+00 3.743925e+02 8.000000e+00
      vertex   -9.143644e+00 3.739813e+02 0.000000e+00
      vertex   -9.197772e+00 3.743925e+02 0.000000e+00
    endloop
  endfacet
  facet normal 9.914449e-01 -1.305262e-01 -2.201450e-16
    outer loop
      vertex   -9.197772e+00 3.743925e+02 8.000000e+00
      vertex   -9.197772e+00 3.743925e+02 0.000000e+00
      vertex   -9.143644e+00 3.748036e+02 8.000000e+00
    endloop
  endfacet
  facet normal 9.914449e-01 -1.305262e-01 0.000000e+00
    outer loop
      vertex   -9.143644e+00 3.748036e+02 8.000000e+00
      vertex   -9.197772e+00 3.743925e+02 0.000000e+00
      vertex   -9.143644e+00 3.748036e+02 0.000000e+00
    endloop
  endfacet
  facet normal 9.238795e-01 -3.826834e-01 0.000000e+00
    outer loop
      vertex   -9.143644e+00 3.748036e+02 8.000000e+00
      vertex   -9.143644e+00 3.748036e+02 0.000000e+00
      vertex   -8.984948e+00 3.751867e+02 8.000000e+00
    endloop
  endfacet
  facet normal 9.238795e-01 -3.826834e-01 0.000000e+00
    outer loop
      vertex   -8.984948e+00 3.751867e+02 8.000000e+00
      vertex   -9.143644e+00 3.748036e+02 0.000000e+00
      vertex   -8.984948e+00 3.751867e+02 0.000000e+00
    endloop
  endfacet
  facet normal 7.933533e-01 -6.087614e-01 0.000000e+00
    outer loop
      vertex   -8.984948e+00 3.751867e+02 8.000000e+00
      vertex   -8.984948e+00 3.751867e+02 0.000000e+00
      vertex   -8.732499e+00 3.755157e+02 8.000000e+00
    endloop
  endfacet
  facet normal 7.933533e-01 -6.087614e-01 0.000000e+00
    outer loop
      vertex   -8.732499e+00 3.755157e+02 8.000000e+00
      vertex   -8.984948e+00 3.751867e+02 0.000000e+00
      vertex   -8.732499e+00 3.755157e+02 0.000000e+00
    endloop
  endfacet
  facet normal 6.087614e-01 -7.933533e-01 0.000000e+00
    outer loop
      vertex   -8.732499e+00 3.755157e+02 8.000000e+00
      vertex   -8.732499e+00 3.755157e+02 0.000000e+00
      vertex   -8.403501e+00 3.757682e+02 8.000000e+00
    endloop
  endfacet
  facet normal 6.087614e-01 -7.933533e-01 0.000000e+00
    outer loop
      vertex   -8.403501e+00 3.757682e+02 8.000000e+00
      vertex   -8.732499e+00 3.755157e+02 0.000000e+00
      vertex   -8.403501e+00 3.757682e+02 0.000000e+00
    endloop
  endfacet
  facet normal 3.826834e-01 -9.238795e-01 0.000000e+00
    outer loop
      vertex   -8.403501e+00 3.757682e+02 8.000000e+00
      vertex   -8.403501e+00 3.757682e+02 0.000000e+00
      vertex   -8.020374e+00 3.759269e+02 8.000000e+00
    endloop
  endfacet
  facet normal 3.826834e-01 -9.238795e-01 0.000000e+00
    outer loop
      vertex   -8.020374e+00 3.759269e+02 8.000000e+00
      vertex   -8.403501e+00 3.757682e+02 0.000000e+00
      vertex   -8.020374e+00 3.759269e+02 0.000000e+00
    endloop
  endfacet
  facet normal 1.305262e-01 -9.914449e-01 0.000000e+00
    outer loop
      vertex   -8.020374e+00 3.759269e+02 8.000000e+00
      vertex   -8.020374e+00 3.759269e+02 0.000000e+00
      vertex   -7.609229e+00 3.759810e+02 8.000000e+00
    endloop
  endfacet
  facet normal 1.305262e-01 -9.914449e-01 0.000000e+00
    outer loop
      vertex   -7.609229e+00 3.759810e+02 8.000000e+00
      vertex   -8.020374e+00 3.759269e+02 0.000000e+00
      vertex   -7.609229e+00 3.759810e+02 0.000000e+00
    endloop
  endfacet
  facet normal -1.305262e-01 -9.914449e-01 -0.000000e+00
    outer loop
      vertex   -7.609229e+00 3.759810e+02 8.000000e+00
      vertex   -7.609229e+00 3.759810e+02 0.000000e+00
      vertex   -7.198084e+00 3.759269e+02 8.000000e+00
    endloop
  endfacet
  facet normal -1.305262e-01 -9.914449e-01 -0.000000e+00
    outer loop
      vertex   -7.198084e+00 3.759269e+02 8.000000e+00
      vertex   -7.609229e+00 3.759810e+02 0.000000e+00
      vertex   -7.198084e+00 3.759269e+02 0.000000e+00
    endloop
  endfacet
  facet normal -3.826834e-01 -9.238795e-01 -0.000000e+00
    outer loop
      vertex   -7.198084e+00 3.759269e+02 8.000000e+00
      vertex   -7.198084e+00 3.759269e+02 0.000000e+00
      vertex   -6.814957e+00 3.757682e+02 8.000000e+00
    endloop
  endfacet
  facet normal -3.826834e-01 -9.238795e-01 -4.248640e-17
    outer loop
      vertex   -6.814957e+00 3.757682e+02 8.000000e+00
      vertex   -7.198084e+00 3.759269e+02 0.000000e+00
      vertex   -6.814957e+00 3.757682e+02 0.000000e+00
    endloop
  endfacet
  facet normal -6.087614e-01 -7.933533e-01 -6.758610e-17
    outer loop
      vertex   -6.814957e+00 3.757682e+02 8.000000e+00
      vertex   -6.814957e+00 3.757682e+02 0.000000e+00
      vertex   -6.485959e+00 3.755157e+02 8.000000e+00
    endloop
  endfacet
  facet normal -6.087614e-01 -7.933533e-01 -1.351722e-16
    outer loop
      vertex   -6.485959e+00 3.755157e+02 8.000000e+00
      vertex   -6.814957e+00 3.757682e+02 0.000000e+00
      vertex   -6.485959e+00 3.755157e+02 0.000000e+00
    endloop
  endfacet
  facet normal -7.933533e-01 -6.087614e-01 -1.761598e-16
    outer loop
      vertex   -6.485959e+00 3.755157e+02 8.000000e+00
      vertex   -6.485959e+00 3.755157e+02 0.000000e+00
      vertex   -6.233510e+00 3.751867e+02 8.000000e+00
    endloop
  endfacet
  facet normal -7.933533e-01 -6.087614e-01 -8.807991e-17
    outer loop
      vertex   -6.233510e+00 3.751867e+02 8.000000e+00
      vertex   -6.485959e+00 3.755157e+02 0.000000e+00
      vertex   -6.233510e+00 3.751867e+02 0.000000e+00
    endloop
  endfacet
  facet normal -9.238795e-01 -3.826834e-01 -1.025712e-16
    outer loop
      vertex   -6.233510e+00 3.751867e+02 8.000000e+00
      vertex   -6.233510e+00 3.751867e+02 0.000000e+00
      vertex   -6.074814e+00 3.748036e+02 8.000000e+00
    endloop
  endfacet
  facet normal -9.238795e-01 -3.826834e-01 -2.051425e-16
    outer loop
      vertex   -6.074814e+00 3.748036e+02 8.000000e+00
      vertex   -6.233510e+00 3.751867e+02 0.000000e+00
      vertex   -6.074814e+00 3.748036e+02 0.000000e+00
    endloop
  endfacet
  facet normal -9.914449e-01 -1.305262e-01 -0.000000e+00
    outer loop
      vertex   -9.994040e-01 3.227302e+02 8.000000e+00
      vertex   -9.994040e-01 3.227302e+02 0.000000e+00
      vertex   -9.455305e-01 3.223210e+02 8.000000e+00
    endloop
  endfacet
  facet normal -9.914449e-01 -1.305262e-01 4.127718e-17
    outer loop
      vertex   -9.455305e-01 3.223210e+02 8.000000e+00
      vertex   -9.994040e-01 3.227302e+02 0.000000e+00
      vertex   -9.455305e-01 3.223210e+02 0.000000e+00
    endloop
  endfacet
  facet normal -9.914449e-01 1.305262e-01 4.127718e-17
    outer loop
      vertex   -9.455305e-01 3.223210e+02 8.000000e+00
      vertex   -9.455305e-01 3.223210e+02 0.000000e+00
      vertex   -9.994040e-01 3.219118e+02 8.000000e+00
    endloop
  endfacet
  facet normal -9.914449e-01 1.305262e-01 2.751812e-17
    outer loop
      vertex   -9.994040e-01 3.219118e+02 8.000000e+00
      vertex   -9.455305e-01 3.223210e+02 0.000000e+00
      vertex   -9.994040e-01 3.219118e+02 0.000000e+00
    endloop
  endfacet
  facet normal -9.238795e-01 3.826834e-01 2.564281e-17
    outer loop
      vertex   -9.994040e-01 3.219118e+02 8.000000e+00
      vertex   -9.994040e-01 3.219118e+02 0.000000e+00
      vertex   -1.157353e+00 3.215305e+02 8.000000e+00
    endloop
  endfacet
  facet normal -9.238795e-01 3.826834e-01 2.564281e-17
    outer loop
      vertex   -1.157353e+00 3.215305e+02 8.000000e+00
      vertex   -9.994040e-01 3.219118e+02 0.000000e+00
      vertex   -1.157353e+00 3.215305e+02 0.000000e+00
    endloop
  endfacet
  facet normal -7.933533e-01 6.087614e-01 2.201998e-17
    outer loop
      vertex   -1.157353e+00 3.215305e+02 8.000000e+00
      vertex   -1.157353e+00 3.215305e+02 0.000000e+00
      vertex   -1.408615e+00 3.212030e+02 8.000000e+00
    endloop
  endfacet
  facet normal -7.933533e-01 6.087614e-01 -2.201998e-17
    outer loop
      vertex   -1.408615e+00 3.212030e+02 8.000000e+00
      vertex   -1.157353e+00 3.215305e+02 0.000000e+00
      vertex   -1.408615e+00 3.212030e+02 0.000000e+00
    endloop
  endfacet
  facet normal -6.087614e-01 7.933533e-01 -1.689652e-17
    outer loop
      vertex   -1.408615e+00 3.212030e+02 8.000000e+00
      vertex   -1.408615e+00 3.212030e+02 0.000000e+00
      vertex   -1.736064e+00 3.209518e+02 8.000000e+00
    endloop
  endfacet
  facet normal -6.087614e-01 7.933533e-01 0.000000e+00
    outer loop
      vertex   -1.736064e+00 3.209518e+02 8.000000e+00
      vertex   -1.408615e+00 3.212030e+02 0.000000e+00
      vertex   -1.736064e+00 3.209518e+02 0.000000e+00
    endloop
  endfacet
  facet normal -3.826834e-01 9.238795e-01 0.000000e+00
    outer loop
      vertex   -1.736064e+00 3.209518e+02 8.000000e+00
      vertex   -1.736064e+00 3.209518e+02 0.000000e+00
      vertex   -2.117388e+00 3.207938e+02 8.000000e+00
    endloop
  endfacet
  facet normal -3.826834e-01 9.238795e-01 -2.124320e-17
    outer loop
      vertex   -2.117388e+00 3.207938e+02 8.000000e+00
      vertex   -1.736064e+00 3.209518e+02 0.000000e+00
      vertex   -2.117388e+00 3.207938e+02 0.000000e+00
    endloop
  endfacet
  facet normal -1.305262e-01 9.914449e-01 -7.245659e-18
    outer loop
      vertex   -2.117388e+00 3.207938e+02 8.000000e+00
      vertex   -2.117388e+00 3.207938e+02 0.000000e+00
      vertex   -2.526598e+00 3.207399e+02 8.000000e+00
    endloop
  endfacet
  facet normal -1.305262e-01 9.914449e-01 0.000000e+00
    outer loop
      vertex   -2.526598e+00 3.207399e+02 8.000000e+00
      vertex   -2.117388e+00 3.207938e+02 0.000000e+00
      vertex   -2.526598e+00 3.207399e+02 0.000000e+00
    endloop
  endfacet
  facet normal 1.305262e-01 9.914449e-01 0.000000e+00
    outer loop
      vertex   -2.526598e+00 3.207399e+02 8.000000e+00
      vertex   -2.526598e+00 3.207399e+02 0.000000e+00
      vertex   -2.935809e+00 3.207938e+02 8.000000e+00
    endloop
  endfacet
  facet normal 1.305262e-01 9.914449e-01 7.245659e-18
    outer loop
      vertex   -2.935809e+00 3.207938e+02 8.000000e+00
      vertex   -2.526598e+00 3.207399e+02 0.000000e+00
      vertex   -2.935809e+00 3.207938e+02 0.000000e+00
    endloop
  endfacet
  facet normal 3.826834e-01 9.238795e-01 2.124320e-17
    outer loop
      vertex   -2.935809e+00 3.207938e+02 8.000000e+00
      vertex   -2.935809e+00 3.207938e+02 0.000000e+00
      vertex   -3.317132e+00 3.209518e+02 8.000000e+00
    endloop
  endfacet
  facet normal 3.826834e-01 9.238795e-01 6.372959e-17
    outer loop
      vertex   -3.317132e+00 3.209518e+02 8.000000e+00
      vertex   -2.935809e+00 3.207938e+02 0.000000e+00
      vertex   -3.317132e+00 3.209518e+02 0.000000e+00
    endloop
  endfacet
  facet normal 6.087614e-01 7.933533e-01 1.013791e-16
    outer loop
      vertex   -3.317132e+00 3.209518e+02 8.000000e+00
      vertex   -3.317132e+00 3.209518e+02 0.000000e+00
      vertex   -3.644582e+00 3.212030e+02 8.000000e+00
    endloop
  endfacet
  facet normal 6.087614e-01 7.933533e-01 6.758610e-17
    outer loop
      vertex   -3.644582e+00 3.212030e+02 8.000000e+00
      vertex   -3.317132e+00 3.209518e+02 0.000000e+00
      vertex   -3.644582e+00 3.212030e+02 0.000000e+00
    endloop
  endfacet
  facet normal 7.933533e-01 6.087614e-01 8.807991e-17
    outer loop
      vertex   -3.644582e+00 3.212030e+02 8.000000e+00
      vertex   -3.644582e+00 3.212030e+02 0.000000e+00
      vertex   -3.895843e+00 3.215305e+02 8.000000e+00
    endloop
  endfacet
  facet normal 7.933533e-01 6.087614e-01 0.000000e+00
    outer loop
      vertex   -3.895843e+00 3.215305e+02 8.000000e+00
      vertex   -3.644582e+00 3.212030e+02 0.000000e+00
      vertex   -3.895843e+00 3.215305e+02 0.000000e+00
    endloop
  endfacet
  facet normal 9.238795e-01 3.826834e-01 0.000000e+00
    outer loop
      vertex   -3.895843e+00 3.215305e+02 8.000000e+00
      vertex   -3.895843e+00 3.215305e+02 0.000000e+00
      vertex   -4.053793e+00 3.219118e+02 8.000000e+00
    endloop
  endfacet
  facet normal 9.238795e-01 3.826834e-01 0.000000e+00
    outer loop
      vertex   -4.053793e+00 3.219118e+02 8.000000e+00
      vertex   -3.895843e+00 3.215305e+02 0.000000e+00
      vertex   -4.053793e+00 3.219118e+02 0.000000e+00
    endloop
  endfacet
  facet normal 9.914449e-01 1.305262e-01 0.000000e+00
    outer loop
      vertex   -4.053793e+00 3.219118e+02 8.000000e+00
      vertex   -4.053793e+00 3.219118e+02 0.000000e+00
      vertex   -4.107666e+00 3.223210e+02 8.000000e+00
    endloop
  endfacet
  facet normal 9.914449e-01 1.305262e-01 0.000000e+00
    outer loop
      vertex   -4.107666e+00 3.223210e+02 8.000000e+00
      vertex   -4.053793e+00 3.219118e+02 0.000000e+00
      vertex   -4.107666e+00 3.223210e+02 0.000000e+00
    endloop
  endfacet
  facet normal 9.914449e-01 -1.305262e-01 0.000000e+00
    outer loop
      vertex   -4.107666e+00 3.223210e+02 8.000000e+00
      vertex   -4.107666e+00 3.223210e+02 0.000000e+00
      vertex   -4.053793e+00 3.227302e+02 8.000000e+00
    endloop
  endfacet
  facet normal 9.914449e-01 -1.305262e-01 0.000000e+00
    outer loop
      vertex   -4.053793e+00 3.227302e+02 8.000000e+00
      vertex   -4.107666e+00 3.223210e+02 0.000000e+00
      vertex   -4.053793e+00 3.227302e+02 0.000000e+00
    endloop
  endfacet
  facet normal 9.238795e-01 -3.826834e-01 0.000000e+00
    outer loop
      vertex   -4.053793e+00 3.227302e+02 8.000000e+00
      vertex   -4.053793e+00 3.227302e+02 0.000000e+00
      vertex   -3.895843e+00 3.231115e+02 8.000000e+00
    endloop
  endfacet
  facet normal 9.238795e-01 -3.826834e-01 5.128562e-17
    outer loop
      vertex   -3.895843e+00 3.231115e+02 8.000000e+00
      vertex   -4.053793e+00 3.227302e+02 0.000000e+00
      vertex   -3.895843e+00 3.231115e+02 0.000000e+00
    endloop
  endfacet
  facet normal 7.933533e-01 -6.087614e-01 4.403996e-17
    outer loop
      vertex   -3.895843e+00 3.231115e+02 8.000000e+00
      vertex   -3.895843e+00 3.231115e+02 0.000000e+00
      vertex   -3.644582e+00 3.234390e+02 8.000000e+00
    endloop
  endfacet
  facet normal 7.933533e-01 -6.087614e-01 8.807991e-17
    outer loop
      vertex   -3.644582e+00 3.234390e+02 8.000000e+00
      vertex   -3.895843e+00 3.231115e+02 0.000000e+00
      vertex   -3.644582e+00 3.234390e+02 0.000000e+00
    endloop
  endfacet
  facet normal 6.087614e-01 -7.933533e-01 6.758610e-17
    outer loop
      vertex   -3.644582e+00 3.234390e+02 8.000000e+00
      vertex   -3.644582e+00 3.234390e+02 0.000000e+00
      vertex   -3.317132e+00 3.236903e+02 8.000000e+00
    endloop
  endfacet
  facet normal 6.087614e-01 -7.933533e-01 0.000000e+00
    outer loop
      vertex   -3.317132e+00 3.236903e+02 8.000000e+00
      vertex   -3.644582e+00 3.234390e+02 0.000000e+00
      vertex   -3.317132e+00 3.236903e+02 0.000000e+00
    endloop
  endfacet
  facet normal 3.826834e-01 -9.238795e-01 0.000000e+00
    outer loop
      vertex   -3.317132e+00 3.236903e+02 8.000000e+00
      vertex   -3.317132e+00 3.236903e+02 0.000000e+00
      vertex   -2.935809e+00 3.238482e+02 8.000000e+00
    endloop
  endfacet
  facet normal 3.826834e-01 -9.238795e-01 6.372959e-17
    outer loop
      vertex   -2.935809e+00 3.238482e+02 8.000000e+00
      vertex   -3.317132e+00 3.236903e+02 0.000000e+00
      vertex   -2.935809e+00 3.238482e+02 0.000000e+00
    endloop
  endfacet
  facet normal 1.305262e-01 -9.914449e-01 2.173698e-17
    outer loop
      vertex   -2.935809e+00 3.238482e+02 8.000000e+00
      vertex   -2.935809e+00 3.238482e+02 0.000000e+00
      vertex   -2.526598e+00 3.239021e+02 8.000000e+00
    endloop
  endfacet
  facet normal 1.305262e-01 -9.914449e-01 0.000000e+00
    outer loop
      vertex   -2.526598e+00 3.239021e+02 8.000000e+00
      vertex   -2.935809e+00 3.238482e+02 0.000000e+00
      vertex   -2.526598e+00 3.239021e+02 0.000000e+00
    endloop
  endfacet
  facet normal -1.305262e-01 -9.914449e-01 -0.000000e+00
    outer loop
      vertex   -2.526598e+00 3.239021e+02 8.000000e+00
      vertex   -2.526598e+00 3.239021e+02 0.000000e+00
      vertex   -2.117388e+00 3.238482e+02 8.000000e+00
    endloop
  endfacet
  facet normal -1.305262e-01 -9.914449e-01 -7.245659e-18
    outer loop
      vertex   -2.117388e+00 3.238482e+02 8.000000e+00
      vertex   -2.526598e+00 3.239021e+02 0.000000e+00
      vertex   -2.117388e+00 3.238482e+02 0.000000e+00
    endloop
  endfacet
  facet normal -3.826834e-01 -9.238795e-01 -2.124320e-17
    outer loop
      vertex   -2.117388e+00 3.238482e+02 8.000000e+00
      vertex   -2.117388e+00 3.238482e+02 0.000000e+00
      vertex   -1.736064e+00 3.236903e+02 8.000000e+00
    endloop
  endfacet
  facet normal -3.826834e-01 -9.238795e-01 -3.186480e-17
    outer loop
      vertex   -1.736064e+00 3.236903e+02 8.000000e+00
      vertex   -2.117388e+00 3.238482e+02 0.000000e+00
      vertex   -1.736064e+00 3.236903e+02 0.000000e+00
    endloop
  endfacet
  facet normal -6.087614e-01 -7.933533e-01 -5.068957e-17
    outer loop
      vertex   -1.736064e+00 3.236903e+02 8.000000e+00
      vertex   -1.736064e+00 3.236903e+02 0.000000e+00
      vertex   -1.408615e+00 3.234390e+02 8.000000e+00
    endloop
  endfacet
  facet normal -6.087614e-01 -7.933533e-01 -0.000000e+00
    outer loop
      vertex   -1.408615e+00 3.234390e+02 8.000000e+00
      vertex   -1.736064e+00 3.236903e+02 0.000000e+00
      vertex   -1.408615e+00 3.234390e+02 0.000000e+00
    endloop
  endfacet
  facet normal -7.933533e-01 -6.087614e-01 -0.000000e+00
    outer loop
      vertex   -1.408615e+00 3.234390e+02 8.000000e+00
      vertex   -1.408615e+00 3.234390e+02 0.000000e+00
      vertex   -1.157353e+00 3.231115e+02 8.000000e+00
    endloop
  endfacet
  facet normal -7.933533e-01 -6.087614e-01 2.201998e-17
    outer loop
      vertex   -1.157353e+00 3.231115e+02 8.000000e+00
      vertex   -1.408615e+00 3.234390e+02 0.000000e+00
      vertex   -1.157353e+00 3.231115e+02 0.000000e+00
    endloop
  endfacet
  facet normal -9.238795e-01 -3.826834e-01 2.564281e-17
    outer loop
      vertex   -1.157353e+00 3.231115e+02 8.000000e+00
      vertex   -1.157353e+00 3.231115e+02 0.000000e+00
      vertex   -9.994040e-01 3.227302e+02 8.000000e+00
    endloop
  endfacet
  facet normal -9.238795e-01 -3.826834e-01 -0.000000e+00
    outer loop
      vertex   -9.994040e-01 3.227302e+02 8.000000e+00
      vertex   -1.157353e+00 3.231115e+02 0.000000e+00
      vertex   -9.994040e-01 3.227302e+02 0.000000e+00
    endloop
  endfacet
  facet normal 0.000000e+00 1.000000e+00 0.000000e+00
    outer loop
      vertex   -3.382021e+00 3.823986e+02 3.421659e+01
      vertex   -3.296836e+00 3.823986e+02 3.486364e+01
      vertex   5.164334e+01 3.823986e+02 4.582344e+01
    endloop
  endfacet
  facet normal 0.000000e+00 1.000000e+00 0.000000e+00
    outer loop
      vertex   5.164334e+01 3.823986e+02 4.582344e+01
      vertex   -3.296836e+00 3.823986e+02 3.486364e+01
      vertex   -3.382021e+00 3.823986e+02 3.551068e+01
    endloop
  endfacet
  facet normal 0.000000e+00 1.000000e+00 0.000000e+00
    outer loop
      vertex   5.164334e+01 3.823986e+02 4.582344e+01
      vertex   -3.382021e+00 3.823986e+02 3.551068e+01
      vertex   -3.631772e+00 3.823986e+02 3.611364e+01
    endloop
  endfacet
  facet normal 0.000000e+00 1.000000e+00 -0.000000e+00
    outer loop
      vertex   -3.631772e+00 3.823986e+02 3.611364e+01
      vertex   -4.029069e+00 3.823986e+02 3.663140e+01
      vertex   5.164334e+01 3.823986e+02 4.582344e+01
    endloop
  endfacet
  facet normal 0.000000e+00 1.000000e+00 0.000000e+00
    outer loop
      vertex   5.164334e+01 3.823986e+02 4.582344e+01
      vertex   -4.029069e+00 3.823986e+02 3.663140e+01
      vertex   -4.546836e+00 3.823986e+02 3.702870e+01
    endloop
  endfacet
  facet normal 0.000000e+00 1.000000e+00 0.000000e+00
    outer loop
      vertex   5.164334e+01 3.823986e+02 4.582344e+01
      vertex   -4.546836e+00 3.823986e+02 3.702870e+01
      vertex   -5.149788e+00 3.823986e+02 3.727845e+01
    endloop
  endfacet
  facet normal 0.000000e+00 1.000000e+00 -0.000000e+00
    outer loop
      vertex   -5.149788e+00 3.823986e+02 3.727845e+01
      vertex   -5.796836e+00 3.823986e+02 3.736364e+01
      vertex   5.164334e+01 3.823986e+02 4.582344e+01
    endloop
  endfacet
  facet normal 0.000000e+00 1.000000e+00 0.000000e+00
    outer loop
      vertex   5.164334e+01 3.823986e+02 4.582344e+01
      vertex   -5.796836e+00 3.823986e+02 3.736364e+01
      vertex   -6.720696e+01 3.823986e+02 4.582344e+01
    endloop
  endfacet
  facet normal 0.000000e+00 1.000000e+00 0.000000e+00
    outer loop
      vertex   -6.720696e+01 3.823986e+02 4.582344e+01
      vertex   -5.796836e+00 3.823986e+02 3.736364e+01
      vertex   -6.443883e+00 3.823986e+02 3.727845e+01
    endloop
  endfacet
  facet normal 0.000000e+00 1.000000e+00 0.000000e+00
    outer loop
      vertex   -6.720696e+01 3.823986e+02 4.582344e+01
      vertex   -6.443883e+00 3.823986e+02 3.727845e+01
      vertex   -7.046836e+00 3.823986e+02 3.702870e+01
    endloop
  endfacet
  facet normal 0.000000e+00 1.000000e+00 0.000000e+00
    outer loop
      vertex   -7.046836e+00 3.823986e+02 3.702870e+01
      vertex   -7.564603e+00 3.823986e+02 3.663140e+01
      vertex   -6.720696e+01 3.823986e+02 4.582344e+01
    endloop
  endfacet
  facet normal 0.000000e+00 1.000000e+00 0.000000e+00
    outer loop
      vertex   -6.720696e+01 3.823986e+02 4.582344e+01
      vertex   -7.564603e+00 3.823986e+02 3.663140e+01
      vertex   -7.961899e+00 3.823986e+02 3.611364e+01
    endloop
  endfacet
  facet normal 0.000000e+00 1.000000e+00 0.000000e+00
    outer loop
      vertex   -6.720696e+01 3.823986e+02 4.582344e+01
      vertex   -7.961899e+00 3.823986e+02 3.611364e+01
      vertex   -8.211650e+00 3.823986e+02 3.551068e+01
    endloop
  endfacet
  facet normal 0.000000e+00 1.000000e+00 0.000000e+00
    outer loop
      vertex   -8.211650e+00 3.823986e+02 3.551068e+01
      vertex   -8.296836e+00 3.823986e+02 3.486364e+01
      vertex   -6.720696e+01 3.823986e+02 4.582344e+01
    endloop
  endfacet
  facet normal 0.000000e+00 1.000000e+00 0.000000e+00
    outer loop
      vertex   -6.720696e+01 3.823986e+02 4.582344e+01
      vertex   -8.296836e+00 3.823986e+02 3.486364e+01
      vertex   -8.211650e+00 3.823986e+02 3.421659e+01
    endloop
  endfacet
  facet normal 0.000000e+00 1.000000e+00 0.000000e+00
    outer loop
      vertex   -6.720696e+01 3.823986e+02 4.582344e+01
      vertex   -8.211650e+00 3.823986e+02 3.421659e+01
      vertex   -7.961899e+00 3.823986e+02 3.361364e+01
    endloop
  endfacet
  facet normal 0.000000e+00 1.000000e+00 0.000000e+00
    outer loop
      vertex   -7.961899e+00 3.823986e+02 3.361364e+01
      vertex   -7.564603e+00 3.823986e+02 3.309587e+01
      vertex   -6.720696e+01 3.823986e+02 4.582344e+01
    endloop
  endfacet
  facet normal 0.000000e+00 1.000000e+00 0.000000e+00
    outer loop
      vertex   -6.720696e+01 3.823986e+02 4.582344e+01
      vertex   -7.564603e+00 3.823986e+02 3.309587e+01
      vertex   -6.720696e+01 3.823986e+02 0.000000e+00
    endloop
  endfacet
  facet normal 0.000000e+00 1.000000e+00 0.000000e+00
    outer loop
      vertex   -6.720696e+01 3.823986e+02 0.000000e+00
      vertex   -7.564603e+00 3.823986e+02 3.309587e+01
      vertex   -7.046836e+00 3.823986e+02 3.269857e+01
    endloop
  endfacet
  facet normal 0.000000e+00 1.000000e+00 0.000000e+00
    outer loop
      vertex   -6.720696e+01 3.823986e+02 0.000000e+00
      vertex   -7.046836e+00 3.823986e+02 3.269857e+01
      vertex   -6.443883e+00 3.823986e+02 3.244882e+01
    endloop
  endfacet
  facet normal 0.000000e+00 1.000000e+00 0.000000e+00
    outer loop
      vertex   -6.443883e+00 3.823986e+02 3.244882e+01
      vertex   -5.796836e+00 3.823986e+02 3.236364e+01
      vertex   -6.720696e+01 3.823986e+02 0.000000e+00
    endloop
  endfacet
  facet normal 0.000000e+00 1.000000e+00 0.000000e+00
    outer loop
      vertex   -6.720696e+01 3.823986e+02 0.000000e+00
      vertex   -5.796836e+00 3.823986e+02 3.236364e+01
      vertex   5.164334e+01 3.823986e+02 0.000000e+00
    endloop
  endfacet
  facet normal 0.000000e+00 1.000000e+00 0.000000e+00
    outer loop
      vertex   5.164334e+01 3.823986e+02 0.000000e+00
      vertex   -5.796836e+00 3.823986e+02 3.236364e+01
      vertex   -5.149788e+00 3.823986e+02 3.244882e+01
    endloop
  endfacet
  facet normal 0.000000e+00 1.000000e+00 0.000000e+00
    outer loop
      vertex   5.164334e+01 3.823986e+02 0.000000e+00
      vertex   -5.149788e+00 3.823986e+02 3.244882e+01
      vertex   -4.546836e+00 3.823986e+02 3.269857e+01
    endloop
  endfacet
  facet normal -0.000000e+00 1.000000e+00 0.000000e+00
    outer loop
      vertex   -4.546836e+00 3.823986e+02 3.269857e+01
      vertex   -4.029069e+00 3.823986e+02 3.309587e+01
      vertex   5.164334e+01 3.823986e+02 0.000000e+00
    endloop
  endfacet
  facet normal 0.000000e+00 1.000000e+00 -0.000000e+00
    outer loop
      vertex   5.164334e+01 3.823986e+02 0.000000e+00
      vertex   -4.029069e+00 3.823986e+02 3.309587e+01
      vertex   5.164334e+01 3.823986e+02 4.582344e+01
    endloop
  endfacet
  facet normal 0.000000e+00 1.000000e+00 0.000000e+00
    outer loop
      vertex   5.164334e+01 3.823986e+02 4.582344e+01
      vertex   -4.029069e+00 3.823986e+02 3.309587e+01
      vertex   -3.631772e+00 3.823986e+02 3.361364e+01
    endloop
  endfacet
  facet normal 0.000000e+00 1.000000e+00 0.000000e+00
    outer loop
      vertex   5.164334e+01 3.823986e+02 4.582344e+01
      vertex   -3.631772e+00 3.823986e+02 3.361364e+01
      vertex   -3.382021e+00 3.823986e+02 3.421659e+01
    endloop
  endfacet
  facet normal -1.008183e-15 -1.000000e+00 -1.327298e-16
    outer loop
      vertex   -3.382021e+00 2.973540e+02 3.551068e+01
      vertex   -3.296836e+00 2.973540e+02 3.486364e+01
      vertex   5.164334e+01 2.973540e+02 4.581569e+01
    endloop
  endfacet
  facet normal -1.062527e-15 -1.000000e+00 1.398844e-16
    outer loop
      vertex   5.164334e+01 2.973540e+02 4.581569e+01
      vertex   -3.296836e+00 2.973540e+02 3.486364e+01
      vertex   -3.382021e+00 2.973540e+02 3.421659e+01
    endloop
  endfacet
  facet normal -1.131869e-15 -1.000000e+00 4.688354e-16
    outer loop
      vertex   5.164334e+01 2.973540e+02 4.581569e+01
      vertex   -3.382021e+00 2.973540e+02 3.421659e+01
      vertex   -3.631772e+00 2.973540e+02 3.361364e+01
    endloop
  endfacet
  facet normal -1.238091e-15 -1.000000e+00 9.500207e-16
    outer loop
      vertex   -3.631772e+00 2.973540e+02 3.361364e+01
      vertex   -4.029069e+00 2.973540e+02 3.309587e+01
      vertex   5.164334e+01 2.973540e+02 4.581569e+01
    endloop
  endfacet
  facet normal -1.163016e-15 -1.000000e+00 6.214294e-16
    outer loop
      vertex   5.164334e+01 2.973540e+02 4.581569e+01
      vertex   -4.029069e+00 2.973540e+02 3.309587e+01
      vertex   3.268189e+01 2.973540e+02 1.032902e+01
    endloop
  endfacet
  facet normal 0.000000e+00 -1.000000e+00 -0.000000e+00
    outer loop
      vertex   5.164334e+01 2.973540e+02 4.581569e+01
      vertex   3.268189e+01 2.973540e+02 1.032902e+01
      vertex   5.164334e+01 2.973540e+02 0.000000e+00
    endloop
  endfacet
  facet normal 0.000000e+00 -1.000000e+00 0.000000e+00
    outer loop
      vertex   5.164334e+01 2.973540e+02 0.000000e+00
      vertex   3.268189e+01 2.973540e+02 1.032902e+01
      vertex   3.268189e+01 2.973540e+02 7.348089e+00
    endloop
  endfacet
  facet normal 0.000000e+00 -1.000000e+00 0.000000e+00
    outer loop
      vertex   5.164334e+01 2.973540e+02 0.000000e+00
      vertex   3.268189e+01 2.973540e+02 7.348089e+00
      vertex   2.421090e+01 2.973540e+02 7.348089e+00
    endloop
  endfacet
  facet normal 1.224311e-15 -1.000000e+00 4.470932e-15
    outer loop
      vertex   3.268189e+01 2.973540e+02 1.032902e+01
      vertex   -4.029069e+00 2.973540e+02 3.309587e+01
      vertex   -3.519799e+00 2.973540e+02 2.024241e+01
    endloop
  endfacet
  facet normal -3.293320e-15 -1.000000e+00 4.291938e-15
    outer loop
      vertex   -3.519799e+00 2.973540e+02 2.024241e+01
      vertex   -4.029069e+00 2.973540e+02 3.309587e+01
      vertex   -4.546836e+00 2.973540e+02 3.269857e+01
    endloop
  endfacet
  facet normal -1.827830e-15 -1.000000e+00 4.412771e-15
    outer loop
      vertex   -3.519799e+00 2.973540e+02 2.024241e+01
      vertex   -4.546836e+00 2.973540e+02 3.269857e+01
      vertex   -5.149788e+00 2.973540e+02 3.244882e+01
    endloop
  endfacet
  facet normal -6.024940e-16 -1.000000e+00 4.576397e-15
    outer loop
      vertex   -5.149788e+00 2.973540e+02 3.244882e+01
      vertex   -5.796836e+00 2.973540e+02 3.236364e+01
      vertex   -3.519799e+00 2.973540e+02 2.024241e+01
    endloop
  endfacet
  facet normal 0.000000e+00 -1.000000e+00 4.689578e-15
    outer loop
      vertex   -3.519799e+00 2.973540e+02 2.024241e+01
      vertex   -5.796836e+00 2.973540e+02 3.236364e+01
      vertex   -1.187592e+01 2.973540e+02 2.024241e+01
    endloop
  endfacet
  facet normal 5.791549e-16 -1.000000e+00 4.399118e-15
    outer loop
      vertex   -1.187592e+01 2.973540e+02 2.024241e+01
      vertex   -5.796836e+00 2.973540e+02 3.236364e+01
      vertex   -6.443883e+00 2.973540e+02 3.244882e+01
    endloop
  endfacet
  facet normal 1.628709e-15 -1.000000e+00 3.932051e-15
    outer loop
      vertex   -1.187592e+01 2.973540e+02 2.024241e+01
      vertex   -6.443883e+00 2.973540e+02 3.244882e+01
      vertex   -7.046836e+00 2.973540e+02 3.269857e+01
    endloop
  endfacet
  facet normal 0.000000e+00 -1.000000e+00 4.563479e-15
    outer loop
      vertex   -1.187592e+01 2.973540e+02 2.024241e+01
      vertex   -7.046836e+00 2.973540e+02 3.269857e+01
      vertex   -3.236024e+01 2.973540e+02 2.024241e+01
    endloop
  endfacet
  facet normal 1.368185e-15 -1.000000e+00 1.783054e-15
    outer loop
      vertex   -3.236024e+01 2.973540e+02 2.024241e+01
      vertex   -7.046836e+00 2.973540e+02 3.269857e+01
      vertex   -7.564603e+00 2.973540e+02 3.309587e+01
    endloop
  endfacet
  facet normal 1.640103e-15 -1.000000e+00 1.258496e-15
    outer loop
      vertex   -3.236024e+01 2.973540e+02 2.024241e+01
      vertex   -7.564603e+00 2.973540e+02 3.309587e+01
      vertex   -7.961899e+00 2.973540e+02 3.361364e+01
    endloop
  endfacet
  facet normal 0.000000e+00 -1.000000e+00 4.251176e-15
    outer loop
      vertex   -3.236024e+01 2.973540e+02 2.024241e+01
      vertex   -7.961899e+00 2.973540e+02 3.361364e+01
      vertex   -4.357671e+01 2.973540e+02 2.024241e+01
    endloop
  endfacet
  facet normal 1.381259e-15 -1.000000e+00 5.721361e-16
    outer loop
      vertex   -4.357671e+01 2.973540e+02 2.024241e+01
      vertex   -7.961899e+00 2.973540e+02 3.361364e+01
      vertex   -8.211650e+00 2.973540e+02 3.421659e+01
    endloop
  endfacet
  facet normal 1.527852e-15 -1.000000e+00 2.011456e-16
    outer loop
      vertex   -4.357671e+01 2.973540e+02 2.024241e+01
      vertex   -8.211650e+00 2.973540e+02 3.421659e+01
      vertex   -8.296836e+00 2.973540e+02 3.486364e+01
    endloop
  endfacet
  facet normal 1.165058e-15 -1.000000e+00 1.076539e-15
    outer loop
      vertex   -4.357671e+01 2.973540e+02 2.024241e+01
      vertex   -8.296836e+00 2.973540e+02 3.486364e+01
      vertex   -6.720696e+01 2.973540e+02 4.581569e+01
    endloop
  endfacet
  facet normal 9.418649e-16 -1.000000e+00 -1.239989e-16
    outer loop
      vertex   -6.720696e+01 2.973540e+02 4.581569e+01
      vertex   -8.296836e+00 2.973540e+02 3.486364e+01
      vertex   -8.211650e+00 2.973540e+02 3.551068e+01
    endloop
  endfacet
  facet normal 8.985144e-16 -1.000000e+00 -3.721769e-16
    outer loop
      vertex   -6.720696e+01 2.973540e+02 4.581569e+01
      vertex   -8.211650e+00 2.973540e+02 3.551068e+01
      vertex   -7.961899e+00 2.973540e+02 3.611364e+01
    endloop
  endfacet
  facet normal 8.523567e-16 -1.000000e+00 -6.540363e-16
    outer loop
      vertex   -7.961899e+00 2.973540e+02 3.611364e+01
      vertex   -7.564603e+00 2.973540e+02 3.663140e+01
      vertex   -6.720696e+01 2.973540e+02 4.581569e+01
    endloop
  endfacet
  facet normal 7.937745e-16 -1.000000e+00 -1.034467e-15
    outer loop
      vertex   -6.720696e+01 2.973540e+02 4.581569e+01
      vertex   -7.564603e+00 2.973540e+02 3.663140e+01
      vertex   -7.046836e+00 2.973540e+02 3.702870e+01
    endloop
  endfacet
  facet normal 6.985470e-16 -1.000000e+00 -1.686442e-15
    outer loop
      vertex   -6.720696e+01 2.973540e+02 4.581569e+01
      vertex   -7.046836e+00 2.973540e+02 3.702870e+01
      vertex   -6.443883e+00 2.973540e+02 3.727845e+01
    endloop
  endfacet
  facet normal 4.525396e-16 -1.000000e+00 -3.437379e-15
    outer loop
      vertex   -6.443883e+00 2.973540e+02 3.727845e+01
      vertex   -5.796836e+00 2.973540e+02 3.736364e+01
      vertex   -6.720696e+01 2.973540e+02 4.581569e+01
    endloop
  endfacet
  facet normal 0.000000e+00 -1.000000e+00 -6.725398e-15
    outer loop
      vertex   -6.720696e+01 2.973540e+02 4.581569e+01
      vertex   -5.796836e+00 2.973540e+02 3.736364e+01
      vertex   5.164334e+01 2.973540e+02 4.581569e+01
    endloop
  endfacet
  facet normal -4.673090e-16 -1.000000e+00 -3.549565e-15
    outer loop
      vertex   5.164334e+01 2.973540e+02 4.581569e+01
      vertex   -5.796836e+00 2.973540e+02 3.736364e+01
      vertex   -5.149788e+00 2.973540e+02 3.727845e+01
    endloop
  endfacet
  facet normal -7.343747e-16 -1.000000e+00 -1.772937e-15
    outer loop
      vertex   5.164334e+01 2.973540e+02 4.581569e+01
      vertex   -5.149788e+00 2.973540e+02 3.727845e+01
      vertex   -4.546836e+00 2.973540e+02 3.702870e+01
    endloop
  endfacet
  facet normal -8.403618e-16 -1.000000e+00 -1.095181e-15
    outer loop
      vertex   -4.546836e+00 2.973540e+02 3.702870e+01
      vertex   -4.029069e+00 2.973540e+02 3.663140e+01
      vertex   5.164334e+01 2.973540e+02 4.581569e+01
    endloop
  endfacet
  facet normal -9.063080e-16 -1.000000e+00 -6.954346e-16
    outer loop
      vertex   5.164334e+01 2.973540e+02 4.581569e+01
      vertex   -4.029069e+00 2.973540e+02 3.663140e+01
      vertex   -3.631772e+00 2.973540e+02 3.611364e+01
    endloop
  endfacet
  facet normal -9.586734e-16 -1.000000e+00 -3.970955e-16
    outer loop
      vertex   5.164334e+01 2.973540e+02 4.581569e+01
      vertex   -3.631772e+00 2.973540e+02 3.611364e+01
      vertex   -3.382021e+00 2.973540e+02 3.551068e+01
    endloop
  endfacet
  facet normal 0.000000e+00 -1.000000e+00 -0.000000e+00
    outer loop
      vertex   -4.357671e+01 2.973540e+02 1.028977e+01
      vertex   -6.720696e+01 2.973540e+02 0.000000e+00
      vertex   -3.236024e+01 2.973540e+02 1.028977e+01
    endloop
  endfacet
  facet normal 0.000000e+00 -1.000000e+00 -0.000000e+00
    outer loop
      vertex   -3.236024e+01 2.973540e+02 1.028977e+01
      vertex   -6.720696e+01 2.973540e+02 0.000000e+00
      vertex   -1.187592e+01 2.973540e+02 1.131711e+01
    endloop
  endfacet
  facet normal 0.000000e+00 -1.000000e+00 0.000000e+00
    outer loop
      vertex   -3.236024e+01 2.973540e+02 1.028977e+01
      vertex   -1.187592e+01 2.973540e+02 1.131711e+01
      vertex   -3.236024e+01 2.973540e+02 2.024241e+01
    endloop
  endfacet
  facet normal 0.000000e+00 -1.000000e+00 0.000000e+00
    outer loop
      vertex   -3.236024e+01 2.973540e+02 2.024241e+01
      vertex   -1.187592e+01 2.973540e+02 1.131711e+01
      vertex   -1.187592e+01 2.973540e+02 2.024241e+01
    endloop
  endfacet
  facet normal -0.000000e+00 -1.000000e+00 0.000000e+00
    outer loop
      vertex   -4.357671e+01 2.973540e+02 1.028977e+01
      vertex   -4.357671e+01 2.973540e+02 2.024241e+01
      vertex   -6.720696e+01 2.973540e+02 0.000000e+00
    endloop
  endfacet
  facet normal 0.000000e+00 -1.000000e+00 0.000000e+00
    outer loop
      vertex   -6.720696e+01 2.973540e+02 0.000000e+00
      vertex   -4.357671e+01 2.973540e+02 2.024241e+01
      vertex   -6.720696e+01 2.973540e+02 4.581569e+01
    endloop
  endfacet
  facet normal -0.000000e+00 -1.000000e+00 -0.000000e+00
    outer loop
      vertex   2.421090e+01 2.973540e+02 1.032902e+01
      vertex   -3.519799e+00 2.973540e+02 1.131711e+01
      vertex   2.421090e+01 2.973540e+02 7.348089e+00
    endloop
  endfacet
  facet normal 0.000000e+00 -1.000000e+00 0.000000e+00
    outer loop
      vertex   2.421090e+01 2.973540e+02 7.348089e+00
      vertex   -3.519799e+00 2.973540e+02 1.131711e+01
      vertex   -1.187592e+01 2.973540e+02 1.131711e+01
    endloop
  endfacet
  facet normal -0.000000e+00 -1.000000e+00 0.000000e+00
    outer loop
      vertex   2.421090e+01 2.973540e+02 7.348089e+00
      vertex   -1.187592e+01 2.973540e+02 1.131711e+01
      vertex   -6.720696e+01 2.973540e+02 0.000000e+00
    endloop
  endfacet
  facet normal 0.000000e+00 -1.000000e+00 0.000000e+00
    outer loop
      vertex   -3.519799e+00 2.973540e+02 1.131711e+01
      vertex   2.421090e+01 2.973540e+02 1.032902e+01
      vertex   -3.519799e+00 2.973540e+02 2.024241e+01
    endloop
  endfacet
  facet normal 0.000000e+00 -1.000000e+00 0.000000e+00
    outer loop
      vertex   -3.519799e+00 2.973540e+02 2.024241e+01
      vertex   2.421090e+01 2.973540e+02 1.032902e+01
      vertex   3.268189e+01 2.973540e+02 1.032902e+01
    endloop
  endfacet
  facet normal 0.000000e+00 -1.000000e+00 0.000000e+00
    outer loop
      vertex   -6.720696e+01 2.973540e+02 0.000000e+00
      vertex   5.164334e+01 2.973540e+02 0.000000e+00
      vertex   2.421090e+01 2.973540e+02 7.348089e+00
    endloop
  endfacet
endsolid
